src_zone,dst_zone,weight
229,237,0.07255632904827855
236,237,0.1383003478658705
141,141,0.06098504314443133
244,244,0.05644419279496072
244,116,0.04209427418784061
239,68,0.0210467846286232
170,170,0.038508116836308066
234,148,0.017965865863126405
148,170,0.0328414674468854
237,262,0.02778362293473349
237,75,0.01557237308074089
263,236,0.09259827746101532
236,151,0.011415581393514392
229,141,0.056994685881283445
141,113,0.005429089678462522
158,170,0.030722506514775018
164,229,0.021535903714613586
79,107,0.043864932160035064
246,90,0.02656867630663198
263,107,0.011047090746719791
246,170,0.025392538599277002
137,233,0.03278486135021502
142,237,0.06035427410668556
142,239,0.07644999368965524
143,143,0.0480482070978015
113,90,0.029725638962332834
90,246,0.04943698174216732
140,263,0.057426648710594816
140,79,0.012419393360401243
142,68,0.025723502728806757
79,161,0.01770224470750037
162,229,0.028436728372152862
246,236,0.015127200243251461
237,140,0.034705795629883594
263,141,0.08433657346980834
238,236,0.07392488237004463
239,142,0.08419320911865451
239,113,0.004439129293245087
114,161,0.020580337172250128
224,68,0.032567911054242386
237,236,0.14281689512359336
237,238,0.023516488227756673
79,4,0.015014338772873082
164,233,0.02221991307569282
237,263,0.03888018555955068
114,79,0.055891462597126254
79,170,0.0463012011319885
249,142,0.011089627381174132
107,170,0.07424296344550402
137,79,0.05645271915445236
232,49,0.0027900472161836586
211,263,0.007608783583364044
246,48,0.060924777864117034
48,239,0.036533097929998794
142,48,0.04196679757015
107,162,0.04083202142482312
229,107,0.023260098960970817
234,142,0.01405883378153173
166,48,0.021349589633969334
238,237,0.04550586717206339
263,151,0.00947568180256921
151,140,0.017688020920051322
249,246,0.03156271835354757
237,249,0.007575760889964884
140,162,0.05212211466865227
140,140,0.044962097568905755
43,161,0.07589283096749984
142,161,0.04500911828123571
161,107,0.019890545875391515
148,107,0.036620043214480695
161,236,0.05545016787497294
237,113,0.008002736845881367
234,263,0.010220939963500758
239,143,0.04534741308791904
229,75,0.009661812169392872
151,239,0.10684553832894235
142,24,0.006451242403379941
24,41,0.03544819478051648
132,95,0.00857256110749616
151,233,0.0046276798918738924
90,243,0.002350593332196561
114,13,0.011722711178686075
132,89,0.004900545621229001
144,211,0.014198222536032786
211,158,0.030401427377239266
158,68,0.041813698236377594
68,50,0.02315454513627923
132,265,0.04651536364039498
229,233,0.03155402890734154
233,229,0.040076047654160854
229,164,0.01992519966077497
163,237,0.060835261494964626
142,162,0.027861674571848117
161,170,0.030813151667033363
162,90,0.013528074264309289
226,80,0.006318243160348423
256,232,0.015582373333651017
79,249,0.04008659938715443
229,140,0.05651147324942191
140,231,0.007804268112786074
113,237,0.020039249174781993
170,164,0.02546134771200369
170,263,0.016450650211931605
138,146,0.0032300455288145646
263,87,0.004741061001579996
234,113,0.028405743661245555
114,148,0.030377249334562977
261,42,0.0020128252134417814
138,138,0.021453927514405828
138,256,0.006279109658737404
87,79,0.05401819868800156
79,114,0.027207018630958903
249,48,0.02376561104887534
264,264,0.4569994017104044
138,186,0.011770332424307618
114,232,0.009997625547534307
148,148,0.03281532345500542
148,231,0.02772339656590977
231,90,0.021008258940540304
170,107,0.035985121536287884
234,162,0.022791860697921964
142,151,0.019099310135749205
163,142,0.04187257217768488
107,114,0.02172741657568757
107,261,0.004205144289830246
163,42,0.0030417630747482313
263,75,0.046963016074740675
236,234,0.010562185954422472
79,186,0.029005505030850087
142,262,0.01489909124357864
141,107,0.014921938929903504
79,45,0.008086387800519143
113,234,0.045504683077967366
138,36,0.002519202925938632
141,148,0.004956372107514598
79,142,0.009741297555040863
236,141,0.0487746799397348
263,140,0.049861106340592154
107,263,0.0157871350531901
229,143,0.008071847373141431
49,232,0.009316703518450938
68,265,0.003089010734442656
68,249,0.034187684031520275
79,141,0.016971515149225253
142,238,0.05811994462922885
249,170,0.03550499737210549
211,164,0.02801722200749643
113,148,0.026580778305114437
148,164,0.02107667110089274
239,238,0.08470617517031839
43,236,0.06183708290091643
239,263,0.023311878806458516
263,263,0.049447860136017034
249,79,0.057456005722775934
229,163,0.028269159197818222
170,114,0.014502897840316022
114,238,0.007896038337568429
90,236,0.012322616092912223
236,238,0.0406514005348142
238,143,0.04179285667291338
142,263,0.019668910567390143
236,42,0.0036191657529600152
163,140,0.018054238230159066
229,87,0.006633191582826428
238,113,0.0032036520997238854
48,261,0.004673543745291866
261,140,0.007239436408940236
144,148,0.030625523372917806
79,75,0.005695458821840275
263,229,0.03777714329875661
79,148,0.03688030619608791
148,90,0.020320033218248507
237,233,0.010729083318495628
162,237,0.05960492654226603
237,151,0.006778243300174159
249,148,0.026741559473931375
114,90,0.034673565260055016
237,237,0.10145053706663143
132,130,0.007506025001380117
161,162,0.024043148429380715
237,68,0.011545412348967098
114,231,0.03868783296448423
231,48,0.017921639744106207
43,162,0.027551552889717567
163,50,0.016043261301645028
142,50,0.01687232603314367
68,113,0.01881339380752789
249,4,0.009447302625883143
164,142,0.0158623306918705
107,79,0.04558907205343338
79,263,0.015065724098584258
142,170,0.016990519792112538
107,68,0.02889214604105218
163,162,0.033769762398129635
163,68,0.02703529290939956
68,170,0.0319076112420028
141,236,0.0947386892472868
239,151,0.038818478312007805
151,238,0.09798928532952018
238,24,0.018388899382615172
151,74,0.02638512090731908
234,249,0.037113563919044856
249,209,0.004893742987544392
68,263,0.008719546577618937
87,164,0.02134032197678772
164,125,0.005931093059609112
125,255,0.0028201561347897803
239,41,0.011216200014265919
239,75,0.01290231032017884
239,236,0.06586681397999432
261,48,0.028766938784672597
262,229,0.03257189985746471
141,262,0.03958203888102021
262,238,0.01968768679019725
138,162,0.028808023072584444
238,141,0.022397974451431615
233,170,0.03371505228276223
239,74,0.008354668977543318
50,237,0.01839847367422763
90,229,0.011319729953329164
162,209,0.0024327152888083963
209,232,0.025967613707686514
138,112,0.0088448298920217
162,170,0.03881643731227331
161,142,0.028778439022121575
237,142,0.03944627868143175
148,256,0.011121961722120124
186,265,0.0031210068981448727
246,234,0.03428536437041792
162,13,0.007405153175086224
261,68,0.036545123949626994
142,141,0.02871307029323404
263,137,0.01350939410592842
113,125,0.012278368066389678
148,261,0.011077363147736623
261,90,0.013745575899972315
186,137,0.02554436201986777
237,170,0.022655099234724346
234,211,0.01870334067447257
107,246,0.016793434224626886
140,24,0.0022107242706014816
236,113,0.005479281866012479
143,263,0.01621539428813548
262,75,0.03545852682881972
50,243,0.005534046660046638
236,262,0.03726838522398303
140,143,0.011787184422371767
166,151,0.052285382524476814
239,166,0.024448599435737343
166,238,0.08292428680758979
140,236,0.08338334139483355
231,234,0.034227788372038666
144,170,0.03499158339601017
246,246,0.046065745464373795
246,43,0.0065838372918003985
161,143,0.013204614281089067
164,163,0.028925373404053455
236,107,0.006576715862210408
162,236,0.04956294009075209
162,107,0.03067893353918323
68,158,0.02185175281061243
79,164,0.02302364858482546
79,144,0.023883597123933092
142,236,0.0560231739898941
237,234,0.016296394809267305
142,166,0.013874745332515103
166,107,0.004463225397830734
140,75,0.020179507198150336
229,263,0.0379773402561271
79,246,0.015597713353005853
229,161,0.04714373745447002
161,90,0.013780594475956405
90,114,0.020645055354515197
229,74,0.004269598482029005
75,164,0.009122871757024099
162,186,0.031361182449316884
68,231,0.023045048011137423
231,229,0.009915678238166012
263,162,0.029890044308580065
42,42,0.07359487948994141
41,90,0.003792385165460519
236,239,0.0457486018316203
24,262,0.010000136707268726
68,90,0.026276330520424194
90,68,0.05527746727041928
246,68,0.04437016453258556
158,166,0.00340772847098514
90,140,0.0077894191723031645
113,231,0.0365682426551492
249,41,0.00250196545521167
234,161,0.043374177722787254
79,211,0.01733347942886722
231,144,0.025593503938361108
114,158,0.02552864363666417
264,142,0.014288563283788698
90,113,0.02434209279854493
113,170,0.042867543614755935
237,229,0.030324479852728292
43,239,0.055333239520852756
239,141,0.024665623534518216
141,237,0.07854274065174144
263,163,0.014935898536786426
158,249,0.034612460712786355
163,161,0.052963529049290456
161,262,0.013120095448146577
68,164,0.02577577223406165
236,142,0.04034672209382124
79,90,0.023823899466121578
144,50,0.0077838663849193555
48,143,0.029518736654386746
234,79,0.03644882832248967
229,239,0.014491498020170466
144,107,0.030289541410203277
107,87,0.01105220088988614
263,243,0.002394681253005427
141,229,0.0533150214961153
161,261,0.004741104057440609
162,162,0.03420213371336391
161,140,0.019422785561857947
229,229,0.03568696119046021
229,234,0.020547518959384514
162,41,0.002511888326430434
141,140,0.043794417993349724
234,261,0.005859467837023828
43,170,0.017733490469238302
142,41,0.00837506285303708
158,113,0.024149107976959065
170,140,0.01870116201954961
238,166,0.044869169172780735
137,224,0.012692130947400187
79,232,0.015340031057895394
141,48,0.0118528559124613
140,50,0.004036102140880235
43,211,0.004580687528217035
239,239,0.06061725903116193
239,140,0.020779678045508284
114,186,0.03027098930709279
137,263,0.019334837687501286
142,142,0.04680940288112312
142,234,0.012796310752092931
107,107,0.03278062275945127
79,162,0.024914326304374932
107,229,0.02789187863288075
163,107,0.011965425997861401
137,4,0.012325187415551548
90,50,0.01405177368118578
79,233,0.022082088057823603
138,80,0.005207031091005297
148,249,0.033176725695699315
158,209,0.004897900521560218
231,107,0.021005509168427666
70,95,0.006844095831323448
48,151,0.010208812575198662
48,24,0.004225284874985132
68,88,0.0049154525769440766
88,249,0.02123022279625444
239,162,0.02025381196000079
114,141,0.012945357420688697
161,229,0.024826624595069825
170,236,0.027414866930019318
148,75,0.005990049904266853
48,113,0.008027393957243872
246,229,0.00968993884928545
168,76,0.005171193729247183
90,48,0.034013502333541744
48,263,0.010796242069499544
138,7,0.008898615528640125
138,140,0.011473057757051734
170,79,0.03190291514085522
236,229,0.020905969725414718
79,24,0.0020010050365175864
237,107,0.010352854504880694
234,87,0.011690848254474901
87,231,0.04177722071199518
137,186,0.03772316682556122
48,48,0.05422556807102233
163,229,0.02387119477553782
262,68,0.011668639937468389
107,233,0.029043945416563625
137,164,0.02383418267615004
170,141,0.026385484847611083
90,161,0.02934136652709624
237,48,0.01297333193924517
141,238,0.018813801204355447
148,79,0.06428961391475521
144,231,0.039543542068523264
233,263,0.022718348273380654
137,238,0.007868709661931837
239,48,0.03221290215855507
143,151,0.020961613372788342
151,236,0.053147312028050106
87,97,0.002216506871985198
195,151,0.0021585096898315424
238,263,0.024414184782493353
234,107,0.02393912375893216
246,79,0.018736908341498024
141,263,0.060927744044922495
140,142,0.025229150652379413
114,142,0.011027429517461409
142,186,0.01376122590299698
249,236,0.012345419899064364
138,189,0.0038129655364899204
162,141,0.041171216642172506
263,262,0.04047129387923336
262,224,0.002525978205894524
137,237,0.0188890184431992
114,233,0.014813434940658366
141,79,0.013617489117647586
231,249,0.04219662795445828
249,186,0.030871857567243054
90,142,0.01432207296817668
138,95,0.006603277144302502
138,79,0.01271230789805732
88,114,0.016585943386072544
161,164,0.03780630251123787
144,125,0.01136539999761231
164,164,0.02782662124675841
68,148,0.013416749782681725
79,256,0.004388155682423574
148,114,0.02199632446231805
114,151,0.003215349720116335
50,141,0.011729166434221831
161,137,0.010651161709122847
141,170,0.025482879208126443
137,68,0.021567363287814046
68,151,0.005287891778106683
164,262,0.008423164153210868
263,246,0.006673121178814316
246,151,0.005498496570830095
113,229,0.012753244762671133
236,186,0.00849944388789411
234,236,0.01905695408499109
90,125,0.010921859507524804
79,238,0.00713273660864407
48,142,0.043410715976221245
48,246,0.04451356225822138
163,233,0.013138181225042138
107,75,0.005944302698007708
43,229,0.016192913639748348
229,262,0.027842077326223437
238,142,0.07550283224493348
142,143,0.036890475786639565
143,142,0.06039213542271761
90,158,0.025846422007919517
158,231,0.0519480028290576
161,158,0.009157995660472196
87,170,0.03028502596324451
107,142,0.010907438571517611
141,233,0.025875019920390065
234,42,0.002436403600375075
233,140,0.03707500821776637
261,107,0.013887745710587162
148,162,0.019232750732416242
79,237,0.01292869908224297
237,141,0.04325756405842396
144,256,0.00622675200949618
50,244,0.011126669418813528
166,75,0.024889161586572717
144,140,0.007991936432894852
137,170,0.04871775526581115
41,41,0.06024867395365817
143,262,0.009803385567940298
262,164,0.010132649777001242
234,234,0.029722251429937733
234,239,0.01201637424542067
262,236,0.11387161478688676
43,237,0.06782935509782882
43,13,0.0034651985013456226
144,158,0.02178254633395925
158,107,0.02458027450935896
138,263,0.017569005518115584
263,24,0.003566797760527581
24,162,0.011900367742552872
137,262,0.013628351360434571
249,231,0.04479663769423901
211,107,0.02762622131538026
48,249,0.017992657940452773
263,239,0.03135626330974789
162,263,0.024367976485607828
261,261,0.022156042591082212
261,170,0.021714567916015056
50,113,0.008680419962734444
114,113,0.022482522849185536
231,211,0.02516866414695882
249,13,0.015679041819814762
13,75,0.0031183052373628564
209,4,0.014569647265575966
144,186,0.02826853315732654
170,163,0.025135520890401084
143,238,0.06761739118549549
107,244,0.0020658789183842113
236,140,0.035728723781877844
255,261,0.004873983076950952
261,163,0.01854941897443188
107,237,0.0262411860859285
113,233,0.012862726421756196
116,244,0.045320748052355815
249,107,0.033855676558219014
107,239,0.008669654400070772
140,229,0.04547789978183774
148,48,0.01865296926543072
90,186,0.03904056383926034
48,107,0.011826266513363212
107,148,0.021786728914463566
138,229,0.01668154251391158
114,107,0.03685648730586227
79,151,0.0036521364582664255
162,238,0.011193706733172019
90,170,0.03619610592195424
97,49,0.020948023164366912
239,249,0.005399043576314324
68,68,0.051208155524651376
87,48,0.016676704702684224
4,4,0.018317686259441295
164,162,0.029128678696316107
263,238,0.026693558082022395
162,7,0.002057880438816561
166,42,0.0238599477476051
238,186,0.0062608636596127604
79,79,0.04981731761043122
114,234,0.041161986196691244
234,209,0.0034396286122942237
107,125,0.006197636755152633
125,181,0.002607314162352816
148,236,0.010951256833962583
186,229,0.01613659137184611
142,229,0.019707640725696324
255,36,0.023319019405337826
237,239,0.03138185780913212
97,255,0.01911775219847001
151,142,0.05555419527340039
79,140,0.012949857745771102
141,246,0.007010186705534556
166,90,0.0046908399968331885
246,142,0.02599644413662624
162,87,0.0080935874787841
68,13,0.013518053245397956
161,43,0.013721565449774348
43,238,0.03977502594501416
140,262,0.05314067351325531
262,141,0.054807117568623845
229,79,0.02184096691335729
114,68,0.03369623537776752
68,166,0.004565359727851227
90,90,0.030205313780842853
229,170,0.04009566633923723
164,170,0.04298777457509194
158,142,0.013351033854137119
132,72,0.002458417761785518
158,90,0.03129550414335909
90,163,0.016719400289245498
163,137,0.006743531344960702
158,48,0.027808350258510812
48,164,0.02115393484711055
107,231,0.017198567657283254
249,238,0.007646692044869222
144,161,0.027204306026697773
170,50,0.009142614111473142
90,143,0.009677724938898468
234,186,0.038103825506545806
79,13,0.007671526862056849
234,170,0.05571391738841733
238,239,0.10143023593905527
249,261,0.00898206472928314
137,141,0.02635649078525916
170,162,0.03434012860067472
162,143,0.010594960636155358
262,162,0.04177059864821371
170,249,0.021978893342175832
249,239,0.011221677987163982
113,236,0.01624434116674604
113,164,0.027567481757618556
142,233,0.008670881131134307
229,238,0.010757582228513207
234,229,0.017162133549198356
263,237,0.06882427698014701
132,140,0.006144008166671041
138,265,0.017263735688659663
238,164,0.006180215246370291
88,164,0.023727262942632655
161,114,0.008987169236218064
237,162,0.05015217580559995
162,74,0.0025384855187565876
239,229,0.011120587998719102
114,43,0.0034921505324152116
163,232,0.002332672824701412
249,113,0.023304745688897517
249,90,0.03575947900351639
249,141,0.011756001962394435
233,41,0.0026350156803866347
263,234,0.010341888782029265
68,233,0.012215260919731158
113,87,0.013389606906103056
87,263,0.011193766650931367
170,145,0.0023420604942187367
158,211,0.027333688856614434
144,144,0.02144826986344124
144,137,0.013558662962337617
137,236,0.015490504050096365
234,68,0.03988413579331116
79,261,0.007106288279233906
261,143,0.005967390735017921
161,239,0.02195700898135577
151,163,0.021030234175293577
50,238,0.024730271012083412
163,236,0.057540521600444636
107,141,0.022828213371614923
229,148,0.007501998133042104
148,13,0.008901260294196803
113,239,0.010190005419342126
142,113,0.006453913448780367
90,249,0.052275124255571764
137,229,0.03320838963230201
229,142,0.022371768668053665
142,164,0.013500798976455402
161,238,0.013444307902555599
107,164,0.027159019396140075
170,234,0.04446382745595571
170,224,0.007512759147660102
224,114,0.02584164750229108
262,237,0.0828184629178353
237,163,0.031681528433930066
161,161,0.04343194758222475
113,162,0.017281679886577
170,87,0.009772642080678181
234,246,0.031567378838794055
246,161,0.035765566404270414
50,262,0.0054587345331205996
239,262,0.015206863425065222
113,209,0.003933128602630845
87,262,0.008955555917286584
263,48,0.01026460637493989
107,90,0.02254974696753102
161,68,0.026430246473015687
246,163,0.03022800601371668
143,239,0.08695592747749903
142,140,0.021298248261650266
140,137,0.013157973961019804
140,237,0.07252038622948583
234,50,0.00992134082139138
186,239,0.013978313204925156
140,239,0.025502104352608013
236,263,0.03787084000536392
141,161,0.03964739566639748
107,137,0.033164645020678896
236,43,0.019261790759862115
158,186,0.030968347081494256
74,152,0.011907405083453195
158,141,0.010083245398053699
161,186,0.031999098465781944
148,237,0.010622150112649848
113,68,0.036867948696894554
113,41,0.0021294182692044514
107,4,0.009450767742934293
4,79,0.04879937144069692
151,263,0.020873529671018482
162,140,0.03251166565226212
209,148,0.042579187413699315
138,24,0.002520656591793184
161,141,0.030482231368740016
238,229,0.009100536736413395
158,224,0.003980726099569212
236,74,0.016769639434264395
107,236,0.019515770045057272
231,68,0.03257517533234433
231,114,0.024632458584994767
79,255,0.0038002471029633463
236,75,0.03214209650319863
237,164,0.014691735171663146
161,237,0.06861095757601776
143,237,0.03959624676238835
229,249,0.00927377778320104
42,166,0.027003468049735694
48,158,0.012325500670365476
107,249,0.02765865045328701
231,255,0.0027057757588339866
232,233,0.01464255548940059
132,10,0.01601795147238092
263,164,0.009245981314831352
229,137,0.025818929488783
231,233,0.010025669122671459
79,49,0.002098486022057907
107,238,0.006443933755154644
231,33,0.006122367608784422
33,257,0.003591777857915615
249,249,0.033116717869070514
211,231,0.04256963857154414
50,107,0.010925837080344093
138,74,0.005191767599532501
79,113,0.020546573618924913
161,79,0.01692344293055861
114,170,0.039375243512562955
211,140,0.006793075242914798
132,37,0.005187428901363736
43,48,0.027774357531090043
48,162,0.022082008717583156
90,263,0.00808498007490069
113,79,0.049637615708428444
113,140,0.00887896255179851
148,61,0.0032633853393720827
138,92,0.006396129760028841
238,238,0.057864175338139694
234,43,0.005299880016305107
113,263,0.007760881108392317
151,113,0.0030067676757783808
50,246,0.05260412598882033
132,191,0.002706838772501559
114,262,0.007316199669150878
263,4,0.002679123445764924
170,148,0.012714454600501716
148,4,0.01759029288960315
114,114,0.021641625594760988
114,137,0.01868471075626967
50,68,0.052274984100773206
68,143,0.016539280045229015
170,75,0.006123670021048989
231,125,0.016102665491597383
90,162,0.0163644745899724
68,87,0.011295336092859522
246,143,0.02072599581066928
113,144,0.028269532896501512
144,239,0.008541104920174437
162,233,0.01768589581817912
211,234,0.03961241494611381
68,239,0.018318049669981625
143,141,0.018918244753189775
43,142,0.059664737647534785
238,116,0.007617030398084813
249,211,0.022772170728315937
211,144,0.022215131277358812
144,90,0.02385301386053508
170,90,0.018921743894351375
132,225,0.004854843395213845
239,234,0.00941247175272001
90,107,0.030915165179389047
137,100,0.01721548158766521
186,68,0.02268762173952745
231,41,0.002562787608976906
142,79,0.007390782622979939
7,166,0.003742084052964882
166,236,0.0381040033779326
239,116,0.005413461261198367
236,90,0.004011106465887847
232,229,0.011374807881364146
50,42,0.007503319312260814
263,249,0.005660936319296558
138,89,0.0025490030759569484
249,50,0.010174018212489538
211,236,0.011590698677788464
114,162,0.01640864720490213
229,48,0.01742616059498606
144,48,0.02043691299090461
4,33,0.0027757545865903527
238,114,0.0023027244307389306
114,211,0.015858981136877347
164,79,0.027600726477577685
246,239,0.021363686273184905
164,100,0.015566860333782111
234,114,0.023870705685613912
114,224,0.0064753024147263276
107,50,0.005866895069435648
162,161,0.0338947196532221
87,158,0.01806032588348282
158,144,0.026807968260091755
151,48,0.020202638512090733
151,170,0.008824422396991273
186,143,0.010347519673349528
141,162,0.046585063199116164
161,87,0.007663040853452393
48,161,0.04105857060441317
113,142,0.010920795493734913
151,166,0.05719469555253029
151,151,0.03993761201923548
90,231,0.02634281275458972
164,141,0.01707493381283263
142,246,0.017765122958236203
70,224,0.003103961745768755
60,60,0.02496798975672215
114,236,0.013432054583545962
239,158,0.004242593483509962
151,237,0.03158330313506949
234,164,0.028221374958409012
186,236,0.019003612046929397
79,137,0.0319299345970597
140,141,0.04862288837197167
263,142,0.02750287662293055
142,43,0.01765894890356925
170,113,0.019616648885556934
140,164,0.010639173271410307
107,42,0.002228736526548806
249,232,0.007651939088815838
161,151,0.004058245550016367
100,144,0.010280548240612105
142,211,0.0033575040683360255
211,246,0.02769138809739962
246,243,0.0026795668772593667
158,158,0.02435712691802919
144,114,0.019227719023571607
48,148,0.007302412102018541
141,50,0.004588404452856271
239,231,0.005682844320873924
68,107,0.02171990933340087
138,226,0.004552154623529617
138,262,0.015310008780141762
88,88,0.02007857065977828
88,209,0.012560542460445592
170,229,0.031801995328854415
142,144,0.003221948514264384
249,68,0.045107087794413823
186,107,0.03498902114314361
141,75,0.01877888456559225
236,143,0.014073383133632556
164,144,0.014703942315511743
142,114,0.0038877065803206725
229,236,0.05072878470802853
158,236,0.01302198571098983
79,163,0.009053640990376586
90,239,0.012164730995370809
239,161,0.03335417574095518
246,144,0.012564824825163013
144,249,0.040033018328924634
158,79,0.039918834791357
263,50,0.004181836916947173
234,158,0.019663354271664404
231,181,0.003365721065866666
186,161,0.05332985009370277
162,166,0.0025063214722226344
151,246,0.013084826106970412
234,137,0.01752654981339871
162,48,0.02155547803195622
113,107,0.03670372620826696
263,186,0.0106134505736072
186,234,0.04572114852570069
246,263,0.007596329267880671
246,50,0.025707160714889016
141,249,0.006280518485226681
239,246,0.01573576481265357
125,234,0.04520231389630035
141,42,0.0028237712476699857
48,163,0.03157797641057923
163,246,0.024606715439590646
158,233,0.010368798671704507
161,233,0.016357748096313907
113,158,0.024477361929942685
232,114,0.019149554838620346
186,186,0.016394205969522863
68,246,0.04024652495603355
50,239,0.0349308802035101
87,141,0.014443919934454338
164,143,0.008850557056500799
161,113,0.014513091028124647
132,68,0.01472788170634917
239,42,0.005672220763590944
158,162,0.014689919402115741
234,48,0.022742887761231005
113,261,0.007240843227738273
249,164,0.02429643699480805
114,163,0.014358222230384857
186,113,0.01785523148122951
163,263,0.017702336146536258
132,75,0.004058900666890502
148,137,0.021834846865412268
229,45,0.002121986784866659
45,113,0.015544621853808173
229,43,0.008880862461333837
236,170,0.014534837859796644
234,237,0.024670837048314683
137,107,0.033378143883017033
226,226,0.09254488201856623
68,234,0.03804913366917417
161,234,0.04007623688169331
234,233,0.016539168986879575
239,170,0.01161761871445851
158,239,0.013006857060730185
186,162,0.030972410444155385
234,144,0.0195942160081007
263,43,0.012283609260149757
162,145,0.0024017883209872877
186,170,0.04655688414539381
132,91,0.002073342570311291
246,249,0.029287307003614985
68,262,0.006617499726257187
262,48,0.008392627247229757
68,261,0.007393663021480058
13,233,0.015301451281013087
161,231,0.013569968177988613
141,244,0.0025623441061609067
79,234,0.031524897323806894
164,68,0.029990693135509755
87,114,0.02176897324456454
114,140,0.007851435363074772
113,161,0.026936593697140885
143,113,0.005761069385690953
113,137,0.01773602877178001
249,263,0.00996763448392262
162,234,0.03143911840822608
140,238,0.023143864663132986
163,231,0.010924067686024806
70,151,0.005529805722754696
158,114,0.025157054300507943
237,43,0.018230035921102193
237,143,0.014668986452700383
237,246,0.009123986205526801
48,41,0.008258805576210886
74,263,0.04659671206958133
246,141,0.01012491976080273
209,186,0.021699652705134107
142,243,0.004216245164573124
13,88,0.019193289600512465
164,224,0.005782002511949834
224,45,0.007668632095862224
87,186,0.022466209800378733
234,232,0.007062905737179533
143,229,0.011599021369945397
236,41,0.007114093695029699
164,236,0.02337016924036107
146,223,0.03052033060434944
144,229,0.012257372416392508
142,249,0.007149720775591453
234,13,0.008971409887635918
238,140,0.022497723804652564
113,114,0.02705565500139589
143,249,0.007842025053476118
246,233,0.008671112199736477
79,229,0.019690403412590162
229,41,0.002787014270635681
161,148,0.007618321894223562
141,13,0.0034898732794602424
231,186,0.02506142303456601
137,48,0.017337224535147702
90,141,0.01085112698382625
43,234,0.016039002538800255
236,158,0.003014738942834831
113,113,0.02713502920423256
246,232,0.0038314216696510015
137,113,0.01917365688379207
79,112,0.0031858901940929546
50,90,0.017143271558793666
239,233,0.0058163976124313834
231,170,0.02378002923007756
148,233,0.01732885297080331
234,125,0.01001208479231874
158,246,0.0423129436949459
41,116,0.030068503446646768
88,161,0.027402862985685072
50,249,0.017483570798977985
43,262,0.013491407363107069
125,90,0.029535624425136638
231,158,0.03069020654913224
239,24,0.012532003466314976
151,143,0.02957552667404484
141,143,0.011371185357215121
24,143,0.024750851002747817
143,68,0.029208553445365517
163,148,0.005314023524578775
48,265,0.004351509394421685
238,75,0.0264728416468406
249,114,0.023811085429746016
163,239,0.036885530632094675
36,80,0.023258670816100897
100,142,0.02176650700506632
144,236,0.011566648076801725
148,244,0.003409484117524933
42,151,0.014880859727661589
262,166,0.005267483562462642
114,125,0.010880502072070536
125,158,0.0331121297119792
158,50,0.012172890215167228
236,48,0.010977791012281794
238,43,0.01799308545972779
263,74,0.03194768839733462
249,33,0.003131610728805659
65,244,0.0020480357475330477
48,141,0.013681605122773574
237,74,0.005625933189637259
43,113,0.007588550186745469
68,236,0.015045798848566966
237,50,0.0045392443838006375
88,68,0.0276827036917447
263,233,0.0171330803050079
237,41,0.004237386382179353
90,116,0.002133343437979576
90,144,0.016109332272345477
229,113,0.008221936145159026
75,236,0.06738112078067181
68,161,0.0350480185862059
186,181,0.002092967423847976
186,233,0.020869201328227
233,79,0.03386963513117332
141,163,0.020776295362533195
138,223,0.006282016990446508
132,17,0.004638097194607318
125,262,0.00494097436014382
141,137,0.01656660214549316
114,144,0.02135564181712518
231,148,0.027680580971851956
239,244,0.00928119493772319
164,263,0.012526316740609554
68,137,0.010980997407078282
141,142,0.03030316595430755
186,166,0.003370155288386238
112,80,0.021366561397481467
138,129,0.0063249001331557924
138,244,0.00373301391448956
48,68,0.06470786710500019
114,263,0.010852953176059747
170,68,0.02985784723623886
263,79,0.012169832383045958
211,79,0.05218735674543608
48,236,0.018928823126273878
162,50,0.009667770140878523
138,49,0.005199035928805261
164,231,0.016702659233222797
231,140,0.008243816793683224
48,244,0.009751653258008582
138,161,0.0379297763098983
137,234,0.02879992318191483
161,48,0.02401765862262028
143,48,0.04436638487770541
148,65,0.0025544217948619365
234,141,0.014763179841586954
164,13,0.007226825455629749
114,249,0.04312058151783922
249,75,0.0034849116878778418
234,163,0.019903177623401
48,170,0.023134688844422616
263,113,0.004271999725218108
79,50,0.006815356655722096
43,151,0.01346355678293551
43,244,0.002286679214085944
79,80,0.002610072279505945
161,224,0.0035488966043999877
224,50,0.006103781577991804
186,148,0.01239634187271299
231,143,0.00765811533369172
50,50,0.03166735470338179
79,231,0.024416342044909264
125,148,0.027087941742111543
132,262,0.007821868107900693
158,164,0.024538670721144937
170,233,0.019805513105158445
75,74,0.06955164672960423
211,137,0.011253629115619354
163,143,0.02506131856049393
186,231,0.018355342449019825
186,249,0.022586027250302818
143,50,0.023257840316551287
50,142,0.0388164280852868
148,141,0.01421156640958408
142,13,0.00360858233597611
211,90,0.026637483933017538
249,224,0.005766501297331616
48,87,0.006100042641231887
114,255,0.0037440261530852794
162,163,0.025880305212060032
246,13,0.0177170259130376
48,229,0.014812771008493453
113,246,0.024685377082204304
186,125,0.008224315794375173
125,79,0.039907869831930856
231,113,0.02606371496962189
249,234,0.04283074522890667
161,163,0.03233583222877504
229,151,0.0037326955577384187
236,236,0.10605866391108516
170,137,0.020111876820160895
229,232,0.003681445733147044
90,244,0.003165280435510253
234,231,0.025814499158097602
158,262,0.004843059164369003
132,198,0.0036670380161070936
141,234,0.013021220363383726
148,113,0.02011703281070981
234,262,0.0076498607872255535
113,255,0.002704196979401026
255,161,0.005807106231088402
41,239,0.031326905319217474
158,42,0.0020215658909451244
4,45,0.009973217409257485
164,186,0.021603672145367802
107,262,0.010860189759272328
262,262,0.03212647707940595
262,87,0.005245930847395283
162,239,0.017577032891448817
68,100,0.016236114535482654
164,148,0.013575372048684841
68,114,0.013632764519356038
107,158,0.011075322649070003
107,113,0.020850800314455926
48,127,0.0025163990733825664
48,140,0.010722611099828222
262,170,0.0200224722975769
238,151,0.04495830689268031
138,68,0.018607649771192995
68,163,0.026134803623982402
90,148,0.015388113146776301
249,229,0.01172626871336361
88,236,0.012216123129910666
142,163,0.0417244002000613
163,262,0.012599755934005521
113,141,0.011298507217578375
255,164,0.009050388650323423
143,87,0.003167563060815844
125,261,0.01091575258641004
261,246,0.03570332901835487
164,114,0.015392469571974592
170,237,0.04002623915112021
263,68,0.010950487737858075
138,61,0.005014420365277156
107,186,0.03797397093092224
148,36,0.0034648478650354864
79,145,0.0021967226741528034
90,79,0.03408802409958129
70,237,0.01695993512440315
140,107,0.01229997611655123
158,33,0.002643731632873044
140,163,0.017180027014388272
43,158,0.005666860154907858
144,141,0.01214480993142216
48,50,0.02579430419947358
70,13,0.005564760246918759
137,158,0.00754120398630992
48,211,0.0056857672953888405
209,87,0.016552993849115027
186,79,0.027932437245749207
68,125,0.009656603607744054
114,143,0.007774036083806365
233,164,0.027545952861115306
137,162,0.04838682021138691
211,151,0.002521280325024943
41,74,0.0581613589022269
74,141,0.02432161095075827
144,79,0.05479916976639873
48,232,0.0032818375053503823
114,229,0.01346485088832071
68,79,0.02578992492370583
246,88,0.005843736274874151
231,88,0.012360225646299563
87,249,0.028201455243924277
17,238,0.002326417128482533
211,148,0.035929368196812674
132,49,0.00580418270392469
164,137,0.01818091460274146
132,151,0.004817286120369709
143,234,0.014636738264298454
262,239,0.02402121936640765
239,237,0.04830910909330974
163,141,0.027645457895595332
90,238,0.008881984047289744
48,75,0.008016875247290825
239,137,0.003932233845742913
148,41,0.004505993894608955
114,4,0.011726646735259045
232,4,0.014074853574445106
140,74,0.013753053167768182
234,90,0.019744735769400844
237,90,0.0062090878507404055
90,237,0.01516328476787733
263,143,0.011924031393831146
70,42,0.004914606097467195
41,24,0.01633345502179655
158,181,0.0020026550781205676
87,144,0.025480333588353707
107,140,0.01846322735525276
263,166,0.007194777426667583
163,238,0.02228385962580575
238,107,0.004408072481700239
137,249,0.021128402801116605
41,152,0.01670711018532437
166,142,0.04419681735412873
37,80,0.020312985801637474
79,100,0.009275806957421967
237,137,0.004803479504060427
90,262,0.005523452252388802
132,33,0.0055557616932086495
107,161,0.03384623426966405
114,164,0.027159275910064663
170,161,0.042537700758340305
162,158,0.008206780181009357
229,162,0.047004630787722004
144,25,0.002353579231198228
132,215,0.004453025804110305
142,107,0.008413125249993155
138,25,0.006726111909012147
90,87,0.009634780192367203
79,158,0.01479595113860058
137,140,0.021730258780924425
163,151,0.007798482441143244
262,233,0.019653202446089476
113,50,0.006827549964692165
68,142,0.021286390103247597
237,231,0.006511820803091026
164,234,0.04284681623912317
79,33,0.003076318543679416
48,262,0.006901891992267939
234,224,0.007318573274316144
132,233,0.009420088526569283
246,107,0.014847418831717288
132,132,0.05215845731004843
211,113,0.027770037661905746
211,237,0.017586042623569702
186,164,0.023166567188729302
233,137,0.02953953856131342
143,236,0.04241869238076363
164,113,0.020894362570140327
79,68,0.028625404753898295
88,229,0.01538585728123991
211,229,0.010671622338274024
50,48,0.04916487219253127
261,87,0.02005716722911039
68,144,0.013640958181781616
70,236,0.01887544304859378
211,88,0.007907651928487322
88,237,0.012592831772683243
144,209,0.007483699758331756
249,237,0.014051583689039188
141,239,0.02379345107104551
233,262,0.017149812101882534
262,43,0.011828130028966849
164,48,0.02661401812579628
43,140,0.017238043306186345
140,224,0.0051941483543501
79,87,0.020036498694586027
249,87,0.01978310469339336
143,158,0.006837425765579832
138,225,0.0032314991946691164
151,50,0.010925242157429262
132,161,0.017475897731993095
163,75,0.007392964374822539
163,43,0.015071377220909931
114,87,0.021127379535892932
87,113,0.014867145236816261
107,224,0.009031560195992095
161,263,0.018072720182739557
114,261,0.00974837363124622
125,50,0.009885749469795443
186,112,0.00245278123985189
238,90,0.004365625948414728
231,13,0.02403025849232745
231,87,0.029898272180693027
87,163,0.011180201737394126
236,246,0.00787431077595387
239,50,0.013064698981504386
148,112,0.007055802043845013
112,249,0.011337359108867717
132,28,0.0054901495865532285
166,74,0.037553110073100575
88,158,0.017091809277795716
148,158,0.01511737883413175
90,232,0.005856905578396267
158,148,0.024205840415432736
158,87,0.020574964353117824
249,262,0.00626059793563801
68,48,0.04624801024356779
249,112,0.002317444409755654
246,186,0.033083887969188146
158,229,0.009264407202750388
161,211,0.009369069148032276
75,151,0.023148005781235586
148,87,0.02560111957800521
48,90,0.01819251342956065
132,188,0.004220442198449021
144,37,0.00217450255056358
209,246,0.01887108247206996
66,211,0.011743113790324987
211,249,0.04521451106936442
249,158,0.020006104061124564
132,144,0.0054055325938321
256,79,0.031057528502162233
141,166,0.004097780913311835
249,181,0.0024766047428030234
162,261,0.004100297393722568
106,25,0.019489204509266927
238,170,0.009324442199494461
114,239,0.011262251059648608
231,262,0.00589413652343562
148,142,0.008681343186029882
174,126,0.010721465266919812
164,161,0.05910039667121468
132,238,0.010759480496914421
142,74,0.004410563717454147
114,256,0.004285821107964123
261,232,0.013307842535710811
79,236,0.012174543860775993
90,164,0.027622313585065332
48,88,0.003769743820864751
75,75,0.06099511055075494
43,163,0.045713062801592465
264,50,0.0053259505179310915
43,263,0.02141856197193834
113,151,0.003107910597277191
186,237,0.022358044378649918
68,75,0.004612287067197715
233,161,0.04410941622764546
24,79,0.008400661663180632
100,13,0.008301020866596167
12,209,0.013270454046940118
209,255,0.004761705510690824
138,243,0.0038231411974717845
232,50,0.0069508868611622655
137,239,0.008789497870355763
48,125,0.004287588003168559
68,209,0.002939290175575288
263,224,0.0031106168853472557
234,143,0.00908447975617239
255,68,0.01144208294830679
90,234,0.036340097130912005
138,238,0.016233086597782286
142,116,0.003835621195012357
246,231,0.030166770836852597
162,144,0.008053382420616659
170,13,0.006807041319454457
163,170,0.027472527472527472
170,211,0.009389146795075113
50,79,0.014646814018097224
148,145,0.002411398780459673
132,196,0.003644865649030434
48,116,0.006861435415525454
148,232,0.01468830979092496
43,107,0.0068014048418966536
239,186,0.01060306899393395
148,255,0.009828603064998578
68,237,0.017193283282470554
4,162,0.022315002265336906
50,162,0.019728987916587636
79,125,0.008495203406544829
211,233,0.011815411719234538
234,41,0.002772732445002672
143,24,0.0065999439611281584
24,244,0.02023951113480704
229,7,0.003351982575059639
164,41,0.0034164324890892826
24,263,0.017156762225047507
107,234,0.031590354808421144
233,141,0.038443155266921936
138,188,0.0024516074637019637
239,79,0.005895315466533518
143,137,0.00577644590540365
142,75,0.010397044221159888
161,249,0.016265627040302516
249,151,0.0032645358421199457
43,233,0.008664462073373087
234,140,0.009837078562673116
186,238,0.007978795778748972
79,97,0.0021317353504592563
148,33,0.0038985305538681574
211,66,0.0031280055369293414
4,87,0.023697144528494498
50,265,0.0034057817398774923
114,75,0.0034160631053377953
263,88,0.0027671395205055987
88,170,0.02791411042944785
148,68,0.02633930287814593
75,238,0.047297989893088144
209,164,0.02131469935980585
164,50,0.011996819401649936
75,41,0.02774531812171346
142,90,0.007390782622979939
163,7,0.002214868693703218
132,112,0.008061239172871158
209,261,0.011791288338424202
260,260,0.07813136456211812
260,129,0.05465885947046843
236,166,0.00842056273812247
262,74,0.020992344475608073
148,246,0.015223492683526978
143,90,0.008156389456491284
138,181,0.008913879020112921
132,92,0.003754369992551895
137,87,0.012066269315976104
48,186,0.026820282985663
239,163,0.03541818115593409
148,151,0.003969273120131643
211,75,0.0024516192821766604
229,88,0.003841296376515378
48,114,0.006865481073199703
164,246,0.0272067660001265
87,233,0.01679064997639705
164,211,0.01296455259282016
140,43,0.010626127690149381
132,263,0.009346783966030123
75,249,0.0037132138134628985
90,211,0.01623690343115894
211,43,0.004085283093489614
238,127,0.002395045640634915
188,188,0.04357839759167241
158,238,0.008515539014897938
158,137,0.01123491389906921
186,262,0.009581327900447077
261,224,0.004227681210388872
41,265,0.0022934696244121372
163,88,0.0035363893940034675
79,239,0.009228955631038248
162,231,0.0138101282108378
161,74,0.002559266036665969
87,161,0.023955637306767807
43,125,0.0021870034534719413
234,238,0.009024703965799605
231,231,0.053109098583454896
141,224,0.0033018606091968637
224,234,0.036207701485311154
125,263,0.008183013690299727
163,90,0.010751137262956944
148,181,0.003614022406938923
50,186,0.03233679583161324
71,39,0.0468647093486776
138,116,0.003307816652033097
186,140,0.015631642571235577
238,48,0.021452477922496875
138,163,0.027451752830287418
50,231,0.015436196681803474
170,45,0.0026477033534211816
45,141,0.010167768174885612
144,234,0.032419701163657326
162,224,0.005808084556804181
224,141,0.01602891082945723
186,4,0.005222440529428235
233,238,0.0067909844439903696
170,143,0.008036821314264295
79,88,0.006794197992193964
88,238,0.005580669465073727
70,87,0.010472375439553141
132,256,0.006244462564446926
238,42,0.009877308295538232
48,45,0.0022485765353473155
45,148,0.03382937106322111
151,43,0.015364386942597182
113,249,0.037801279840594705
163,163,0.026932591872119084
162,100,0.017123643543191368
236,163,0.029690371766858875
48,144,0.006471434015727899
142,125,0.002038007640525368
261,186,0.027981263515485286
166,243,0.0123769561660465
261,209,0.007557447827420815
261,229,0.008657393204283053
236,264,0.002151483360021456
48,166,0.007347723467970124
138,143,0.008639136173602591
148,50,0.00789702342963037
137,163,0.010871130803366278
132,40,0.0028846702064021126
231,112,0.002063703970533442
75,140,0.024326803817255552
79,224,0.008075808468755077
24,239,0.08779340797550206
161,209,0.002240867046956696
107,144,0.015168879318491174
148,161,0.014769817530315496
211,211,0.02055674903148679
141,90,0.005640380107901367
211,114,0.019318580173118927
132,143,0.006757594488221043
137,33,0.00309329967969602
43,164,0.024184564328976917
132,63,0.0023466509318276637
249,140,0.007860946339356065
50,75,0.010646903276914322
137,137,0.022976837975569105
186,209,0.002772682935088983
163,48,0.02840967443771182
209,141,0.015850035566341687
132,42,0.0034258569619875128
132,87,0.009083430544833885
114,45,0.00601221859130688
68,4,0.004493106522825681
4,50,0.007455539178858385
148,263,0.01373943667386908
186,50,0.018082609623779885
68,42,0.003621598792105183
166,239,0.07030652099332331
144,163,0.016024804678506192
137,231,0.013101941714277875
246,113,0.0153531369303017
138,233,0.015642171427906897
229,90,0.008331757197854828
186,211,0.009938118070938352
74,74,0.061786255562741935
137,43,0.003365935294480758
125,249,0.05064118644196636
125,142,0.010805530850683755
186,141,0.017189424739346638
79,48,0.01721408411324419
41,166,0.04702901196126012
90,233,0.011062061474141578
236,162,0.040178113636184364
229,114,0.0072579513492736555
132,7,0.004819548606806102
148,144,0.01895439411298818
113,163,0.01356340903990059
164,90,0.0176261170496336
125,170,0.027156355233251998
140,41,0.006130419686384226
41,168,0.004071552816372109
264,125,0.002897598629799514
114,88,0.005844301510860168
87,90,0.013866054617767866
79,116,0.00215440534709654
170,246,0.018899397364551197
114,246,0.02217161387992092
4,148,0.04054092804257686
186,246,0.029342060783741013
68,229,0.011474851787819897
246,237,0.017631507821210177
164,140,0.01133178520118188
244,263,0.012686672800622833
264,143,0.007120819304810952
164,107,0.025132148439970723
138,65,0.005502125259479355
148,211,0.0168597989988389
107,74,0.0036793755918667704
142,42,0.0044118992401543594
211,239,0.008341348098478243
66,170,0.01693574860485243
233,114,0.012080560762608718
209,234,0.02147370182852839
164,237,0.029800941529397947
132,236,0.011817419154572168
148,229,0.014351513660235756
33,25,0.014684457266498377
90,13,0.01117068642125007
100,141,0.015059337438917342
161,50,0.011401098655390334
138,41,0.007498008477779264
164,232,0.005604901012912145
211,141,0.010950266509667156
137,88,0.006335777337293123
132,38,0.0031439511520128436
265,265,0.8052518258960611
233,113,0.012245804497117119
140,209,0.0033306372465394087
138,260,0.0032656603422510887
25,141,0.005945456895437508
233,163,0.02233633318822683
4,263,0.013425705552082676
132,203,0.0034991615225266723
132,61,0.009217822239155677
161,88,0.004414208465477858
239,243,0.004570406108241908
127,74,0.04398787165678599
236,68,0.010854539215763608
4,231,0.027889451559067944
70,255,0.008584831134693764
100,164,0.02434873964100331
142,152,0.0021234810933390136
132,170,0.015974964230089442
143,163,0.04342841717523082
132,90,0.00973231165479163
137,90,0.015802577521107825
107,143,0.005432608114330062
132,179,0.0021158773153154946
164,209,0.003510404713068464
186,144,0.012568084937830825
151,152,0.009742612851728156
148,262,0.008730555406039262
161,144,0.010088597202024159
100,232,0.005075994774711262
181,181,0.059365893275156456
181,255,0.01598802490564836
170,166,0.0023853118422190824
263,161,0.029480018204300337
246,164,0.03205872664617048
263,7,0.002255143573538504
249,137,0.017139469051623044
219,10,0.022574877067501116
170,142,0.01756509327874052
186,263,0.012099419883371945
234,4,0.007271040718116097
68,186,0.023856965469671903
132,145,0.00625396500747978
144,164,0.028729016050387062
48,79,0.014197831042007681
80,198,0.018636741003692996
74,41,0.04640847177843635
229,4,0.0033300183645204786
68,238,0.011900177355547594
141,158,0.002956275415284177
97,186,0.008121827411167513
142,148,0.003446984089250311
142,244,0.006097328887823439
132,181,0.009849960949484107
132,142,0.010662193580149488
236,164,0.009811336010033683
158,151,0.0032772438624956977
170,158,0.0103623021250829
158,13,0.024723996686825594
164,238,0.008327384771078241
246,137,0.007262703131862563
141,232,0.0025327992579766614
246,265,0.0029107824588668536
138,141,0.018441931863774064
231,164,0.019420265545492917
232,113,0.018616468894088977
262,249,0.005633879718607752
113,186,0.03278154577154462
158,234,0.038075030540962715
132,80,0.004836291006435417
144,232,0.014230626887766676
138,142,0.016442414480837778
148,234,0.024376965605271857
148,186,0.024000184545825035
264,246,0.00917377379960818
132,218,0.004244424554674795
209,68,0.023130674923636973
138,145,0.007613574913216148
132,93,0.016379044307629376
68,24,0.002119179054615229
24,151,0.04395138689524122
232,107,0.028648177122997467
158,45,0.004618020491756776
151,229,0.007472846047618581
162,68,0.024607351216543207
209,140,0.01630193731955312
163,145,0.0021604975563194366
219,101,0.003948740873193265
148,239,0.008985843797337927
107,151,0.0027012246490016427
48,234,0.019720153767356884
143,244,0.010956624546392669
26,21,0.022717622080679404
141,151,0.005967164034787716
249,233,0.012404011889801583
170,231,0.015171852022721375
249,143,0.007823342524405313
211,232,0.011970463717832329
132,107,0.009620997322121055
161,246,0.02090208873314766
132,234,0.00873410263905468
163,164,0.026914468159657826
229,231,0.007378754507239038
132,113,0.00705126522766496
132,205,0.004409586064531543
48,7,0.002450050287524891
246,209,0.0028738301969661135
209,113,0.013624001004226118
132,129,0.003953016301667271
140,4,0.0037581309093974347
186,75,0.005781814949266252
256,141,0.008410669398744356
151,41,0.03140211355200141
132,219,0.0074485578458957135
218,265,0.002331778814123917
163,144,0.007534933455769079
145,141,0.008652525288566179
233,162,0.035712191611659456
132,164,0.022544772344089796
132,239,0.012937349940587105
246,158,0.023910225007601607
90,261,0.005063690848348206
48,238,0.02400855090206029
159,136,0.006832467887400929
114,209,0.006149963071360824
219,41,0.003576218149307108
262,50,0.0030791645592900822
237,161,0.06268759490481192
255,189,0.007981373774709645
162,79,0.020241081899559105
132,231,0.009720999222609661
132,237,0.010056752209770502
231,237,0.013974341876416992
170,144,0.011235979354689889
246,87,0.011208148923950133
113,262,0.006523738360731119
162,148,0.008021218374082706
148,224,0.007577143999569393
170,43,0.007945993483463568
186,48,0.031925463509738856
132,249,0.005728163159661858
79,143,0.005523166847396918
233,224,0.009342489849948028
229,246,0.00896383836781511
100,48,0.03320546581790283
164,158,0.012217292696370324
246,262,0.0051880975708638805
100,265,0.00423967210621989
211,170,0.02988908164274222
148,43,0.0031664987812286137
132,39,0.005502819510597034
132,74,0.002481947620724014
107,13,0.006567584902094429
79,262,0.00955615924916971
164,87,0.010674883212404333
97,80,0.012997783656252234
163,41,0.0045384796621739994
164,145,0.0032311987783610885
132,25,0.0060987584379431645
263,90,0.004446958507934327
132,229,0.009452668331253354
50,144,0.0074001138049918
234,33,0.002403274849084134
48,233,0.011124749472648522
138,166,0.005459968949697347
143,144,0.0032307776418569367
65,65,0.024447531615656732
97,68,0.01112461571459212
132,232,0.0036272182548265624
231,261,0.016458760980183767
132,66,0.0023769682500753408
255,263,0.012565454512511098
107,232,0.009578440065384313
114,237,0.014665195643076502
202,148,0.005733123118818977
132,65,0.004310036661330215
70,244,0.0035723523695671932
90,137,0.01585040071237756
232,232,0.029292034172886002
163,243,0.002094799098647367
137,114,0.017606430771130117
132,48,0.021224837757097645
162,88,0.005680046910024791
134,197,0.06661701983616546
249,161,0.022994295588722704
125,107,0.024670665055148876
132,62,0.00284168296411063
132,216,0.014368598860249833
88,125,0.007760198041115058
49,162,0.009273769400854389
233,239,0.010742619557395545
141,231,0.005750501814769917
132,76,0.005476574667934866
148,209,0.008118478419672585
209,263,0.012728566048788652
25,49,0.01654388005686959
4,256,0.005000946279972701
68,140,0.008746362200102645
231,66,0.003940423437407625
148,45,0.008016978215903237
256,211,0.00998320248746143
186,114,0.01153218398520107
233,88,0.006719911870008262
164,75,0.005908503582691039
162,142,0.022835235960393687
24,166,0.044361508701417654
229,50,0.006137776611776478
249,43,0.003058152113553027
43,43,0.04228597562048161
125,137,0.010357042408763008
138,13,0.005988376487827002
50,143,0.026560076762582704
132,211,0.004311394153192052
163,100,0.01984017906227912
48,231,0.011509896083236978
87,255,0.004495412346241705
148,163,0.009524102453690533
186,163,0.03179060891987521
186,90,0.0204767321406866
68,141,0.011172431156475862
132,141,0.01041241507757161
24,75,0.029433074956595442
75,263,0.048279467388296075
164,265,0.0021568432561375607
132,43,0.0027290111395782183
148,225,0.0036078708794377505
261,158,0.02297538965752041
161,41,0.003160736038293739
74,143,0.006795957177747102
70,74,0.005145305956950008
70,80,0.004572051760659382
145,186,0.008929049292633757
148,125,0.009056586363601411
186,45,0.0032540473007009415
138,144,0.005381470993551538
141,164,0.011441018634741519
97,265,0.0025023235861871738
132,260,0.0024249329625268897
233,43,0.007414646280683362
162,151,0.0038856642370440745
170,48,0.021483665407571868
148,49,0.003400256826273174
49,255,0.02030783762316725
13,148,0.018332129723915166
4,164,0.01922955605131705
138,255,0.00971993673646201
90,4,0.006301510013072886
236,114,0.003272581701150876
238,244,0.013935196877633012
142,158,0.005519047558631116
137,161,0.025466566986056146
163,158,0.00850455207244652
246,166,0.0049273201797358016
262,263,0.048525219550324156
211,87,0.025749867419305548
234,230,0.03261957678740416
141,68,0.011124082990583251
75,239,0.02922394087559068
232,246,0.016124119023552708
68,181,0.002516944121456893
125,237,0.01434402864244829
140,233,0.02414034637021754
231,230,0.025695245506528647
64,145,0.008494572911750826
209,209,0.018251809699150592
209,162,0.02246119084480522
195,228,0.015719581436816666
100,162,0.03217284923383167
113,75,0.0036895319111665817
142,87,0.0025174602899019124
87,4,0.012984335237847195
48,237,0.021419329990541254
256,75,0.005789780917549231
13,236,0.010436653381638863
141,100,0.006649381438314833
238,41,0.01824882582277299
162,164,0.027029551336292427
162,113,0.01229161409082137
87,50,0.007740139664349779
79,181,0.0028322382465513266
129,192,0.006226179524247601
68,211,0.012362001964989225
232,48,0.016629512191744782
233,107,0.03028580058812555
87,137,0.018022344125578543
148,100,0.008890495121069751
255,141,0.010128462974035623
170,238,0.008602693117268821
125,141,0.008920359094813497
148,88,0.008658274957900483
88,79,0.04240124852007319
50,137,0.007810146496033561
233,233,0.028121640710370377
232,79,0.046323091621550516
160,160,0.05973622963537626
230,50,0.019430863037780556
43,141,0.027050242446629492
263,41,0.009092489867417737
41,262,0.010097279189125346
143,74,0.004838478202929056
164,249,0.022346414146434027
4,163,0.007352308636381884
113,224,0.007472123232555466
233,142,0.01441529481792095
161,42,0.0022448917532872908
41,42,0.06555715420791548
42,243,0.015852162705701424
100,68,0.029824234004464996
40,163,0.009971369335571132
231,141,0.01036114132041307
170,125,0.005300452697442404
52,49,0.01355536376097883
144,255,0.005578664974818408
142,100,0.009542309693023429
100,233,0.020424243680925623
237,144,0.004200200976182528
211,142,0.010215454864138496
255,231,0.012076244315196319
170,239,0.012380698365099045
233,237,0.036865344124519146
142,137,0.005564455330438365
186,224,0.006798364570615124
249,144,0.02730649120551709
161,100,0.01809999874786914
237,79,0.00674237032027134
231,232,0.011498172088988125
48,42,0.007702123080234292
87,68,0.026674045979630925
87,234,0.025013700562672613
231,224,0.003774062224593137
7,7,0.07766449384366816
246,33,0.002033430183452144
234,75,0.004131011247931253
233,166,0.003484332939472819
162,75,0.006689503139705773
161,166,0.0031361406107178825
13,113,0.017353126916836128
143,41,0.007478114086942259
232,68,0.02258345910469254
224,164,0.026023204744695935
75,50,0.008197771559191037
4,113,0.022102806150246318
48,243,0.007106602270584913
170,74,0.002640494795421124
45,137,0.011580915616140901
137,148,0.019763510037791754
138,170,0.02400583792207188
100,244,0.004069642869485282
50,148,0.008130920369977796
88,186,0.021203315036056398
144,100,0.014169229168691939
50,163,0.03217780356365827
132,97,0.0041208927952476925
261,249,0.02484230374954169
229,226,0.0021817782468899287
233,125,0.0036549071170298773
236,24,0.003698539909917727
164,138,0.013321466328125706
148,17,0.0034248629362778646
141,74,0.01062629706360021
116,151,0.02226299574167468
161,4,0.0026554117990079547
239,152,0.0033365558123758373
151,243,0.007994378225909132
170,262,0.011631008333093048
80,80,0.037960550800148866
238,262,0.014298114737224124
162,137,0.02346800172201357
114,50,0.008062643565824151
24,137,0.006247522180754351
255,50,0.005689333405808918
237,158,0.004560243201304727
163,13,0.005909840571742716
236,79,0.005187421611857415
141,43,0.012992570813629306
224,87,0.019158611865198072
224,239,0.00625940207148168
75,243,0.007149666348903718
88,141,0.015009148638467334
164,74,0.003369446377099692
238,249,0.003726805622467799
88,162,0.026487999138951675
41,234,0.0074902828183048085
50,138,0.006652571211800015
50,233,0.007810146496033561
125,256,0.002789750138727357
231,256,0.0028515136808037033
231,246,0.034447770141049563
113,256,0.002726093311218038
41,243,0.014658449116327013
263,42,0.006485281994916535
75,141,0.028565351538075177
50,13,0.012992736563758689
140,249,0.006130419686384226
224,107,0.031115453115003546
143,162,0.021923500105927137
87,33,0.005363566812625137
88,246,0.02377031535894952
233,234,0.02794573608976466
152,166,0.057629955025624936
41,151,0.029119333433547362
238,243,0.006751121119060404
166,141,0.012343968543002666
90,41,0.0031337034160019706
70,262,0.01258362869906252
170,186,0.0363376200224907
186,151,0.003567901704912759
33,40,0.010357014064190408
4,142,0.009594705420176984
50,229,0.011037410601716001
173,82,0.05561105561105561
129,260,0.028995268760678143
232,170,0.030462053973221086
42,41,0.06587426607475297
43,75,0.011336651949833776
246,230,0.054242753133551806
143,211,0.00364765217629009
107,209,0.0036582644204380265
170,261,0.004629335947637035
137,166,0.0028103759285043107
262,151,0.005718653731206032
87,238,0.00462563551619922
161,13,0.006803095267481983
234,151,0.0033431231194032216
74,42,0.047093859505169366
166,244,0.027755786029081887
116,143,0.014315430051610118
112,256,0.024445354721917573
164,45,0.003487815236150392
88,90,0.012253793994187924
234,45,0.0030903363432484327
231,239,0.009714944873943572
170,100,0.01979758369135838
49,237,0.005130627052787498
188,17,0.017790431975626565
256,80,0.018751265770005122
255,181,0.015509775144498196
237,100,0.007022792029023866
141,145,0.0027512520748541112
163,249,0.012529526548218137
50,170,0.019689937184107466
41,238,0.04070693838984689
144,162,0.018212951166641938
161,75,0.007211379365241205
125,87,0.019220390260959463
261,234,0.023555292832396758
231,209,0.008257565654246405
164,7,0.0020429922924704753
261,262,0.005110630560523185
211,68,0.032635075009213234
100,43,0.011686399734588508
161,232,0.0033150164476332044
143,186,0.01388158029618594
151,249,0.003785393181395258
198,7,0.016461214672279015
246,75,0.003980286496165411
125,186,0.032587626279902394
256,226,0.006873875698407215
140,166,0.004803784422773169
209,151,0.0025942508054730322
24,24,0.01667145142107206
68,33,0.0020491604847966594
87,142,0.006858420284429107
107,230,0.017890209845044
261,65,0.0029893073337174413
166,116,0.020755812419180324
148,230,0.01809164238094872
230,151,0.006169574854713878
231,142,0.009138867616346295
162,43,0.01022259994358921
50,125,0.005255112856616868
132,157,0.004396463643200459
263,170,0.01826655560898537
168,74,0.04085243046105275
158,75,0.002821493273423878
40,62,0.004245236449797611
113,143,0.007079357780587807
87,239,0.006402639189577806
4,249,0.03531631558723841
239,13,0.0031832730572928444
87,88,0.011063543480973853
209,249,0.02399263567513285
262,142,0.026496907903811668
87,162,0.026657768083386237
233,42,0.002588818507298265
234,88,0.004381637453349677
48,100,0.014522292787482412
163,113,0.00906412169468794
246,100,0.02320179735801885
231,79,0.037505516730300975
237,114,0.004614052671158955
162,232,0.00396421873530969
140,151,0.0072573572060780365
140,246,0.005930721942466979
239,148,0.0028182779820704706
152,42,0.04463071704992006
75,43,0.011834107239870025
229,100,0.010651421877573931
144,4,0.013171516233727473
164,42,0.0028516955661374707
48,13,0.008039530930266617
50,140,0.009096031329844802
238,158,0.0030985969298422474
209,231,0.03445332440687895
107,88,0.004907844710244145
51,51,0.03320985247286671
37,37,0.048619027878536634
238,79,0.004603326534813585
107,112,0.0020709053877720073
145,161,0.010115426471375305
256,114,0.010602685219380278
114,48,0.01844857736189148
158,237,0.015261025949417358
211,186,0.027648692619524868
186,158,0.013152253250872473
249,162,0.015443799349541452
75,262,0.024639441557243458
68,232,0.004758283234053457
232,230,0.017287215629802965
143,43,0.013042705720748733
152,75,0.027970774127033932
48,74,0.005091055617274311
211,48,0.01819950922671748
95,135,0.01632748950165918
261,114,0.01805556594808557
137,246,0.0107082353102559
50,166,0.012699856070157431
74,238,0.02381481016690639
163,79,0.010057150106627841
13,4,0.005925384273709846
261,263,0.006330297883166346
148,166,0.005207268029742636
141,211,0.003294698221758259
211,224,0.004763916478656756
94,94,0.022005772005772004
211,262,0.005566142036619238
262,107,0.01186979861143041
163,186,0.02930302243111479
137,232,0.013858119740190262
76,198,0.007126458771762005
144,68,0.031132054555284384
116,116,0.03691202731607763
151,13,0.002208554107127117
143,246,0.03163120955121065
230,162,0.028459930124587317
4,144,0.028961902194796035
144,181,0.002605992076283255
41,114,0.002740137865870681
232,145,0.0029838966505587017
33,189,0.0072701045798773895
113,238,0.0073448508038690815
246,244,0.003746959356735025
50,100,0.017773661954544946
144,238,0.0054780409352237006
229,144,0.005201857196024478
88,144,0.021101065547303843
144,246,0.02085816956344516
140,145,0.0028559787898918823
181,17,0.015351051801837667
262,140,0.0727418502000092
263,158,0.0027542591193240365
125,125,0.016480049865833544
141,7,0.0032248649442318607
170,42,0.002028488221216228
43,143,0.022447567618277018
255,186,0.007591817506477506
162,33,0.0023943658487102218
162,249,0.015413382222684065
261,211,0.0283366880420224
143,233,0.0057576523813103525
79,74,0.0033695171668549537
224,249,0.0242249234865907
132,226,0.0036883053886091954
13,232,0.008940954648601446
148,25,0.0027543464386500472
80,112,0.02557899859723455
163,74,0.0028831805907122013
158,163,0.017539778894776457
74,127,0.009580948151866475
66,163,0.011981855620877974
100,229,0.01857742205265377
148,238,0.0074110527570377316
141,114,0.004679724892698483
162,125,0.004190604139760205
45,234,0.018965472671968842
164,4,0.004668793089427221
4,137,0.026008361673940595
255,112,0.03347466072366871
87,232,0.018564940667068187
4,255,0.004651109441580116
144,13,0.013415401617829897
238,74,0.01639072882819978
75,166,0.01817655319454268
125,230,0.02549162694883431
66,224,0.0032379360768748696
4,236,0.009869986866780985
163,87,0.004900198756713325
255,256,0.02677066913083655
140,244,0.004248845466058408
144,66,0.003956741895927455
87,261,0.012612656606926788
164,239,0.011580269447280678
112,142,0.007650735342697446
144,33,0.004616767375980871
74,116,0.021362859707889682
133,85,0.007211354046797085
49,25,0.01474786939441427
107,166,0.002347361204100795
4,107,0.03322302958702048
144,142,0.009080040454274902
166,41,0.0372892090887499
65,33,0.011987453990805322
114,41,0.0026223925297888836
164,112,0.0023538234948631527
231,45,0.009926677326616557
50,224,0.0020724781594831914
145,83,0.004406543806754322
166,43,0.013947167022932996
151,164,0.006138409253400977
148,140,0.01053141508200755
256,249,0.013592880713834717
209,137,0.01672873341980836
87,107,0.024251352421879663
148,74,0.003943129128251659
50,234,0.022484853894473765
13,158,0.031859893820498024
107,100,0.012254532367446976
100,163,0.045078483007443965
68,162,0.020978755323087284
141,41,0.004030633531074913
152,41,0.04646854034993351
146,7,0.055471970925574945
144,261,0.015472225206833567
261,79,0.028841765000785675
79,7,0.0021574280133148447
162,246,0.017001172750619777
148,24,0.0023898684342055685
236,50,0.003819819677691622
144,43,0.0042841963976593825
162,112,0.002202618648219349
24,238,0.09550369793161903
61,189,0.008401903708762915
157,80,0.023548082697091875
75,42,0.026671586867164837
144,263,0.008633201498786542
144,75,0.0032455516499784254
255,236,0.006296316428403182
158,255,0.002000763996838112
256,262,0.0057540415291692975
87,75,0.004707024997422667
142,231,0.006010519912309579
41,48,0.018309103012863186
87,244,0.0024552493502406417
65,144,0.012030419775718603
144,113,0.024564204106484112
263,144,0.003023674177371711
163,24,0.002759335222226921
231,100,0.011235568852231372
50,74,0.005132381983107769
137,151,0.0037208760005212655
43,186,0.01797974823075525
233,74,0.0035092083403665568
113,211,0.026224962913087985
41,246,0.010526767882835485
132,50,0.004465243230866831
237,13,0.002518983149761379
186,100,0.016243628422993494
231,236,0.011692031022928975
181,137,0.007341115021418221
116,238,0.02730626582154281
48,132,0.008446524092296017
264,158,0.00518517649543071
239,43,0.018849984747607042
231,263,0.007374888806090195
223,223,0.08825456513688289
43,41,0.008818373174321178
237,24,0.0022726845194529985
80,196,0.0021614039105665455
68,116,0.0027478564261777085
231,75,0.002793768466438344
262,24,0.002332003770288289
239,164,0.009297130273647659
230,48,0.02954726452799578
148,143,0.005405654791655453
143,170,0.014518851613167768
237,42,0.0023894904418194952
225,77,0.006738472966519871
237,87,0.00277709361491581
90,88,0.003569466285216271
13,234,0.029080009306569895
107,211,0.011296487302133033
49,89,0.012021552927033467
144,49,0.0024422648254172914
236,161,0.05392167496233425
112,236,0.007346820121830362
7,223,0.042899325867736364
87,229,0.015027211216555706
238,68,0.014529448343630154
209,88,0.013172099251014686
88,140,0.01278118609406953
239,211,0.002356912065781067
152,238,0.03583008352383941
186,42,0.0025205108993349794
144,237,0.015688822715791664
140,87,0.006497702974191826
246,238,0.013336599209432752
113,4,0.012468592449049973
66,238,0.003103643797188815
158,161,0.02473534317452033
33,33,0.031907681211684094
33,164,0.01156869816083664
162,262,0.016534175536521038
100,238,0.01071322426579855
233,148,0.013530441271843711
66,186,0.011996776985287535
141,144,0.003826505489074673
42,159,0.0044206738103095096
239,90,0.0053641376023845335
151,141,0.016133218416696866
211,13,0.016395063503905512
238,152,0.0061908268796916684
198,145,0.011462717979555021
157,112,0.01750021446341254
189,17,0.018093894821680435
80,186,0.008316395179067303
20,32,0.011950286806883365
232,100,0.011298652746431093
13,13,0.021692164049445684
264,107,0.009044730945649495
186,261,0.006384125135383728
132,166,0.0044923930681035566
255,148,0.02603685383486438
13,79,0.030618010630036652
162,230,0.033026290396805366
224,116,0.0020144208323967286
65,141,0.0059722441029460204
256,229,0.006159087930808544
140,116,0.0021003385830090336
112,226,0.01000277487810357
232,256,0.008169369020091109
148,116,0.002865073933671155
209,33,0.006661366584375915
33,79,0.02584926072845294
211,41,0.0020830898942051
130,139,0.01298413618007395
79,25,0.0020795943581935037
90,166,0.0030629708923034173
41,263,0.017484484720939723
224,262,0.00900005187349783
232,231,0.02560889491976018
231,161,0.024219992768099344
249,244,0.002874505575421447
265,219,0.002026427998480179
158,263,0.007477335390829769
255,163,0.004738091355474624
232,142,0.008210908184600046
263,116,0.002565346568661125
143,107,0.006454721274952674
89,155,0.014501867520390274
238,234,0.007718902077970037
226,7,0.037019997546313334
125,48,0.01908736402818636
125,114,0.01876810106953091
116,152,0.022115818599266077
255,255,0.0306481129169611
68,1,0.0024215996859592655
45,114,0.01694915254237288
74,75,0.08495911807010262
7,226,0.021997511467676936
144,233,0.01458707475683945
50,116,0.006747408704966137
233,112,0.0028126971153419034
107,48,0.01460088827767021
90,224,0.006309088497754874
112,112,0.049115342433171685
246,211,0.013882436906652251
113,181,0.002508498513786478
151,148,0.003192854274605056
237,211,0.004587366673914175
70,166,0.005536796627587509
100,100,0.023856622500535662
202,7,0.03826859681811667
170,230,0.031424266889651394
43,114,0.004416515687205737
112,87,0.011139153530041359
42,75,0.04498502574575522
144,143,0.005704871397360921
238,50,0.010780358291187463
4,114,0.030424334879879795
217,80,0.018711878424480514
231,166,0.003043997728688235
48,138,0.007969945618269542
80,79,0.02663822965274398
255,97,0.011061586128173071
170,41,0.0022923214440183385
50,236,0.017740189898133377
233,151,0.0029601727063547764
158,140,0.005888827113566995
66,145,0.006998119908084396
37,198,0.019587522023007564
129,265,0.0037127086345117625
162,114,0.008911915047330632
50,88,0.004488044897185
144,87,0.027408965090280228
68,224,0.004414149412179209
209,37,0.002602619356458429
45,224,0.006324696474886474
170,88,0.005342262333842738
162,211,0.00728144530380179
262,79,0.011480412892546784
211,125,0.009644683738865468
4,170,0.030762701657997212
100,79,0.016255071502132276
209,144,0.02436922046947571
164,43,0.009148738151819356
80,164,0.0074861870544788295
13,87,0.03101988523911539
66,261,0.013996239816168791
87,66,0.005255047504327207
10,56,0.0038093039362807344
208,182,0.014197530864197531
48,137,0.009639183974664473
137,143,0.006160879018374612
143,140,0.019353912811716223
40,137,0.01510514364695429
157,144,0.004889765805953504
262,41,0.00598016000735666
148,265,0.0021561103891610087
88,211,0.01707566462167689
209,229,0.014167956818276916
232,262,0.007387048088506113
137,230,0.016147230090741364
230,161,0.03867372324503981
25,61,0.032215328938865195
256,170,0.012210957696477287
246,261,0.007761030778066827
100,231,0.013430927350515962
65,49,0.015181244002692523
65,97,0.015496326425389914
144,97,0.002508779021081589
97,189,0.008350611281904625
158,244,0.002378980253329249
132,137,0.003784234813512293
97,148,0.019775505826839207
87,25,0.002821502015746152
127,243,0.056478254966737564
239,107,0.0057420327114505254
41,75,0.04680997272746795
151,127,0.0030410467860885575
80,17,0.016546906759039248
261,4,0.006985027274155773
256,129,0.004550815453711535
87,87,0.024121129251922148
211,209,0.007224524282491259
48,4,0.0029962140735484383
68,243,0.002581003664056861
75,226,0.0021654007400801582
87,13,0.018646330148291635
13,66,0.003619893095310758
13,141,0.011340115848665504
87,140,0.014110223061438207
162,4,0.003953085026894091
116,263,0.010704684157852392
230,43,0.016676775671324206
48,224,0.002598121358402386
112,170,0.014693640243660724
7,129,0.027930989655876835
255,113,0.007238499030639054
43,90,0.007022743663260101
34,7,0.013988978380669776
50,161,0.038314347239113214
186,88,0.004290552982433225
87,237,0.012555683970070374
224,224,0.015363200940639428
224,233,0.022495806892258746
230,100,0.023078117949893857
264,90,0.006862733596893587
82,186,0.002117298327334321
209,80,0.0022595087660571573
243,244,0.07079663532904502
114,181,0.002785062201471636
256,225,0.018620221345945365
97,79,0.02260670622721098
75,233,0.008328464384923686
186,230,0.06302970489824526
113,48,0.015486180677581987
80,76,0.0066416649967077955
237,186,0.011785148848805452
90,209,0.002761094585804235
186,13,0.009026186584326752
232,144,0.0176887608867227
88,239,0.007431923366698956
232,263,0.012537904487614406
80,161,0.00448026108614125
107,163,0.01273003637153249
236,244,0.00257448352567187
233,249,0.014948339122786756
137,116,0.0024571499118649647
255,4,0.008108206048087551
4,141,0.012800587267086088
87,148,0.03791664631929636
88,113,0.011968571736088687
100,161,0.06853698827074736
186,87,0.010176381337334221
79,42,0.0031088122055261897
4,68,0.027075077279531103
45,112,0.003929239226904949
137,261,0.0038306161221956254
170,151,0.003085262824024682
137,211,0.00780698084349001
163,230,0.04132584018510352
230,231,0.013708180157256663
137,142,0.010876274871569764
229,145,0.0035667437447758736
255,87,0.014721603159935497
125,68,0.043929062811186366
230,229,0.018313324900944082
137,217,0.0021759408500744174
232,140,0.019170324420874813
224,170,0.04770632683761866
163,244,0.002880159971968658
125,33,0.0033180543203119657
137,74,0.006292910102264076
181,14,0.01398155962864468
171,252,0.023864157870582835
232,164,0.01797953503828526
246,4,0.002832654819419575
100,211,0.008635549933992716
80,37,0.03390970770948441
224,163,0.012665779053481577
114,230,0.023349657147429884
233,231,0.01252476434999689
233,236,0.022981316797114452
233,145,0.0028215811870896668
145,33,0.0025779173282429128
50,164,0.021952090329922902
143,42,0.004770138115317064
74,151,0.01930669652769063
224,229,0.01952172635000778
141,87,0.004491712222435104
224,148,0.029619767260906402
100,239,0.01625368915061411
114,33,0.003363589017698198
164,261,0.0068373828735621795
87,181,0.004202410213837297
230,237,0.02948377504752465
230,158,0.009425414037709053
230,238,0.016787111758744904
100,170,0.03903207746697908
13,249,0.03402034754599651
132,135,0.002447557826890828
151,262,0.010401261471259415
246,125,0.008932945369776006
236,211,0.002559200302903615
42,74,0.055426532759683456
144,224,0.005933407351694662
112,186,0.010663460140858097
211,143,0.006498701158620441
4,211,0.018656053037558712
231,50,0.00803070945495392
239,114,0.002893401708571541
13,48,0.022689296538137296
48,230,0.03567380023998842
229,186,0.018359639542900374
230,74,0.0031633787745420743
112,211,0.006976836374687826
246,162,0.016354015338356027
100,114,0.008060491702435012
229,230,0.021299183053391336
4,234,0.027964006950856525
50,24,0.004144956318966383
100,262,0.006968434003082644
230,79,0.013157732525599205
4,262,0.007782435896700637
113,132,0.003920811915983775
40,195,0.024286701550004935
158,232,0.006348359865203726
166,79,0.007778481513736046
141,88,0.003080721897029937
230,144,0.009665811099687114
164,230,0.04572832991479249
261,33,0.004560657872092066
107,33,0.00214529713471139
34,112,0.01377702416278084
231,162,0.01849221745747821
236,87,0.0021529623815796737
68,45,0.0034428279755471317
88,13,0.022484124421483155
255,162,0.0065046837346668844
224,4,0.011636954679854063
95,68,0.004052506387102458
33,4,0.007616300036062027
100,234,0.030366115799586677
4,48,0.017813003607333955
137,145,0.0029595539064053936
100,237,0.024639033459818497
233,144,0.00985954282566786
181,72,0.009236110005255028
97,209,0.0038321298348466433
87,112,0.003212171525618696
125,246,0.035879075353659744
137,209,0.0039832234788990326
140,161,0.0349992875105619
132,155,0.0035910184718442612
4,65,0.0025635584714997677
230,24,0.002487801390111421
144,166,0.003243846157781905
100,230,0.06423511034620993
226,260,0.025405880669038563
68,41,0.004164615147400263
90,100,0.021280384987021846
230,233,0.01551115812209212
263,244,0.004054106271896682
231,137,0.009144367160571567
230,263,0.011923694274111826
233,100,0.016384005117225327
166,127,0.00745190404560209
244,233,0.007360747398966664
97,97,0.030027883034246087
113,13,0.010641617263068004
230,140,0.010208245495945303
4,41,0.005700619956757873
36,177,0.009336227017730642
107,45,0.0034974174000285503
180,124,0.05164820499132524
80,231,0.008373650911797544
232,158,0.010834798742747955
228,68,0.009190099589923843
224,151,0.003017308457109263
141,186,0.012886030300480059
112,158,0.0038319745239762683
41,137,0.009543238774239269
230,164,0.028677520285813614
107,41,0.0025242929265512186
246,148,0.010820678063448089
230,262,0.008757849888677668
249,100,0.011262779831412478
145,262,0.004370863290100441
88,263,0.011365837907652568
43,249,0.007982855769174391
164,88,0.006490408508100586
158,4,0.005726194123275807
4,232,0.016671732609954866
50,263,0.010236870585872561
137,256,0.002683488912818332
256,65,0.008565540081724068
230,230,0.04147589002389177
163,114,0.006731448869986528
34,36,0.014730818143281052
148,80,0.006057716706779752
80,145,0.012195471071541038
47,47,0.026766262060379707
16,252,0.02274431392151962
60,78,0.02407170294494238
161,230,0.03278391620024792
230,142,0.036461453872118625
79,230,0.015115598091186283
41,244,0.028530933923164473
230,42,0.004205099376447005
168,168,0.05309999455663818
4,80,0.004037461216858694
125,143,0.007787735741488221
75,229,0.011654724930040898
87,100,0.010369019907867108
231,238,0.007346016198907516
34,232,0.008690122933446376
233,75,0.0071587850143477755
163,166,0.005617595708304889
166,263,0.01583735782334468
79,244,0.0026901729342910146
263,211,0.0026640963110531016
97,225,0.02502323586187174
144,41,0.00247466917715118
97,145,0.007921641524272539
33,234,0.013891092679408582
151,244,0.01676493344955584
186,142,0.01612933462261578
50,232,0.0036205607685184152
260,7,0.04989816700610998
100,249,0.017953981517960203
79,37,0.002751381925211681
80,4,0.007615012453121869
132,230,0.042003060691651155
88,107,0.019868690130233558
255,42,0.003777789857041909
100,140,0.013144780586255279
43,50,0.008378627171612344
90,230,0.029837757273766443
74,168,0.005951289204660637
75,168,0.0034108264911795155
116,239,0.02667831001393277
88,224,0.006522441072005166
48,152,0.002853806923414891
145,229,0.0073591065598629865
114,244,0.0021304479581676574
97,237,0.004618574390505469
7,70,0.005283488402325107
137,75,0.009166729538611376
170,33,0.002389636977019117
14,228,0.04614919702987394
161,132,0.009755888145361661
246,114,0.012109784114328186
234,100,0.018812089401536308
230,244,0.0037988899819763845
4,90,0.02198810554749465
34,79,0.032005086901229336
246,42,0.0033457633703841347
49,49,0.02709142820342185
45,262,0.006970952926680051
260,173,0.01125254582484725
261,138,0.01587064043758371
25,112,0.014152772392400155
233,244,0.0023986993718961274
249,256,0.002981195469002651
41,50,0.010470934352653167
137,112,0.0029989917626321166
4,161,0.018105490144350707
100,143,0.011823252534887096
189,97,0.01978641950433206
246,116,0.0025465387344167033
211,162,0.016282706983182477
4,13,0.008814741321465645
79,209,0.0057279524836870484
230,141,0.016723622278273776
158,41,0.0028139289482940555
143,164,0.011482843221005009
230,7,0.002070496746626428
42,116,0.030552459700265863
256,239,0.005873172823769076
158,125,0.014956561862941992
145,7,0.030176796960019982
186,138,0.004336512394225321
88,233,0.016876547196211386
164,244,0.00260230774096195
230,170,0.025130122614829664
100,166,0.0039023783357870073
256,62,0.005170298185630383
37,177,0.009146025494869935
36,249,0.004750010237091028
12,13,0.033614827813116914
143,116,0.005084502518332228
224,158,0.009466913353967458
88,137,0.014632439995694758
151,158,0.0031732662115706686
260,179,0.015987780040733198
264,87,0.0045047687200122
90,151,0.003846080976108827
255,198,0.014812197640919716
226,234,0.007054349159612318
230,143,0.017828215957926816
144,42,0.002092638925130598
233,186,0.03123639626513624
52,112,0.011270751891150937
230,107,0.012667075958074753
65,142,0.003738023287455423
97,261,0.005676699792664617
255,114,0.009947274012067185
181,97,0.015526219405385608
226,82,0.0204473888684415
132,36,0.0032914652676657202
249,125,0.01384957249709445
90,75,0.0035922017392622345
68,244,0.0039299784506678205
158,261,0.01049928328019395
230,209,0.0024428039913309122
255,229,0.007646174195068037
174,18,0.02457002457002457
263,148,0.00525198358178196
252,265,0.0066924066924066924
224,232,0.01371189459305241
100,107,0.016018689392525626
132,255,0.00951285047046143
68,230,0.04554931430218674
132,224,0.003133996211692711
66,25,0.012011698349697097
114,112,0.002840159993493213
13,68,0.0430066263986294
138,151,0.006417207914919845
116,42,0.050991973939833984
217,226,0.006512974258244598
217,145,0.005272407732864675
224,48,0.014844465962339841
71,257,0.0022531110263787307
37,229,0.003951186651466473
56,131,0.004065591543569589
230,137,0.007537988899819764
145,226,0.02182755606301179
36,181,0.016911674378608573
125,232,0.009581689509171208
157,157,0.05104229218495325
255,262,0.007754887572249098
198,198,0.05802766085387853
132,244,0.003004129490243706
80,107,0.009790730296870975
256,256,0.032201188930320104
100,132,0.009574166614828485
93,244,0.0028159098908834917
113,232,0.010883845433793704
100,87,0.0076056980529578865
80,239,0.006140677335318198
31,31,0.035740878629932984
235,247,0.018718861209964414
97,4,0.006448845356402374
125,231,0.04690885042530387
233,48,0.018672541999449187
80,90,0.006813432194898514
157,107,0.006476795058762975
216,75,0.00641905352162557
4,244,0.004507733688140531
65,225,0.01635564212365553
237,132,0.0034206198763432135
132,197,0.003996456041246032
261,141,0.008649910582671744
130,215,0.03585121065994173
66,66,0.019054582351010176
145,145,0.161659500829572
33,181,0.02172376487558601
80,61,0.024820360138558872
151,107,0.004218779076031067
164,132,0.011788996214003668
7,146,0.016416884877523352
232,87,0.023428088783040944
52,52,0.01776920343199472
230,87,0.008269658932045298
230,41,0.005410783102675435
100,137,0.015384190045686717
246,224,0.0025338693874793067
91,91,0.052027120520271204
125,144,0.026506427067417695
169,169,0.03339073145167328
79,43,0.003040046549059762
141,4,0.0024790813521871247
146,50,0.00511928720764376
74,79,0.00864457337027348
116,166,0.042475323299122826
256,49,0.011960781977817752
232,66,0.0024923498705362707
163,234,0.02263198593599913
141,230,0.014196747201744757
144,45,0.007059032201398163
79,41,0.0034360158236576527
211,45,0.007552605323002526
163,132,0.012574080674685403
196,7,0.016428993888414272
50,211,0.007107233311390541
41,237,0.01797839671870638
48,1,0.0033061114513958734
244,42,0.038104253662679596
151,42,0.017119967092054104
88,231,0.038322032074050154
189,14,0.006810396937336288
211,181,0.002498809020880336
231,163,0.01440605609810087
148,37,0.005493314058547163
137,244,0.004449618996015062
226,17,0.0035373982742403793
211,163,0.01828490018246699
231,151,0.0025009177364425923
36,37,0.044060439785430575
232,33,0.003233131637612329
125,161,0.025860299651091195
45,45,0.021860701576004067
137,42,0.0047119664743928286
243,243,0.0592380009896091
43,138,0.006401235979431614
13,161,0.027031355284348947
151,138,0.007034563137224175
100,243,0.0027868206606257904
88,7,0.002077279087288774
79,166,0.0036196427964196518
130,117,0.0035271866000988294
80,160,0.003120437433798059
45,37,0.0036965869042592608
170,112,0.002284392030218275
100,236,0.018688010174107175
230,113,0.008065629630725457
151,161,0.017428479084845697
146,83,0.004044627679321597
246,41,0.004067916145815737
43,246,0.014464711849102625
211,256,0.004354938743224902
87,45,0.014221455352443584
42,152,0.016929312803143037
230,239,0.028845181826475236
129,129,0.11854382967538442
249,255,0.002912109390372199
239,138,0.00867641099811356
230,75,0.005797267610009394
261,233,0.01192355753761888
256,61,0.020335711988182174
97,181,0.020662043325945522
230,132,0.022120844521042755
68,132,0.005813031051745958
224,137,0.02972351425656632
50,87,0.007503319312260814
125,13,0.021618663200383116
36,45,0.0035010851316489905
45,233,0.014191791681386953
4,224,0.0066296948390463795
233,68,0.020801165590213305
261,88,0.013700680170304468
4,37,0.003951435764794944
164,151,0.0033658320607928
232,97,0.0032954403843757354
137,41,0.003876912736026996
132,189,0.0044018936106478045
209,256,0.0048621281225155865
74,166,0.02499734532922744
151,24,0.020939639383759538
75,224,0.002703547669567535
246,138,0.005027619176323524
256,125,0.005003514373190693
7,79,0.012173380132597916
158,1,0.0028196021921414226
236,249,0.004865980926537985
230,116,0.002738677298380833
232,261,0.013022528073552014
249,166,0.002927850522212049
166,229,0.007253978307339087
25,181,0.02972728447718754
230,114,0.0076575710280857735
211,4,0.009925575040673061
112,7,0.015393966622180526
209,107,0.02373321059458555
231,4,0.007662239991860675
7,193,0.018283284119820973
82,132,0.0037582045310184204
151,116,0.01272979246447215
100,158,0.009968136797506237
137,13,0.0069582095899148825
226,129,0.028810370915634074
229,68,0.013809387259537653
142,230,0.03785939750564425
50,158,0.01260222923895701
144,262,0.006796386403134012
116,41,0.047410663474557975
148,97,0.0030742258687110244
146,146,0.06004415873698196
88,151,0.003019050694220213
224,90,0.018864662044161637
87,256,0.004484560415411912
264,236,0.021104372206515492
151,75,0.03134334936289825
231,265,0.002132448273349346
179,193,0.016543706684551754
229,112,0.002137849825811608
230,261,0.00815254241467137
244,151,0.018561115436336612
230,265,0.0038438873807568933
113,88,0.004650233469637999
166,100,0.005429762753015069
90,74,0.002518583075980624
226,83,0.010121457489878543
144,151,0.002553121818191121
114,166,0.003252081581464053
170,132,0.00978994261987832
211,261,0.015298463861648674
261,151,0.002226079929364052
179,179,0.04478724197034056
24,243,0.008455344570670823
230,186,0.050361335276234716
246,45,0.0034523970404405553
40,40,0.02305262118669168
65,263,0.004224968849805938
261,237,0.01017262408057287
88,142,0.008255300828759015
68,43,0.006178766347287637
137,125,0.004454763064218548
14,14,0.12260404075289241
50,230,0.044269583942338805
255,79,0.02982370314000471
88,262,0.009826714024324616
211,230,0.029576730515132175
230,163,0.03441253122079792
231,25,0.002477544673485185
50,4,0.002811652738572082
232,161,0.017896456709267386
36,145,0.0099914008435363
48,43,0.011445974691983853
157,36,0.020802951016556576
230,1,0.008055150784434105
230,138,0.03183042021406434
255,37,0.03428095160442826
256,255,0.025303486972992936
233,138,0.01868675651424561
209,17,0.0021758232562031883
230,243,0.0030703019633659535
233,1,0.003864571210277094
83,82,0.053339740509370494
129,73,0.0037619923774477593
45,87,0.03407064013855738
129,36,0.0069654356682875545
45,25,0.0042825260872187704
25,80,0.012133255783895567
186,244,0.002450362323441779
146,75,0.009222532679419294
158,256,0.0020423677850521372
169,235,0.020813056824137158
238,230,0.01747311542698029
148,132,0.006557528316250029
249,88,0.005271530151700786
45,50,0.007944645980715707
230,234,0.02191188399793875
100,75,0.007166110270180604
97,17,0.02131979695431472
196,196,0.03693237826115529
125,113,0.029896695628377917
224,211,0.01253609530890668
256,17,0.019894926198162997
100,246,0.03549740463502464
37,181,0.014444502020934813
232,116,0.0046316168427465694
80,265,0.002390426841487504
145,260,0.009089611617576222
88,50,0.009046388978581423
25,4,0.008627374951531602
87,132,0.010095008654414837
230,45,0.0028336033177260166
168,37,0.0034293179467639215
144,112,0.0035610677063347097
255,61,0.022657679694153034
137,132,0.003564839265015535
125,45,0.006601901895053704
256,112,0.025982535352211674
223,160,0.0030481725208671624
263,231,0.005285257951500996
62,80,0.012144527419476503
25,137,0.010566110895696007
230,4,0.0022671292152700215
18,18,0.03179594689028651
100,113,0.009937725064106551
160,7,0.020461598138091543
230,246,0.0326046220341783
125,239,0.010520474637598535
65,236,0.004482763559285622
100,138,0.012243487396410032
25,246,0.007981129636810132
100,90,0.021960036217609776
90,42,0.0027914085245321863
36,17,0.023258670816100897
224,186,0.04182733041689001
198,137,0.005299158147925436
226,193,0.006164887743835112
232,237,0.011402500657703438
249,163,0.01410055609920761
100,42,0.0038968489297143373
146,95,0.00844096211336681
189,33,0.01761031634092283
232,198,0.002582351393638969
89,89,0.05234773991920116
45,170,0.02406659026479281
7,262,0.006397756606681895
181,188,0.025542621462808734
70,75,0.005816432820900009
237,230,0.01930535036745743
65,25,0.010268822594274094
143,79,0.006656324533408052
90,45,0.003440632045622478
161,138,0.017718098836054928
237,138,0.0059977872496055065
90,132,0.006364664052089452
239,230,0.031305346836380525
164,1,0.003764310433627599
45,79,0.04634951272263535
260,82,0.040860488798370675
100,41,0.0041332310393209885
100,263,0.010349665816520482
148,198,0.002063837476643419
144,88,0.008489940154278824
116,243,0.027512313820914854
230,90,0.014614908562820068
7,260,0.019183984251676046
232,61,0.004756234336273383
113,230,0.021645892521855278
7,141,0.0117276728508552
232,255,0.0065770343805818254
140,230,0.01062211366514602
262,143,0.008516196146949285
141,138,0.0068830543284993185
179,260,0.015525250267034305
148,7,0.002402171489207914
42,238,0.020422267743401678
33,106,0.004572664983772088
262,132,0.008088015540944411
236,138,0.007060355911747769
216,132,0.15910398866705033
148,42,0.004301455605194965
132,163,0.01806052422715726
25,261,0.004717590797466718
113,100,0.01244259055501727
230,236,0.026890568791776693
4,225,0.0024488578687481004
146,179,0.02833193301940249
43,24,0.00491489449027575
235,18,0.014163701067615659
163,1,0.004685734825921742
107,132,0.006656050763319641
231,1,0.0024101752567255988
238,138,0.008202792557424853
113,45,0.005486399640900158
236,132,0.0042078163331308715
188,89,0.031047114721990496
216,216,0.22059409447076012
166,166,0.05831222125458528
112,143,0.0043340953236697104
261,230,0.05378882545288567
211,238,0.00548299821128419
143,75,0.012760802859349265
230,249,0.014293146341403279
91,228,0.010481527604815277
132,79,0.01031693814995579
100,148,0.009090343583469841
7,53,0.004447787249057515
162,132,0.009161804947325188
13,138,0.015156413828112489
36,236,0.0029482822161254656
7,196,0.004336360428621836
262,232,0.0025978205894523886
145,263,0.007073662426631938
132,138,0.012756351025675601
158,230,0.026860918536000516
125,209,0.005275440316830479
152,168,0.0029584472634362814
100,125,0.006067140813237398
125,224,0.003527095543241127
61,61,0.05615724027276374
89,144,0.003372970500800366
68,138,0.006327742027752679
151,162,0.013011370870591461
129,79,0.004353397292679722
158,143,0.009644514540523981
49,181,0.02348496232531181
234,132,0.004043868228231169
11,22,0.06755346896191966
162,1,0.0023096259568803844
232,211,0.013936389692748647
100,50,0.018765421859124557
229,132,0.007664289244248122
261,231,0.05292832396758528
90,138,0.006864844041100648
224,162,0.03796275482855809
226,53,0.0029750950803582384
260,226,0.05061099796334012
142,132,0.005016891023350947
224,79,0.03674372762955406
249,230,0.020605141578363288
4,233,0.014750497513864435
147,167,0.017095205003474636
252,252,0.07438867438867439
66,97,0.011743113790324987
17,65,0.011707741483989332
100,1,0.003642496250371507
254,254,0.044298820445609434
152,244,0.0384747560775173
258,173,0.01026438569206843
100,186,0.024785562720744257
232,7,0.0025131194527907397
232,209,0.011305575940515917
226,74,0.0049380444117286225
237,148,0.0032180687825016856
132,13,0.005011407456612297
24,42,0.02121013274275793
256,37,0.029413516636685292
106,106,0.01910706324437934
264,249,0.008598946541064955
132,124,0.004142160167749795
137,144,0.01067908559043615
209,233,0.017682748232143605
4,140,0.013970533415153096
45,232,0.022610359060084618
197,197,0.11890704016521486
195,140,0.004786260616582986
195,141,0.004927032987658955
80,33,0.00741461738856603
168,51,0.009661967230961842
37,90,0.003912322520468442
226,173,0.00586840060524271
80,25,0.010105636826887292
49,80,0.014146791748062599
134,258,0.011441337756414597
37,41,0.0069696341589802055
76,76,0.12800522925833813
226,43,0.002494581441949863
132,82,0.007420503014084431
49,188,0.013610115278105748
88,256,0.0027176837800021525
223,132,0.006466683759222858
196,132,0.040546756916606426
4,145,0.002127696181043431
225,225,0.034841973081480695
125,236,0.011037376570659735
132,116,0.002260676447244699
233,132,0.017620667904513998
132,223,0.003981071133478555
142,138,0.006989458051565867
239,132,0.0061168925184356664
265,1,0.07046059019715456
170,138,0.011058648827888469
140,138,0.007488163643771337
193,193,0.356858696746903
144,230,0.033587963318273836
112,255,0.03357602505318517
148,66,0.0031695745449792003
75,138,0.00639113543876913
198,225,0.02762327119663259
226,116,0.0025661473029894083
151,68,0.01469594429154873
132,139,0.0031136338337651665
196,260,0.012748899257409477
209,48,0.015908615423239465
145,255,0.01243466005387758
82,82,0.06910332415837392
238,163,0.026468596993512047
141,132,0.004659133028812494
24,161,0.01641170761049365
166,152,0.016810492703137784
262,246,0.007197169984826888
50,132,0.005029176475838754
233,232,0.007249402546174963
262,137,0.014325371281438227
226,223,0.01591829223408171
247,248,0.0073779795686719635
137,50,0.006334062647891961
123,123,0.07186156728755648
75,237,0.03944104472257245
158,132,0.00639941905983003
13,132,0.0119897627731161
263,138,0.010027392319846121
264,186,0.010628438698778785
125,163,0.014720302843720782
56,129,0.03692912318742377
132,148,0.009401083640503575
7,179,0.02654743996880049
145,193,0.012871746382887624
145,25,0.004049738640215511
212,167,0.012356239901150081
230,232,0.003319328663466304
37,112,0.020870038345942584
162,138,0.01579316538752728
232,88,0.013250993478351172
36,157,0.008578682281642849
146,138,0.025283807811797808
140,33,0.0022689276331502267
262,138,0.013381362361487884
247,247,0.039640268925172445
144,138,0.0029266246092291004
159,159,0.036786007105766606
129,179,0.013881587593639111
238,233,0.004605448861477861
238,100,0.005279287577385336
100,4,0.0037807314021882626
186,41,0.003252837842495886
45,88,0.01879313761815722
143,132,0.004835061198548456
36,48,0.007718766635272921
186,43,0.007204137798411135
80,48,0.010993100684206007
138,236,0.023471615720524017
17,17,0.03818728603582304
260,83,0.024287169042769858
224,140,0.022798402296266836
182,182,0.016646510635270683
145,162,0.008152998055411842
132,246,0.004852128411490173
260,36,0.00809572301425662
129,138,0.07298922328821132
193,179,0.013369926477993756
230,68,0.03843270978033873
80,148,0.023403280753485443
188,137,0.013982082623045953
132,154,0.002630366730951448
61,132,0.009648637807482572
132,243,0.002944399848322909
7,261,0.0028135272160008913
112,116,0.002867374040354656
36,255,0.023381515908439458
173,173,0.050616050616050616
197,134,0.024967565993274907
157,234,0.005618941408595693
82,233,0.003070082574634766
18,200,0.007250174703004892
132,86,0.0023330760132093007
152,48,0.029390231147369522
28,28,0.05984142965013844
145,87,0.005378837885572583
78,78,0.032747217293111794
232,137,0.02128189861674582
158,138,0.004933831065926876
234,138,0.0051363968305867674
39,72,0.037707831251977894
65,48,0.009037136760093378
135,90,0.004659832246039142
140,132,0.003967863715823086
25,144,0.008902029210288225
79,132,0.003473799151386459
75,186,0.010711686501224924
244,69,0.002875291952721353
151,230,0.014504960676963458
26,26,0.17480537862703469
168,159,0.018806815088998965
26,89,0.04062278839348903
75,244,0.014227579773875785
125,1,0.0038045502573107416
67,67,0.0565481068677266
82,138,0.003281812407368198
4,125,0.007965956861103305
209,13,0.01682915603163312
145,82,0.008857688259325995
145,166,0.006065687831159795
65,61,0.02510634031766037
75,68,0.01292833932982769
163,138,0.01826870216095065
80,256,0.020340099052417623
238,231,0.004762501034634249
261,137,0.007856752691873125
1,1,0.9281125726521872
230,125,0.004746300967259153
41,148,0.006553997466016707
265,264,0.007261366994553975
8,238,0.013313609467455622
132,186,0.009094290479728574
7,140,0.016314743625457314
138,17,0.003897278156053937
10,100,0.009619454384547308
74,138,0.005801662306571034
198,226,0.014920324714371618
132,100,0.01012372180828776
216,14,0.0020585240603833723
161,1,0.003534586537446762
264,148,0.004669005079595979
119,197,0.022606154375107445
226,75,0.008700363963521859
17,132,0.006430746534016758
260,145,0.0244908350305499
208,208,0.06234567901234568
216,130,0.04798795874098012
56,215,0.004472150697926548
130,175,0.0034249493073423417
132,261,0.005523634385811857
192,192,0.03235454051114736
252,132,0.005405405405405406
132,177,0.002202756794473017
231,132,0.0053785542523163395
232,163,0.01021863446919871
145,93,0.0028455212031470215
145,134,0.002426275132463918
132,41,0.004821811093242496
60,168,0.02880921895006402
75,163,0.012169808419693102
230,148,0.00825301605852374
41,43,0.01060407584770331
132,56,0.005393315167075573
198,237,0.00477300060132291
264,68,0.01434721912649719
125,100,0.013390040515989753
127,230,0.013440738561795718
140,48,0.011385781922035593
230,211,0.007815370125179065
166,170,0.008909956984139551
7,143,0.004549928501123554
140,170,0.020430383760860447
74,237,0.016738905889507775
168,247,0.01578574927875456
70,230,0.06153394433841572
132,162,0.014507515527444413
140,100,0.006453548699154847
107,138,0.007612085240878466
193,186,0.009668647396515259
236,230,0.01745886348039409
236,233,0.007093880400400716
87,209,0.007599064563562472
138,261,0.006739921734630391
186,132,0.00413392814487858
209,65,0.003883007657224152
87,1,0.0025502037450013293
145,50,0.00623517028526573
145,163,0.006030007314505914
66,141,0.006550478975797547
52,263,0.006193836624866731
138,75,0.0065131498613202774
74,161,0.012510739349943527
13,170,0.025363424575992072
140,186,0.01593467575709529
244,41,0.029044872248566778
244,24,0.01057222733385236
211,132,0.004550439089282985
65,230,0.015596579923520903
80,40,0.0029057284360596604
65,138,0.011185426005757415
132,209,0.0028109131485756743
136,243,0.025452109845947757
264,229,0.010358621822319721
138,137,0.005441798126515447
211,138,0.0034718164903418335
7,243,0.003834939736661281
61,86,0.0035775848050216283
168,78,0.013227369223232269
78,159,0.019438619132118085
93,223,0.007884547694473778
69,69,0.032510655168995935
238,132,0.006177031756373878
196,95,0.06072156141157915
116,24,0.012647422437645951
42,167,0.0024842941553711185
60,35,0.0034571062740076826
264,43,0.005889046607932616
257,171,0.004411764705882353
215,171,0.0021843816710519783
131,28,0.019428316212594908
223,262,0.009514856280090021
80,36,0.024834674071741433
53,171,0.013840070298769772
28,86,0.0033979360684621195
132,114,0.003608665866048133
132,125,0.004319539104363069
145,197,0.0026492783615506754
145,216,0.0031309653363780707
168,100,0.006259866093299222
79,138,0.0034571744871857843
47,78,0.01639174188193796
140,90,0.005062689035490002
223,43,0.0021650571176252743
18,230,0.0053284416491963665
132,258,0.0025566096731250098
45,43,0.004049873764573083
191,107,0.00463893613731251
139,10,0.02037936980717981
138,230,0.06016650288698039
138,100,0.015398682397269435
146,56,0.004122784735926845
232,148,0.02301962033203639
197,180,0.014085625777754242
229,138,0.010262167257463256
230,12,0.0027584021855174947
230,88,0.006584413887306789
262,158,0.002511609729182951
250,250,0.0339881509198628
263,132,0.005917470976162671
230,13,0.009659030669733887
138,50,0.0055624523924432635
138,148,0.008386198314910541
138,132,0.009906732798771942
226,233,0.006512493354598618
138,239,0.02157022078276999
262,100,0.005957170444618143
71,86,0.004194252833720406
75,137,0.011042262472195741
129,82,0.035484294913917726
262,90,0.00450882799209159
166,186,0.008761512680442299
166,237,0.02510358113635764
75,162,0.015014299332697807
7,162,0.011337678979330326
125,132,0.008331242921104041
223,129,0.029513147024470842
262,161,0.03713389121338912
140,68,0.010732499352738468
87,224,0.008719526421738589
140,243,0.0021274332517817254
70,233,0.014387282145928148
80,224,0.0032206349660759783
129,238,0.0024641871467998423
146,263,0.011313233943609684
113,138,0.004208201271082062
75,24,0.007280359174636366
145,244,0.004522505485879435
163,261,0.0035628198080094728
261,132,0.013098329130594196
70,161,0.03721258642506099
3,168,0.01614785992217899
93,179,0.004716649067229848
138,66,0.0025947935503753366
36,198,0.026514065763072765
264,138,0.010909986743779548
92,92,0.08257473424560992
226,138,0.03885003885003885
125,138,0.007046589587466648
70,4,0.0020972714498437533
165,39,0.02405143673598984
138,87,0.011312427680123737
138,48,0.021948900737880788
42,213,0.004215205872647236
261,1,0.005118113182134493
132,158,0.004638097194607318
135,146,0.003861003861003861
24,229,0.009125210187425665
62,62,0.027721203892283323
62,63,0.004186467526589726
37,130,0.00601098559436211
171,263,0.023405231757687012
77,72,0.025331135933589696
193,202,0.004607714774901803
145,132,0.03820491320714324
131,131,0.059736489504242964
138,107,0.013402799178969525
18,169,0.020964360587002098
138,37,0.003602183987579879
127,41,0.02710775218355433
143,138,0.005246810226410711
17,26,0.006960337425053432
3,32,0.022957198443579768
93,68,0.009186906019007391
197,130,0.04821414387460616
197,28,0.01265588180783182
45,140,0.010538288540580597
138,209,0.003637798801016403
65,148,0.019205705856236484
13,1,0.004864797899374224
64,265,0.01793298725814063
186,74,0.002518091982924869
233,50,0.007238741660077647
261,12,0.0026638132936255545
24,246,0.015721335903429987
24,48,0.023554662401399883
229,261,0.002430705966333746
43,230,0.04920318024309159
90,43,0.004667083483324176
87,211,0.020952365449622624
138,249,0.007164392164159578
70,146,0.00328572527142188
70,223,0.006368714302692198
232,186,0.021821907755362014
74,186,0.009373401164193801
238,161,0.02463809024557442
43,88,0.002192866733508059
146,132,0.009144375622814045
100,88,0.0054174355996986475
233,261,0.005024830980534999
143,230,0.03137322572047537
259,174,0.024461610486891387
261,43,0.005316402654834147
74,233,0.007379984747709743
24,132,0.006507265991332759
100,209,0.002314056441412487
264,162,0.015262250272749668
116,50,0.016670264330147767
132,14,0.0032964427378257867
74,243,0.013770501298375341
140,158,0.0028429332086309564
163,211,0.007360492723329446
248,248,0.0185992135189712
143,161,0.035787995380210075
138,90,0.012441199216183372
133,89,0.04242424242424243
247,116,0.016676853226228937
138,164,0.03003637071968089
138,70,0.004222172474546311
262,186,0.012792254816313393
138,231,0.011129265782450182
10,10,0.0686059486705914
130,100,0.002232180891849984
43,68,0.01933856337912555
88,87,0.02322677860294909
88,100,0.013087934560327199
41,164,0.007889707303455236
35,39,0.03279356943150047
262,163,0.016121430870384847
148,138,0.0042260993933056
145,138,0.025404527857563378
138,237,0.01923926758499584
91,61,0.038847377888473776
182,51,0.013729814327381375
117,117,0.060177343827837
198,157,0.016498797354179195
100,261,0.006949081081828298
86,196,0.002010916403332376
91,25,0.01113878511138785
138,113,0.009168997377586799
132,70,0.0021158773153154946
215,28,0.01678002283671747
3,81,0.02509727626459144
28,205,0.015416561792096653
70,56,0.0020063896870171904
65,66,0.01594030620282715
43,231,0.006473061159874057
182,75,0.03229707618979868
226,76,0.0034147139410297305
82,161,0.004552191403768791
70,226,0.005096369623120321
72,41,0.002199883895016652
78,168,0.02097112437489918
133,178,0.006751054852320675
241,51,0.007716049382716049
239,100,0.007271066134679389
207,161,0.01164294954721863
138,43,0.0044089685368562444
131,171,0.00547119249665029
231,97,0.002085702147434531
140,144,0.0041936526222621845
229,13,0.004474597780394502
70,114,0.0036842068468921933
224,100,0.012804108381028132
74,236,0.033405411667036713
24,74,0.0351542741527567
75,143,0.012387629795914184
129,100,0.003219871205151794
43,132,0.004683294928849097
238,148,0.0021361217875933026
88,66,0.007200516628995802
70,48,0.02218913193934691
138,234,0.01242302839300147
124,95,0.013193688792165398
116,88,0.0025412586589218782
151,186,0.006784815333535743
13,50,0.010895938649157423
229,158,0.004054837312312771
13,230,0.030098293090476177
125,164,0.022625861819950896
7,68,0.010046984975950378
233,90,0.011309423334902853
138,42,0.005044220515295472
261,45,0.015541405086686172
75,48,0.014529967096159169
138,224,0.0037083015949621757
138,232,0.0034052122642880818
13,231,0.05963758766456463
31,265,0.0022338049143708115
132,88,0.0025923569588200317
138,211,0.004694613877275714
158,88,0.007742086770373564
41,142,0.02447656065454077
88,261,0.017452373264449466
146,163,0.014302741358760428
161,125,0.00448754755861314
263,114,0.0042666328913924575
209,236,0.009707519143060379
125,88,0.007232826313348992
224,161,0.028884892708315322
116,246,0.01703330128142232
43,42,0.0037393068430341303
233,143,0.006250832881726353
261,162,0.021662189564735902
66,87,0.016338894028469962
233,158,0.006549337692451205
13,163,0.015860449797400807
70,68,0.017826807323671902
74,163,0.008750760201175777
24,236,0.043842021080260835
143,232,0.002256931393386046
209,158,0.014544541612619775
168,230,0.0071035871754395515
7,42,0.006147046260701617
209,163,0.011172015565504833
261,144,0.02636127593663716
138,158,0.0047578483419487266
158,43,0.004181180715509514
261,239,0.007074818733491466
69,234,0.003865596193874517
147,78,0.01653926337734538
211,161,0.027985762181693977
70,100,0.015366008822521898
10,113,0.004155604294124437
75,100,0.006145125413860615
159,213,0.01514074883848046
87,230,0.02430018611061373
76,97,0.012323831388304318
76,228,0.004591543906638607
125,265,0.0032572423281871186
254,213,0.016841415465268676
140,148,0.004822851041539138
76,63,0.02085326190931701
132,134,0.00319282085903895
76,123,0.0031566864358140425
91,144,0.0027674000276740004
13,164,0.01904523053400977
171,257,0.028453418999541073
226,132,0.06514538093485461
186,232,0.005421396404159811
32,3,0.01491882404563405
32,254,0.018867924528301886
265,138,0.00460168024654874
248,212,0.010521840790732278
254,3,0.013237221494102228
60,32,0.0058898847631242
200,242,0.005990133897110641
89,26,0.014959219452702188
70,186,0.011821620072285956
235,47,0.009893238434163702
88,230,0.03597029383274136
13,211,0.022075908976911852
138,246,0.006331441629501276
24,142,0.04626857510013808
138,125,0.005098732984841172
12,163,0.025663522702347005
166,211,0.003338347452035996
70,238,0.01372314618681096
233,246,0.012005934559927506
87,125,0.00949543947606878
140,234,0.01225281132276173
87,143,0.004883368873406801
138,40,0.0026442181894301047
216,265,0.005179512151932356
74,229,0.008490119798051953
261,161,0.032594299738856504
262,211,0.0032343441077750702
233,13,0.006881601975817556
70,163,0.026537474745356292
43,144,0.005193400291991346
166,24,0.01836091098619798
166,138,0.006356714960546803
166,163,0.018242155543240178
71,72,0.030365003986273353
43,166,0.009995426641571829
70,239,0.01877057947610159
151,132,0.005778478595144119
229,166,0.0031299000018303507
13,43,0.0038072331386406967
226,170,0.011205169099905942
231,138,0.006037124673292701
261,236,0.007284332138608083
88,163,0.014239586696803358
237,166,0.004560243201304727
231,43,0.003511458987836383
42,168,0.004856514890199179
13,125,0.013775536411954711
43,261,0.0024083422748353883
246,132,0.0031409422615628906
236,137,0.0042482429223888365
138,33,0.006585833154047878
13,100,0.011971633091503524
13,144,0.02030222179248162
13,12,0.004414577472661951
170,209,0.0030160606672241285
138,198,0.0024254414783200277
45,48,0.020981792801564803
225,228,0.007428237915848676
61,68,0.007144328443967433
233,230,0.03281243059318947
143,114,0.004419895166305603
88,43,0.004714239586696803
43,100,0.013617467883883603
43,148,0.00440772076715156
138,114,0.004161118508655127
261,164,0.026095642869435734
229,211,0.004491681055258293
65,43,0.0025779470947968433
209,45,0.016318674421523915
74,132,0.0033593651958181694
114,74,0.0021055227665388488
12,161,0.05203992103531476
264,230,0.019696631981511677
66,246,0.015369005341848459
223,70,0.007549212318035496
12,66,0.010638297872340425
39,100,0.003237664013242776
261,13,0.0152308762898169
146,100,0.0066824283397487255
4,132,0.002724139315352102
107,43,0.004140805481666456
233,87,0.010211352066879292
66,90,0.009161717747470828
205,10,0.02010433151632378
216,215,0.014321129753419806
70,162,0.02787273756842348
244,152,0.016597069856323872
146,229,0.01877723284941089
100,45,0.0030950850491771554
93,145,0.010911650827173531
254,234,0.004980340760157274
114,100,0.011558729654812333
139,196,0.0034488164289073523
134,95,0.038521427120709495
88,138,0.008583575503175116
249,45,0.004919978207277475
93,93,0.045160154875044
86,65,0.010629129560471129
201,230,0.003745318352059925
108,228,0.026882646906772358
210,142,0.005366411542183514
135,134,0.01571029157236054
116,75,0.033055986184972234
97,239,0.0039036247944519912
10,151,0.0038093039362807344
138,179,0.0035120567045976545
93,138,0.021119324181626188
93,238,0.007990144315381907
51,78,0.016247481640345746
70,79,0.011346238543654704
247,137,0.007858203090893216
262,13,0.00449877005839349
165,149,0.028496586759803145
167,213,0.014242336610757663
12,100,0.027418293485413466
12,230,0.08702566352270234
28,242,0.002642839164359426
72,38,0.0026887469827981303
233,211,0.007302706976661543
41,143,0.011231129340520112
143,231,0.008474170863887048
238,246,0.013679456514587813
249,132,0.002090072505402269
263,230,0.01056300233564608
211,100,0.014455789956225899
138,97,0.004136406189127743
13,142,0.009959238432507728
261,148,0.028452668676997674
166,161,0.0151182276409891
238,137,0.004596959554820759
74,140,0.025151798901448967
74,230,0.010565589674778697
144,132,0.00352354687801126
88,48,0.023280594123345173
246,1,0.0021337291800398663
41,68,0.014044280284321515
264,239,0.014640498340039651
151,79,0.005261843432612166
12,211,0.015683263873656504
224,74,0.00625075648851002
13,162,0.029460732620433965
166,132,0.005931174623281345
140,211,0.003175093777659141
261,142,0.00831693392096855
211,50,0.007523392627614536
41,161,0.015096527583911354
167,167,0.027544823597455175
224,113,0.023628378261546176
261,113,0.013622112643385736
24,138,0.00818876539665614
88,45,0.015095253471101066
151,114,0.0026223519387285387
151,234,0.006263283155245194
74,239,0.01718295990964466
70,252,0.0022091259271687534
13,151,0.0020909566126502874
239,144,0.00254510079479385
95,35,0.0031715267377323583
216,230,0.0027889680818097306
211,33,0.0038223688349977077
70,234,0.01096872968268283
100,151,0.0044608483491267
45,164,0.023980422737887
22,45,0.0030168946098149637
66,233,0.010430033722283566
12,148,0.029447247203334064
50,41,0.007815725172102156
45,132,0.006247145700671245
97,25,0.014027311074569242
143,100,0.00907556363487258
166,50,0.012433035125221018
13,186,0.025526591710505243
125,211,0.015366430260047281
39,39,0.10489544536137686
70,170,0.023000076899953162
209,125,0.008494079250177831
17,79,0.015206824156910215
236,231,0.0049838096440093715
264,166,0.003883016787302183
181,189,0.014491138111693233
66,209,0.005879017577367274
264,13,0.004176296000844644
70,263,0.014163573191278147
139,131,0.005173224643361028
87,236,0.01010586058524463
76,89,0.01627766086346534
13,246,0.041429344098335395
209,161,0.02125611950290807
45,68,0.025755473792146693
212,81,0.005417735956658112
78,174,0.015486368769156315
191,230,0.0028606772846760478
97,76,0.013326660470436834
112,76,0.0022463298933653986
12,164,0.04057907435841193
45,209,0.011425814067710443
12,68,0.02791182276815091
70,137,0.005285124053606258
254,263,0.002490170380078637
197,216,0.10106171728136831
82,157,0.01913508363328393
76,244,0.003204515018174861
157,90,0.0071630779788968
25,36,0.011713196329326613
138,88,0.0037003064327621395
222,216,0.013501817552362818
87,246,0.02212979994465515
101,265,0.013451708366962604
43,79,0.007151735824054693
70,158,0.004173570185189069
179,223,0.036838313833619
93,48,0.010946849700809573
145,142,0.005512639823024638
181,155,0.0028345303119575774
70,246,0.006138014443209385
132,4,0.0022009468053239022
13,239,0.008774765900486177
12,158,0.01699934196095635
232,112,0.005697788731809307
224,263,0.012397765981360123
45,144,0.018491551273986884
250,75,0.02359422097495063
41,138,0.006472394614211781
70,107,0.012045329026935956
87,151,0.002156821252421337
66,151,0.002208361932615118
232,239,0.008321679289957215
75,107,0.006608956814990211
143,13,0.0067383326385424425
151,90,0.004417108214254234
52,188,0.012996903081687567
100,116,0.0025324679812829603
262,234,0.013884259046392938
87,138,0.010447696406383105
7,233,0.00592419261983026
246,140,0.006376904625156255
149,165,0.04396892862377253
140,114,0.0050576715042357995
13,137,0.010974500602811913
254,116,0.012057667103538663
166,162,0.009335497321405008
70,43,0.0041525974706906315
74,224,0.0027367242328001466
45,229,0.011089760712777782
45,261,0.019516944844166027
45,161,0.023204914995734707
264,170,0.014839928205248525
43,264,0.0020140366924064662
75,116,0.010096661438953637
189,100,0.0029820672980052387
50,151,0.010295446684592813
41,236,0.026860222904632036
49,71,0.005946375287121912
140,88,0.004189638597258822
261,100,0.018968445784665115
88,65,0.003202023463566893
264,144,0.0043757258660535175
82,28,0.010401228033029853
12,232,0.014641368721210793
230,166,0.004933687395057436
125,162,0.014632885605041314
209,230,0.025607766015314448
169,60,0.00928352174889571
12,162,0.026211888572055274
39,71,0.03451885391562599
61,137,0.01127481271885604
97,230,0.007292485879745478
70,89,0.002216116832001566
87,43,0.0035160255888528964
215,85,0.0021843816710519783
70,70,0.027837783044259417
93,162,0.013305174234424498
45,107,0.02061127243586982
86,265,0.003926074882696543
66,256,0.02045719060550897
188,76,0.031409814660331506
166,158,0.004057477634391576
28,197,0.027561036999748302
94,234,0.005772005772005772
50,114,0.008250861905452598
86,61,0.020875227425069424
117,222,0.004782305469761881
220,238,0.016075503007674755
35,61,0.05315121155638397
35,97,0.01761999068033551
138,4,0.002243733246501026
227,14,0.05244902249316796
211,112,0.002599929889531069
220,158,0.0021779713752333543
133,87,0.009129267357115459
205,126,0.0023445284567141433
218,35,0.013157894736842105
70,141,0.015477863299846899
219,107,0.005215318134406199
35,145,0.004222972972972973
55,14,0.028697161274327507
167,72,0.00354251012145749
102,48,0.0021983107717227814
157,132,0.04254954104829716
12,261,0.031805220443079624
224,238,0.006008680165303547
177,188,0.02599867445923962
12,125,0.005703005044966001
219,93,0.004023245417970496
215,37,0.006453854937199027
10,89,0.003924737388895302
13,209,0.008391020973020013
12,231,0.02917306426847993
209,238,0.005447926691493368
13,90,0.0191691166916957
113,166,0.003374772141297029
264,100,0.006944851776685476
45,236,0.008814938002464391
264,163,0.013889703553370951
222,82,0.006318158213605677
244,132,0.00253910397055701
70,249,0.005774487391903134
70,164,0.02987912725544067
224,231,0.020628360970380233
65,246,0.0103261103074918
70,256,0.005445914864760946
145,236,0.00528963659393788
10,138,0.00454038246950633
70,17,0.004019770278867194
248,182,0.007864810288022106
13,261,0.01094126285318886
262,148,0.0055965216791576625
261,17,0.00211758191600009
78,235,0.013711889014357154
88,41,0.0032881282962006243
112,157,0.0052326272810158695
226,263,0.0076370997423629
70,173,0.002230098641667191
140,232,0.004963341916656799
80,132,0.008402278778162664
195,181,0.022898972361691146
45,249,0.02129199589842572
166,230,0.015771382577257013
45,13,0.015389520305377715
74,244,0.02512283885665743
152,24,0.01437387003750355
140,13,0.005573473717167784
92,238,0.00334762436130851
24,50,0.01203707501127835
41,107,0.006017136598879034
74,262,0.01843789518394455
45,100,0.013536918476902795
70,112,0.007592122648434387
33,255,0.01844933285250631
51,69,0.01416780399038149
209,43,0.003648688229633039
50,45,0.00320216006337376
33,161,0.02019473494410386
244,166,0.030062283247222026
226,229,0.00886394307446939
256,246,0.007624402854385819
33,138,0.008265416516408223
13,229,0.011276661963021493
1,265,0.034261241970021415
42,170,0.009731708683822202
13,181,0.003967378659551774
140,113,0.006696397211858233
13,107,0.017050965556626548
264,132,0.008153162136480414
116,74,0.04344669243901961
262,4,0.0026495471056140513
7,145,0.02451390049584935
12,249,0.013105944286027637
143,166,0.01876789656044339
12,48,0.0376727352489581
41,132,0.004939119977666588
88,148,0.03222473361317404
169,41,0.02785056524668713
159,76,0.007652364033889041
10,90,0.005232983185193735
211,255,0.0038313573566555507
157,82,0.024062794887192245
168,116,0.0141255239235752
66,144,0.019934942851174312
145,239,0.003666173086186288
209,132,0.007799489518389891
166,143,0.026921199166072888
129,141,0.0042384018924957285
215,77,0.0055105992156084
86,238,0.0027769797950780426
216,56,0.003563681437867989
197,223,0.0029124414202123436
66,50,0.00499865707720314
223,249,0.0032760732700908755
45,246,0.016061627015243034
261,50,0.010427033215357333
88,234,0.020218491012808093
24,152,0.010752026685258854
37,113,0.004145507306456628
37,225,0.021155041973261478
225,75,0.009780513255867424
170,232,0.005995357688647963
169,167,0.014748820843003668
232,43,0.003246978025781975
208,223,0.0033333333333333335
87,265,0.0023413040765278164
168,42,0.03706929399597191
45,211,0.012563225422867138
93,237,0.011404435058078142
211,166,0.002548245889998472
222,222,0.015665570365241476
45,230,0.03505294994528362
70,143,0.007375404598617199
39,35,0.02955281287275737
226,157,0.009865865129023025
66,231,0.02150168611417828
261,49,0.002087651429554859
166,68,0.018651202068983717
74,170,0.008885907076869612
56,162,0.010909337308578399
92,265,0.0025841310859223586
233,4,0.005744440792103837
7,161,0.014355488699463294
6,6,0.0728744939271255
158,100,0.011703902057118219
216,170,0.0022577360662269248
152,116,0.02649155049531579
261,238,0.004029391737689217
33,67,0.003288856833754057
74,43,0.00713865104111361
12,144,0.026869927615705197
224,209,0.008144139159303511
262,114,0.005567784725734517
134,134,0.09647281836030058
125,238,0.007688916254285345
65,162,0.012789481975853228
261,66,0.005380004938530264
229,224,0.005188434622917213
197,205,0.010087638010008207
24,140,0.013752751233783101
45,231,0.028917822029589927
41,163,0.012227543109927632
171,215,0.0032124827902707664
263,232,0.003177165624785327
13,114,0.01770363409467924
13,265,0.0020214594998020845
92,48,0.005226992423797498
33,113,0.011092679408582762
140,7,0.0025368638021246235
61,39,0.019188863954206915
12,114,0.00948672954595306
225,144,0.005624237279142569
40,225,0.011304176127949452
66,237,0.009027425467784775
122,89,0.0070860698237124094
45,66,0.006497031528698095
236,100,0.005045928549454536
261,256,0.002686261158459478
151,137,0.004860288140407236
13,143,0.00943347766574306
246,74,0.0021189482752795702
236,144,0.002480812160318049
74,249,0.0029925379617920475
66,88,0.011429765137724193
65,132,0.010927631296277732
262,45,0.0020963607522184926
86,232,0.006224265057933544
250,35,0.006340297266396425
94,97,0.005772005772005772
244,239,0.03054002406398188
233,45,0.0035500750704062687
45,237,0.0094008771854239
232,45,0.011554810927569544
114,66,0.0021737390804703253
82,179,0.010718822782130003
75,230,0.010883380997775659
152,151,0.03190042882543667
82,87,0.0022760957018843953
223,197,0.003162122895479019
188,161,0.005821334010373218
213,25,0.0027376514445479963
209,265,0.0021172433993054103
159,75,0.03000819896146488
238,13,0.0030646397032138392
12,246,0.029227900855450756
12,239,0.007731958762886598
167,254,0.010916714864083285
66,132,0.005058342534841386
70,140,0.009927084862593765
130,98,0.005657130199192326
98,203,0.005014102162331557
70,181,0.007389386408282824
82,162,0.0035729409273766674
152,254,0.0028239723878255413
262,42,0.0036007402639201803
134,132,0.1468417845778891
130,265,0.004106531259052261
264,161,0.02218363971235175
181,161,0.005939774193034699
197,132,0.05446265455797082
129,173,0.018021422000262848
76,55,0.010793316752758115
207,163,0.015523932729624839
55,163,0.005702243708937647
139,188,0.019438783508386896
252,174,0.0028314028314028314
24,237,0.030943690276011977
65,163,0.00537072311416009
66,255,0.029305559700379003
181,61,0.03842540248737997
66,48,0.01712972634217673
70,92,0.0075571681242703245
70,7,0.009934075767426578
125,43,0.003557501539303551
33,230,0.01446808510638298
66,228,0.006848906263988779
24,144,0.0028503465529262193
88,33,0.005279302550855667
129,70,0.023081219608358523
74,265,0.0038613393055381257
66,161,0.022934137097496195
134,216,0.05788369101618036
235,177,0.002633451957295374
151,144,0.0020224675083004417
134,61,0.005822219213323404
189,40,0.008382026999798509
264,48,0.01270485553065941
12,234,0.015134898003948235
24,170,0.009309765000205061
88,232,0.01801743622860833
24,68,0.016897018414469098
45,239,0.009211308626231119
146,233,0.008636354754879932
70,142,0.014331354907265647
145,233,0.007198544234920522
197,232,0.002065185734332389
224,237,0.016988570539311465
76,85,0.010809259613545055
66,67,0.0033871497209704855
25,33,0.020776786868295205
65,112,0.010025349813098836
155,230,0.005592312539382483
33,186,0.008308690948431301
168,107,0.006423166947907027
12,87,0.02538933976749287
75,161,0.021543815410477975
234,74,0.002472413112647837
260,230,0.009775967413441956
70,113,0.0077808770789203245
51,97,0.003834405667121596
37,61,0.030326976888796767
181,80,0.011561061834164053
232,65,0.0024923498705362707
41,230,0.01754031825112204
216,223,0.0022577360662269248
216,236,0.004913896144140954
70,116,0.0031668798892640674
93,132,0.04794086589229145
70,49,0.004376306425340632
263,13,0.003523863089922374
70,229,0.014862663674559398
65,195,0.009280609541268636
219,132,0.04000894054537327
220,116,0.020120306990250986
45,186,0.023360016544165165
33,249,0.011987017670393075
124,124,0.08147442872687705
70,129,0.010479366344385954
12,132,0.003509541566132924
70,25,0.006005187251385947
65,261,0.009366541111095198
215,140,0.013155935064290324
87,65,0.003033114666927113
24,234,0.008161423942911045
170,4,0.005214670857241717
70,189,0.0032927161762546925
209,90,0.014285116532072472
6,195,0.17651821862348177
146,162,0.014556751792727486
219,236,0.004693786320965579
219,265,0.056474444941141407
262,113,0.005559163639707573
171,135,0.011473152822395595
125,151,0.002861964379375613
67,90,0.0036059662350434356
24,163,0.022474674978468605
81,241,0.00855327468230694
235,90,0.005765124555160143
56,56,0.027984821791570674
257,165,0.0058823529411764705
75,79,0.008630851707207069
88,132,0.006909912818856959
52,33,0.05670914352439458
129,83,0.013257326849783152
65,67,0.0023917620268392938
33,148,0.01686260367832672
41,233,0.005149569437584556
10,148,0.006849051521797683
129,92,0.014932974109607044
67,48,0.012456974266513687
196,79,0.006505881579812052
238,162,0.015320015026072784
209,79,0.0509477383990962
97,14,0.006305855437191678
209,100,0.010912590484957529
33,246,0.014121889650198342
95,132,0.018735500543270785
64,64,0.2090608777725342
33,68,0.01441038586368554
151,231,0.003697246897740517
177,177,0.026269807796589745
226,93,0.0026274894695947327
49,97,0.02294828585535496
93,41,0.004998240056318198
226,216,0.006829427882059461
70,90,0.01144411121131408
37,97,0.015623380661208415
215,233,0.0032765725065779677
10,48,0.013967447766362691
10,230,0.028396629343183655
74,162,0.009962255408288365
130,164,0.0029819210387308946
219,100,0.005736849947846819
45,163,0.01124486226120824
45,33,0.006488414776007514
43,74,0.006269312178618963
24,43,0.016179305253660337
255,80,0.020655541664401804
134,130,0.02809559271545596
4,100,0.009806901535267568
67,246,0.005572856908703491
129,56,0.015343671967407019
125,166,0.003534697042256733
81,208,0.015029325513196481
13,224,0.00500379212507063
163,125,0.0033476007225320035
210,35,0.009677135567871909
143,148,0.0030599274228269562
70,138,0.028019546569912544
262,230,0.010993321532024461
113,33,0.003543100192140312
125,229,0.007920761974261325
173,53,0.018648018648018648
213,254,0.012639794967381175
67,45,0.0022947057859367317
219,230,0.01579496349277306
70,144,0.0052431786246093836
45,90,0.013890205337216617
93,234,0.00936290038718761
74,226,0.00261605737950208
108,29,0.03601585386868861
191,205,0.030926240915416733
244,243,0.03872354731403496
232,13,0.0107586436078149
226,48,0.006348914243651086
262,231,0.008292047910248746
100,224,0.003191849655448884
75,246,0.008682103795729677
179,132,0.003105050053406861
75,232,0.005804299025185276
67,230,0.011637436485821996
17,34,0.003385598910555881
82,171,0.006643023502011434
70,232,0.00317387079409688
236,148,0.0025315919004835416
144,65,0.0023433462780191048
209,237,0.011105067157621658
13,33,0.004849689831363745
100,74,0.003878878359978159
72,35,0.03085948241620581
24,114,0.0031716086344310925
146,224,0.0024424080189140076
70,41,0.0069140048796515734
261,125,0.0126194413474705
42,230,0.016244419677602127
75,142,0.027999015959900366
203,205,0.03309133884855647
13,45,0.008366848064203247
10,112,0.003770826118742545
62,188,0.03699932111337407
28,226,0.014409765919959728
28,80,0.0038384092625220237
159,47,0.01514074883848046
28,229,0.003020387616410773
43,137,0.003427087181110857
86,137,0.006798812601742794
191,61,0.011674655945569816
145,68,0.008822007742672115
219,237,0.005140813589628967
93,90,0.008166138683562125
223,239,0.0082614021593596
144,80,0.002430326380041648
93,141,0.012425202393523408
260,255,0.00954684317718941
45,255,0.004463477893720973
4,230,0.01270309175474717
66,68,0.015697275358858814
41,229,0.006223291171859901
252,216,0.007207207207207207
13,238,0.006880214171972116
42,127,0.012863538157886545
140,42,0.004360234659901697
95,134,0.01999823804070126
261,265,0.0031576663199718654
7,202,0.003649228369268483
33,49,0.012347637937252074
4,42,0.008717245809126728
67,170,0.012620881822652025
47,71,0.004461043676729951
165,55,0.022860771551039848
234,166,0.0025573955616115555
202,202,0.05131145191342984
130,37,0.010956429873736944
88,181,0.0052254870304595845
152,152,0.030451088499409806
66,229,0.007266704467456505
67,79,0.007048024913948533
93,42,0.003977472720872932
112,145,0.02254258116518453
45,181,0.003808604689236814
130,230,0.0060660793702182764
223,142,0.005982394667122468
82,107,0.0035200084691933095
194,239,0.031379962192816635
24,113,0.00369109625558791
42,246,0.014992933148204646
264,232,0.002299309034172894
88,4,0.010983747712840383
89,225,0.012748685113194604
164,166,0.0037417209567095263
209,97,0.002962467048830495
113,43,0.004158934524493784
10,75,0.006618184616568548
222,35,0.02734983555478622
222,17,0.013155617102302232
166,262,0.00837555749082944
45,142,0.008237615572195463
209,262,0.009724256245031173
244,143,0.016013164413617383
157,233,0.0039032341082611307
80,95,0.005009876613895966
264,238,0.011402695822530883
254,208,0.009174311926605505
252,93,0.007722007722007722
70,243,0.0035373978454031306
70,198,0.0028173346476234418
256,181,0.01402175337439392
124,25,0.003128400435255713
146,164,0.015182008245569471
70,231,0.010395475486392204
70,82,0.003963843040204694
93,249,0.00791974656810982
93,216,0.0070045758535726855
93,161,0.01844420978528687
70,145,0.006760204973329698
261,181,0.003543021332954214
157,7,0.01887278030368019
230,224,0.0025932062557479556
24,116,0.014244897401194822
197,93,0.002568243797823612
243,41,0.02430479960415636
81,168,0.01918377321603128
82,164,0.004446326487402075
70,50,0.005054424194123446
196,256,0.004008674508773083
191,177,0.008968609865470852
10,262,0.00400169302397168
70,260,0.004019770278867194
232,236,0.011520194957145428
129,7,0.03620712314364568
93,186,0.007990144315381907
69,119,0.011497670730498562
93,263,0.011439633931714184
143,127,0.002178340292632255
89,76,0.021781385776354904
235,126,0.00903914590747331
39,124,0.003042917305679301
108,22,0.03498190591073583
45,125,0.007780927679594668
56,137,0.01633012603333785
219,170,0.007301445388168678
10,142,0.006849051521797683
223,162,0.009315443124519271
157,170,0.00969374624689028
223,141,0.010511922057943766
70,261,0.0062848234446984475
50,261,0.005168643377553639
260,170,0.007815682281059062
93,163,0.015698697641675467
116,254,0.002482387801958437
145,265,0.0026492783615506754
28,263,0.0027686886483765417
216,121,0.006640400194785072
166,148,0.005080093948750429
34,25,0.010279779567613395
159,167,0.021153320579393276
64,175,0.023124115148655026
64,16,0.02973100519112789
10,231,0.007118396244565008
28,68,0.004845205134658948
196,48,0.007031609384241309
223,226,0.01729196934734923
66,80,0.009848100510310662
160,216,0.015418929402637704
14,29,0.009281643930236574
203,265,0.02735100455850076
203,38,0.015363835893972649
260,231,0.006160896130346232
181,261,0.004044779209197892
13,237,0.012905311694551124
256,145,0.010173812558821077
74,211,0.002292670212663262
152,229,0.008337442287865884
217,217,0.055722113098314895
9,107,0.0027039206849932404
82,141,0.002911285200084692
232,224,0.007027041996095319
145,107,0.007929994826325086
136,136,0.025853985264567985
102,102,0.04743723244243897
232,37,0.005857022195760236
42,24,0.007614766295786662
12,12,0.02072822987497258
209,75,0.004753336959705427
146,226,0.020867934113601282
93,226,0.005174234424498416
34,97,0.01483679525222552
116,159,0.0025608822779096922
10,197,0.016391550271268613
179,82,0.011401743796109993
28,170,0.007362194815001258
256,113,0.007850752314125398
137,7,0.0031413109829285524
224,144,0.016642747220445075
7,170,0.00996341486062362
87,145,0.002363007938187402
14,128,0.012087722327749956
129,63,0.0034005782625837824
51,225,0.002729576915578085
39,230,0.0031159473210156043
78,18,0.01516373608646556
42,226,0.0025590097690664907
18,68,0.00890985324947589
28,157,0.00421595771457337
20,137,0.011472275334608031
117,125,0.0025904154627876858
213,213,0.04298695246971109
77,124,0.004822071659647195
188,35,0.018751586812230242
218,140,0.01807128580946036
17,68,0.010402678216791814
61,236,0.002710291518955779
116,87,0.0039345356070566535
218,80,0.006245836109260493
10,189,0.00200084651198584
74,100,0.006820090548406715
259,231,0.014044943820224719
198,161,0.006764882742032472
219,233,0.004321263597079422
155,140,0.008349086326402017
76,140,0.006233658567693387
235,231,0.008398576512455517
242,197,0.020466901183242726
67,87,0.019177184068185544
137,138,0.004710251784991667
191,55,0.0061079325807948046
182,239,0.005904531550117379
166,140,0.011450003958514766
219,79,0.004619281776188347
97,140,0.006677629227139487
182,116,0.017073344241303266
78,234,0.005081464752379416
152,74,0.04594558250033619
240,202,0.02330097087378641
121,55,0.003907122125474436
260,132,0.017311608961303463
260,75,0.009928716904276986
203,137,0.038325173054195506
203,197,0.02076650346108391
69,107,0.007285162057686589
159,246,0.004427439191035802
121,243,0.003014065639651708
135,247,0.0049261083743842365
216,140,0.003962105449555093
197,140,0.005692499139505944
165,165,0.05858072709953961
35,107,0.004222972972972973
35,197,0.005475302889095993
119,100,0.009884820354134434
93,125,0.005244632171770503
86,88,0.0046921382744422105
72,230,0.0037581349873201135
225,7,0.006154825701703189
225,100,0.004916786049061743
47,231,0.024380122419338107
47,88,0.011411972196285921
155,76,0.03757088846880907
155,124,0.003544423440453686
157,66,0.0032169511881273054
181,55,0.0043154927783174354
25,157,0.002374951531601396
167,231,0.008892423366107577
60,88,0.019590268886043535
7,93,0.00295281074154549
38,166,0.004356435643564357
225,76,0.02178949788648945
89,197,0.004764082628249104
22,231,0.008547868061142397
28,75,0.009816259753335011
56,68,0.007047025342187288
58,76,0.07246376811594203
71,42,0.0032236819300495686
222,170,0.006750908776181409
215,76,0.02353174800178722
228,7,0.005272407732864675
26,161,0.0059447983014862
86,97,0.008330939385234128
178,137,0.0153015301530153
7,237,0.012600516277601352
13,140,0.012340269950959212
129,164,0.0066204494677355764
74,48,0.014069755094554546
202,140,0.03425541063494338
125,140,0.006472676411788405
18,197,0.011967155835080363
91,140,0.011796042617960426
195,195,0.05574585894608418
179,140,0.022629604789229204
62,33,0.014030323602625029
146,90,0.00851911916997206
47,261,0.002386139641041602
74,261,0.0026305374018978484
260,161,0.0075610997963340126
259,68,0.00924625468164794
112,140,0.011178794645806631
165,162,0.0038101285918399745
41,186,0.00812163119805871
159,97,0.002623667668761957
175,37,0.007988380537400145
225,45,0.0052528253833501355
215,87,0.003971603038276325
182,140,0.02760190652344028
235,230,0.0099644128113879
42,263,0.014488602755760886
248,197,0.004144967584227867
28,65,0.004027183488547697
175,36,0.023965141612200435
219,72,0.007971986291163762
218,85,0.01015989340439707
93,170,0.014466737064413938
165,108,0.008969677726623274
130,162,0.002743367355632423
139,62,0.011443799968647124
205,231,0.012132934763495692
130,148,0.00310119788028013
226,166,0.0025252525252525255
119,231,0.0135808836169847
69,170,0.008920606601248885
41,141,0.010672794038696932
254,262,0.0027522935779816515
254,170,0.008650065530799476
94,42,0.03373015873015873
241,170,0.018518518518518517
38,48,0.005544554455445544
10,239,0.007772519142714225
10,37,0.0032321366732078957
91,65,0.009167012591670127
180,225,0.01000934205258241
76,177,0.020119890313117787
192,141,0.0032626427406199023
92,42,0.005520643683561402
210,137,0.016011260666842615
76,181,0.011733945539187551
71,137,0.014801206280980276
35,65,0.013222273998136067
181,39,0.01057375352325748
49,14,0.006418650580683941
14,67,0.025082023830081162
165,140,0.02032068582314653
127,249,0.004434991175272661
55,232,0.003966778232304451
165,225,0.007858390220669947
71,97,0.01805955145758952
41,87,0.003212575428951833
76,37,0.01997640456603533
124,37,0.011289445048966267
55,87,0.005454320069418619
39,188,0.04194357214148348
223,137,0.010996211150044156
223,75,0.014557160356664673
91,205,0.004946727549467275
39,218,0.0036758441052605955
205,76,0.02485200164116992
89,137,0.010976446375485937
85,230,0.002607926232943697
119,41,0.03360838920405707
94,170,0.010822510822510822
169,45,0.004042823987422325
254,197,0.020642201834862386
11,135,0.008085550339071466
108,130,0.011201102877821816
258,230,0.004541213063763608
116,48,0.02814026962852489
71,130,0.007071302298173247
135,151,0.015310877379842897
37,237,0.003355269976163333
93,4,0.002499120028159099
25,65,0.010226832105467236
222,36,0.0047602561883330445
210,140,0.01020497932611947
149,233,0.010259416678880258
179,209,0.0028069652482798023
39,261,0.0027751405827795223
61,117,0.0035016966424908664
61,222,0.005355536041456619
75,45,0.00217821376221081
10,188,0.005887106083342953
10,71,0.005386894455346493
91,86,0.0060882800608828
10,43,0.002154757782138597
63,61,0.02573950928686081
41,88,0.0028818691347950267
70,61,0.0052291968149437585
244,161,0.012040837992780806
193,68,0.00813274247154799
21,89,0.029046242774566473
42,231,0.00729099863644005
53,231,0.011862917398945518
116,186,0.011087344728114758
215,55,0.004170183190190141
20,20,0.03107074569789675
262,88,0.004382385397029748
226,244,0.0037827669406616774
155,198,0.004017013232514178
228,33,0.010654657293497363
131,142,0.0034613666815542653
117,209,0.002690046826741058
226,140,0.01663395084447716
119,48,0.021144920061887573
224,142,0.010141268825756921
177,228,0.007079592697475447
157,37,0.02822338509050356
198,80,0.03100571256764883
40,33,0.04645078487511107
14,163,0.00474874805733034
81,140,0.02113880742913001
40,25,0.02088063974726034
215,238,0.0032269274685995135
35,130,0.0071062441752096925
24,230,0.014907927654513391
70,132,0.01077298434736408
65,231,0.01754436217292296
52,106,0.00837691018936894
21,210,0.03786127167630058
75,148,0.005022704675215515
146,137,0.01203618671720823
42,262,0.0067244052325834795
65,35,0.007576300073041834
225,68,0.009320669956314887
226,162,0.011828814460393407
75,132,0.004909950080465779
263,100,0.004455545442055369
179,211,0.004595474079042154
82,71,0.0020114334109676054
77,37,0.022584386254043826
171,164,0.0052776502983019734
152,68,0.02474337711237617
209,114,0.01860328884053726
244,236,0.01569467053577748
135,97,0.004659832246039142
177,130,0.01211062240163885
191,14,0.0024740992732333383
72,17,0.014879770234348742
66,140,0.00787848040824853
61,77,0.008401903708762915
117,91,0.009166085483710272
29,165,0.0276690888764673
28,42,0.004341807198590486
71,75,0.008215189434642448
91,161,0.002732807527328075
85,100,0.003353048013784753
45,225,0.0033691503020171817
177,62,0.01256251129722239
47,87,0.009959539371304078
213,48,0.00891192917054986
248,164,0.007333404187480072
235,161,0.009537366548042705
91,89,0.06326968313269683
71,25,0.013033380706436965
25,195,0.010986170350264961
35,216,0.009843895619757688
89,188,0.03165256498208705
224,138,0.0063112755693116385
131,89,0.004242965609647164
193,237,0.007956491086715681
55,51,0.0032230073137473657
39,62,0.015044183159278463
62,228,0.010522742701968771
108,55,0.0487678786834396
150,123,0.04216719784260848
225,91,0.008560159883977998
76,170,0.002694343472992794
76,61,0.03649320834130476
127,168,0.0031225958274878943
210,45,0.011260666842614587
223,134,0.00296270973990827
14,65,0.010101882231048178
55,210,0.029750836742283376
22,233,0.005229283990345938
181,233,0.004729525295794385
248,183,0.0036135614836858326
179,93,0.0032044116551158803
232,234,0.024812727600005538
17,263,0.004274555049081728
17,234,0.007679067920031775
205,244,0.002813434148056972
218,42,0.012241838774150566
117,61,0.02371226462090266
117,65,0.010461293215104115
42,162,0.00946397773474712
218,246,0.004830113257828114
61,232,0.006016847172081829
89,65,0.009794953883680159
189,228,0.00999395526899053
82,49,0.0021437645564260006
129,33,0.0020863451176238667
225,234,0.006526237597495622
62,159,0.0021875235724522894
61,37,0.02502141130299975
219,49,0.004097749962747727
56,166,0.006369426751592357
74,24,0.00920929424370843
220,244,0.055901265297656086
247,87,0.0055880555313018426
250,41,0.02109967778817171
130,91,0.0034419888561350895
226,237,0.015928515928515928
243,166,0.02450272142503711
243,152,0.013399307273626917
205,37,0.007736943907156673
71,14,0.006724669832576519
49,249,0.00779254234377348
22,90,0.003821399839098954
22,87,0.008145615446500403
89,71,0.02277231496303072
147,263,0.003613620569840167
86,26,0.003830316958728335
10,261,0.003270614490746085
10,236,0.006348839893801223
21,62,0.002745664739884393
232,75,0.015930269589177662
25,237,0.005735427168153031
20,76,0.006692160611854685
145,140,0.010454391379587176
188,72,0.024155815893511297
226,161,0.012912526070420807
140,261,0.0026753476647406035
179,7,0.0678391335668331
76,91,0.015751546457496334
116,236,0.015414352714927687
168,254,0.01243808175929454
24,141,0.014463629031155587
77,92,0.003418177378990417
229,209,0.0020841595333825494
205,75,0.011722642283570717
140,45,0.0022950187956720784
33,195,0.010443562928236567
195,40,0.013654919994369106
61,216,0.004694224910831409
116,265,0.004013030083007909
159,163,0.002022410494670675
33,170,0.019055174900829426
131,182,0.0027914247431889234
182,48,0.00988831187308814
166,246,0.014333122212545853
75,69,0.0020833973984439864
179,53,0.0032540924559703904
65,249,0.008192142990132191
95,95,0.09335447684491821
34,26,0.00423908435777872
222,14,0.007097109226241994
52,170,0.01655074376808651
89,150,0.003506364814391341
210,237,0.003518958388317058
77,188,0.034059696026368796
35,72,0.025250465983224606
177,77,0.01211062240163885
35,37,0.018843196644920783
225,61,0.0408376222564157
96,258,0.03508771929824561
248,234,0.012328621532575194
182,142,0.008109838514619052
25,188,0.013910430399379604
226,146,0.01184926184926185
250,42,0.03824966219727679
218,231,0.005996002664890073
222,234,0.00441405573827246
33,231,0.026368553912729895
3,100,0.0178988326848249
18,42,0.03293151642208246
39,155,0.02629080552106916
121,130,0.05637419066755972
210,91,0.023489047242016364
85,188,0.03688352815163228
188,181,0.03383990424721628
61,107,0.006211988161446645
225,37,0.028121186395712844
213,197,0.006582013047530289
35,222,0.010135135135135136
41,4,0.004286297163227178
117,29,0.0031882036465079207
185,41,0.018167330677290837
241,100,0.006584362139917695
35,150,0.002213420316868593
35,71,0.021231360671015845
29,48,0.004332029066517608
169,205,0.003219285767762222
168,75,0.03306842305808067
116,140,0.013903334052866029
78,48,0.007743184384578158
218,137,0.007578281145902732
61,72,0.016955583742587352
69,41,0.0383586083853702
177,137,0.006446948243658493
222,61,0.03470659511857365
49,130,0.0025331129381963376
55,235,0.0049584727903805624
42,237,0.013965593459893282
223,170,0.011822351365980116
235,244,0.04120996441281139
225,97,0.024955342141101147
35,75,0.006261649580615098
134,28,0.019429964118881593
62,236,0.002451535038093083
218,25,0.007661558960692871
225,261,0.00456306043402133
159,142,0.0063405301995080625
42,161,0.014656712886575472
42,45,0.004271242582918765
135,88,0.0030621754759685795
56,50,0.0024393549261417535
165,75,0.006191458961739959
213,41,0.02359040074557316
71,203,0.0024264272591770944
247,107,0.005806338950493321
165,188,0.022305127798063186
188,61,0.050651046389322114
182,163,0.008821227858006687
22,11,0.026850362027353178
55,140,0.012892029254989463
72,72,0.03235662562253659
256,33,0.008231972456844688
33,55,0.003159033537684818
108,11,0.010856453558504222
10,72,0.006579706799030359
35,91,0.018173345759552657
49,76,0.012901702337762702
52,229,0.006650758998832309
77,226,0.005249343832020997
252,45,0.017503217503217504
89,33,0.008594405061361384
77,197,0.006775315876213148
168,41,0.029176419356594634
24,100,0.004401974052960396
166,234,0.00834586863008999
167,75,0.034629843840370156
10,265,0.016853284081726885
166,137,0.004387353864829916
72,91,0.0319288704207278
91,141,0.002110142521101425
191,100,0.0031699396938302147
152,142,0.020873489025355983
26,22,0.04302901627742392
181,49,0.015589916715766677
181,237,0.004267719795531633
220,162,0.009437875959344534
224,75,0.012069233828437052
166,164,0.00907489509935872
32,31,0.0045341524060260345
97,107,0.00956602559519554
262,261,0.0026797209067083542
207,207,0.4426908150064683
226,236,0.010336155072997177
241,242,0.011625514403292181
146,140,0.026671095566540966
188,140,0.011878422980668093
202,170,0.021499211695571164
95,141,0.005285877896220597
223,252,0.003760362362191266
262,244,0.0038550623017150213
242,242,0.048502291866538746
213,233,0.004776328052190121
74,234,0.008654226718537324
130,121,0.01674987646327125
49,228,0.008973230577678553
244,265,0.005626725175171633
212,212,0.025853055793175553
244,142,0.024081675985561612
35,155,0.011707828518173346
89,161,0.005983687781080875
89,85,0.0138348959524354
70,88,0.0035234160357375055
89,91,0.032167085905937955
131,132,0.004354622599374721
188,48,0.004588154220013783
160,25,0.0034910783553141972
10,132,0.01654546154142137
200,141,0.008456659619450317
42,88,0.0038354015030290954
7,138,0.00889557449811503
225,65,0.011973612069117985
74,88,0.004030272900155419
65,80,0.009853486673445712
264,137,0.006499067372100935
200,200,0.05743481324876674
61,177,0.01625090794765885
85,210,0.00619382480324128
71,76,0.04308641547367326
69,75,0.03151947665774606
17,130,0.0030640615838550436
49,225,0.021810531739046433
42,182,0.002527878263360086
189,161,0.00616562562965948
61,97,0.02240869027872638
207,229,0.006727037516170763
77,33,0.00689739363974852
39,61,0.04432921930913605
183,237,0.004764930114358323
242,74,0.020040507408591833
264,42,0.0020412233262555282
76,222,0.01544863210254448
61,91,0.012532387983651522
61,49,0.01558959681703364
264,140,0.010687094541487278
85,164,0.003492758347692451
39,130,0.008471481779011173
81,75,0.022116324535679376
51,263,0.004549294859296809
89,238,0.003601646466956323
85,97,0.018069203185395614
188,222,0.005712524028870915
89,72,0.019380288131717358
82,173,0.02262862587338556
72,237,0.003544257386415717
254,181,0.002686762778505898
14,237,0.0044897254360214125
227,137,0.006516712213579987
159,243,0.010767969390543865
61,25,0.01596903762968745
4,75,0.011819897113559331
17,177,0.012691267424486013
61,65,0.013074446287442677
18,236,0.00550314465408805
136,74,0.02813127930341594
222,219,0.0045871559633027525
139,225,0.0065841040915503996
181,238,0.0058601525550583625
106,97,0.0115916183682568
137,45,0.0035614098862132115
83,95,0.016406947209446007
205,259,0.004571830490592579
167,137,0.010121457489878543
76,107,0.004177029526178177
259,42,0.032888576779026214
213,43,0.0026211556383970176
61,140,0.0074587222601663035
119,188,0.0036101083032490976
235,116,0.014234875444839857
136,68,0.009243134628265239
247,231,0.004060071596961495
203,39,0.014688502448083741
10,216,0.034822424872061254
189,25,0.015958089865001007
55,222,0.010102888310400397
188,39,0.02698487541257118
77,222,0.016358420313739852
97,89,0.014985343533280904
215,121,0.014744576279600853
9,140,0.0067598017124831005
72,55,0.007791255461517309
72,165,0.006569097742063613
193,145,0.037365293584449594
65,161,0.013706085387336552
213,237,0.0060577819198508855
116,100,0.009635196923016542
78,41,0.027665752540732377
262,144,0.004015989240884638
179,237,0.021412425168293715
88,265,0.0024055537617048758
210,107,0.0044866719451042494
55,123,0.024358497582744516
127,242,0.0026247906955695344
168,265,0.0024495128191170867
81,244,0.015518084066471163
65,209,0.004611660914025465
89,142,0.0029727875600274413
192,135,0.013322457857531268
225,227,0.0026175695512990573
227,39,0.010931259196972883
37,42,0.009495802673852213
4,166,0.005075501671761285
159,247,0.021207980322492485
65,211,0.007791128997608238
155,91,0.050330812854442346
85,61,0.04181995994970428
61,62,0.013128652117821793
70,265,0.017610089273854716
146,193,0.022216143340041815
212,42,0.03288660773690714
70,148,0.007976622414239075
136,7,0.0048225050234427325
247,7,0.006068279053523094
225,177,0.01400753435560036
37,50,0.004430510933775521
39,33,0.007887241656320747
258,62,0.003483670295489891
210,123,0.040204099586522386
218,17,0.0073284477015323115
49,140,0.008221883519738961
42,68,0.017221948956783244
42,50,0.013405226357177991
3,242,0.024124513618677044
264,237,0.022124983869643254
61,142,0.0024175800349085547
165,35,0.011192252738529926
218,74,0.005579613590939374
82,244,0.00457865763286047
235,107,0.0051957295373665485
35,87,0.002096924510717614
223,7,0.06549297780816454
222,155,0.01531936991518089
217,216,0.003204796857231469
181,230,0.007691450228514101
241,125,0.0021604938271604936
241,234,0.0048353909465020575
223,146,0.009999145372190411
131,164,0.007146047342563644
131,25,0.008597588209021885
33,22,0.0025243418680129825
119,127,0.013323018738181192
159,244,0.0257447389997267
217,161,0.006409593714462938
136,244,0.041795043536503686
215,138,0.002879412202750335
205,26,0.0023445284567141433
86,81,0.002298190175237001
26,165,0.047416843595187545
117,48,0.002889309554647803
117,52,0.002291521370927568
97,190,0.002073353828555087
76,216,0.015910975065365728
223,230,0.012221177677121614
55,72,0.009297136481963555
51,186,0.005524143757717554
81,230,0.005742913000977517
35,218,0.004688956197576887
95,161,0.006607347370275746
25,39,0.008546594287191418
223,161,0.00985670740392559
165,150,0.013414827750436576
55,48,0.003780835502665179
260,114,0.0023167006109979633
233,209,0.0036531303026803245
97,61,0.03160077214556374
6,14,0.1659919028340081
198,232,0.005750150330727601
244,262,0.008298534928161936
220,48,0.010267579340385812
169,137,0.008160515085722842
195,231,0.012059499788841443
10,140,0.01154334526145677
249,138,0.0020926960273755773
45,162,0.01937046004842615
7,43,0.002739242669043772
188,26,0.008487178557179646
254,167,0.010812581913499346
202,137,0.018632650136161673
197,137,0.003256639042601075
66,162,0.01762213136769226
95,75,0.00710656917158547
181,123,0.002149784225361084
223,138,0.03632168190752927
25,228,0.012375597776916117
264,141,0.013303145126286029
35,225,0.02702702702702703
52,88,0.005838452556226836
68,74,0.002441711402822046
66,230,0.030230684293771824
61,181,0.02549842261033597
43,87,0.002760139077002457
223,49,0.002592371022419736
22,177,0.002413515687851971
134,76,0.010832035745717962
93,142,0.008412530799014432
226,148,0.005929742771848035
61,89,0.019253910950661854
123,55,0.04287446269150226
55,29,0.030494607660840462
168,137,0.010424037885798269
71,91,0.03105826891746681
155,155,0.057419659735349717
76,155,0.008832344875964543
42,78,0.0030571138603689707
97,35,0.0095374276113534
91,97,0.011035007610350075
119,42,0.044438714113804366
242,42,0.028035390683296024
182,179,0.004766308600697162
106,76,0.007579135086937138
117,80,0.0023911527348809405
106,155,0.002101776956881727
220,236,0.016386641775565234
91,76,0.03777501037775011
260,233,0.005193482688391039
223,42,0.008631740876848133
228,29,0.006224370240187464
70,211,0.00439727913983907
51,100,0.0068889322155065965
51,75,0.02502112172613245
17,76,0.01726844583987441
61,188,0.02958554222092128
38,17,0.004752475247524752
92,140,0.011100017619075586
222,87,0.0196468755409382
72,100,0.00345259555745669
264,233,0.007390636181270016
129,137,0.00827966881324747
188,62,0.017137572086612745
86,164,0.005745475438092502
17,117,0.00259121257400087
195,201,0.0031908404110553234
14,91,0.009065791745812467
42,186,0.00915888897882435
225,17,0.02608726410923047
217,100,0.004962266101519694
86,235,0.002585463947141626
91,222,0.0072644250726442506
222,97,0.010126363164272114
222,165,0.007097109226241994
91,210,0.015462847654628476
212,33,0.006368215949054273
75,170,0.011088389351866089
197,76,0.022478752416002543
117,140,0.008568297299990037
177,42,0.007983370488642526
71,140,0.011404208118132345
37,87,0.006723494662659343
17,140,0.006128123167710087
150,21,0.02402549644520716
10,162,0.009504020931932741
181,140,0.006863385193560202
112,37,0.03048401802349397
198,41,0.0021422128683102827
42,158,0.0030944716672166566
202,75,0.012612870861401749
92,181,0.0021730193222528923
235,75,0.025622775800711744
183,161,0.013024142312579416
41,100,0.005768033156527155
33,76,0.006202668589974756
119,74,0.030170190820010316
102,17,0.008330440819160014
135,17,0.00346158966848622
209,66,0.007724172559521319
74,87,0.004488806942688071
182,244,0.021839652842000425
7,163,0.008468438353111594
49,61,0.030976965845909452
61,48,0.004650860246528116
236,13,0.002144581259416437
66,36,0.009251245933928199
45,138,0.005049417076680482
77,134,0.0020753219801013245
177,76,0.044556245104536964
7,48,0.009248426096161347
181,85,0.008901699125754415
12,113,0.0061965343277034434
26,133,0.02710544939844303
65,45,0.00922332182805093
17,116,0.0023831590096650337
89,244,0.0028393932464364662
33,158,0.008683736025964658
119,236,0.008853360838920406
155,71,0.0315059861373661
145,170,0.011239362745972563
55,149,0.013945704722945334
47,76,0.006328457308849466
91,62,0.012730040127300401
188,216,0.004551884226179682
76,26,0.003539315094700593
179,186,0.007650843331594505
18,263,0.00253319357092942
24,148,0.0049146263106809385
32,48,0.009360830773731168
174,236,0.002457002457002457
45,75,0.006927869163227146
55,39,0.016548902937895127
255,195,0.0020564947183417588
244,107,0.006095618939769269
69,68,0.0063931013975617006
149,231,0.002638135717426352
135,237,0.003727865796831314
135,170,0.007455731593662628
129,239,0.0024149034038638455
205,39,0.014653302854463396
67,21,0.019832814292738896
188,97,0.01837075187697218
130,129,0.00988293829979382
175,229,0.007625272331154684
95,170,0.010278095909317829
220,241,0.02281684297863514
35,76,0.07578052190121155
76,39,0.03440469357821568
39,76,0.057425935392779764
76,17,0.012467317135386773
252,35,0.01287001287001287
42,100,0.007340809045570298
42,107,0.006861383857691661
149,35,0.006888465484391031
257,61,0.021568627450980392
74,247,0.002572617312314776
244,162,0.009492886970061575
35,149,0.002271668219944082
66,33,0.014145453460264407
12,236,0.0061416977407326165
65,255,0.018518253297623993
209,142,0.007498221682915603
7,164,0.008579865173547273
7,83,0.006277044217876576
70,37,0.0039218976112078184
244,74,0.03491931488428056
146,114,0.006897360245413158
149,29,0.031950754799941375
14,142,0.0029355897081678466
42,18,0.0029263615364020696
12,45,0.025663522702347005
75,158,0.0023704090941705875
264,164,0.012071372429407694
41,140,0.017840960336719135
260,138,0.01779531568228106
62,222,0.004035603831937845
62,97,0.02006487138870031
229,244,0.002197641287834878
116,237,0.013540297101591476
61,210,0.002840385511865656
21,26,0.03786127167630058
89,97,0.014463754859364282
146,145,0.023837902264600714
42,4,0.006525163596062487
182,145,0.007611865974247706
219,86,0.013708836239010579
28,162,0.006040775232821546
95,142,0.0036120165624174082
147,225,0.007922168172341905
95,181,0.00534460987284527
155,61,0.019376181474480152
223,68,0.009457881092784092
55,233,0.005268377339779348
210,41,0.00272719275094572
196,112,0.006308733653151081
210,261,0.0029911146300694996
189,72,0.00834172879306871
210,144,0.0025512448315298674
14,178,0.0026333966499740976
18,90,0.0023584905660377358
12,170,0.024073261680193025
12,229,0.010254441763544637
116,107,0.007947565690064561
35,227,0.0032036346691519104
188,228,0.011697073011497588
42,37,0.0024905204565123995
91,35,0.02231216272312163
61,76,0.03044199434091131
93,229,0.008447729672650475
226,134,0.0030466609413977836
95,63,0.006724811323525093
205,17,0.011957095129242132
130,226,0.008383458006032
65,256,0.014694298440342007
131,170,0.006699419383653417
165,26,0.05151611366883632
42,48,0.022327515892633664
66,61,0.014399116655226954
33,62,0.005250631085467004
17,222,0.003158631385825878
207,230,0.030789133247089262
76,197,0.010761431031184236
18,63,0.002620545073375262
18,51,0.013714185883997206
72,97,0.019798955055149867
49,72,0.006268381169096022
71,155,0.0183368574300669
127,14,0.014391093813639861
19,210,0.00788701393983859
12,186,0.01952182496161439
40,181,0.03529469839075921
35,48,0.002766775396085741
228,22,0.018636496777973053
257,14,0.01911764705882353
63,189,0.0026370098601238246
97,34,0.002516622578108243
152,239,0.03264751146771856
33,141,0.007962495492246664
66,195,0.004118296577039005
264,231,0.008235280316272305
26,77,0.002618542108987969
152,243,0.026118009174174846
14,261,0.0044897254360214125
256,148,0.02810307239608773
49,56,0.0024901788205997895
50,43,0.008250861905452598
136,233,0.006563965170797053
226,145,0.025405880669038563
216,237,0.0023241400681747754
215,188,0.006999950354962021
33,48,0.008842408943382618
264,265,0.005056133641472027
75,144,0.002506227128755497
219,225,0.0075249590225003726
145,198,0.00746614810982463
97,144,0.008979766926431687
35,177,0.025891192917054984
15,16,0.07673267326732673
243,230,0.02040573973280554
149,91,0.03810640480726953
177,35,0.027685726336084834
72,219,0.004919184820801124
167,233,0.005205320994794679
136,152,0.006430006697923644
69,74,0.026662701952621666
76,205,0.0081308590013392
191,25,0.005875985773929179
210,25,0.00668602093780241
227,165,0.010931259196972883
165,67,0.005080171455786633
165,21,0.018336243848229877
116,170,0.009203477305284641
78,68,0.008227133408614293
26,123,0.022505307855626325
76,225,0.017569032587207448
17,205,0.0033099430689792135
42,51,0.004314826690907733
17,77,0.005031113464848405
97,75,0.00689211410595553
87,41,0.002712982707448223
227,181,0.04351482026487282
209,239,0.00734758776517846
29,29,0.04262157629960872
219,262,0.003054686335866488
134,188,0.0025726084896080157
62,177,0.013615448442332354
200,236,0.01638477801268499
228,77,0.003588166373755126
124,76,0.06746463547334058
76,25,0.008003316115043683
77,215,0.0062259659403039735
129,75,0.00985674858719937
26,61,0.01408351026185421
178,165,0.05310531053105311
51,137,0.019886917527783193
26,75,0.0055909412597310686
85,205,0.0056815535789130536
76,137,0.008035201836617562
83,129,0.05162353264227363
197,17,0.0027271042389261035
222,80,0.005279556863423922
28,230,0.008809463881198087
51,55,0.003119516474946383
80,138,0.006655978929890356
25,97,0.01442742665115678
76,180,0.005532172693068044
25,25,0.0319083624143725
101,222,0.003497444175410277
145,129,0.01335343335771502
89,170,0.009451939934446223
14,50,0.0032809532032464167
146,129,0.01703823833994412
61,35,0.018451664661050943
14,209,0.00237437402866517
56,235,0.002100555630844288
202,209,0.0028665615594094885
37,238,0.004171416727121981
83,138,0.06974668771881651
33,17,0.00979444644789037
45,42,0.0075310418515678185
52,162,0.023252271919581662
13,263,0.008865414308549051
32,168,0.023109550972648822
32,41,0.0147725610647945
82,92,0.020670124920601312
72,65,0.011488282562864738
152,159,0.00249525602522151
202,216,0.006306435430700874
174,20,0.012173330355148537
71,22,0.0021144580401400393
130,10,0.03925912041849132
130,218,0.021265356893349463
93,166,0.003062302006335797
70,40,0.002327971309326566
209,74,0.0036821624335746264
97,39,0.007263887895903339
247,170,0.007770889723216624
10,107,0.005579283543037439
45,238,0.0065745823029133245
12,263,0.003728887914016232
226,42,0.005152741994847258
13,262,0.006484382790097568
18,142,0.004979035639412998
63,35,0.022185278605824352
145,48,0.009901343371452018
188,55,0.006202168945631279
157,225,0.012824912070000858
200,208,0.0045806906272022555
254,119,0.014220183486238533
65,234,0.01190152242097876
264,211,0.004352263528970121
28,130,0.06084822552227536
97,71,0.006906413097876599
200,82,0.002642706131078224
193,7,0.03749118743075838
70,179,0.0039009248967093813
188,85,0.013601247687787893
200,166,0.014446793516560958
49,205,0.0023613764678101453
228,37,0.01816051552431166
205,71,0.01570834065998476
26,37,0.00389242745930644
197,254,0.009107998623209511
71,244,0.0049915075045928806
25,222,0.0020679850071086987
72,222,0.007913471233462678
76,49,0.008449716217077992
65,39,0.00551394239720436
219,82,0.003576218149307108
261,41,0.002102616672777474
209,138,0.007607012845725763
258,132,0.011135303265940902
209,170,0.02912255742918114
12,90,0.008883527089273964
209,224,0.009255617389848947
135,61,0.0049261083743842365
87,80,0.0020889966847351315
197,203,0.0058778363207921845
129,230,0.006275463267183598
65,170,0.014135743236469359
10,164,0.013236369233137096
70,65,0.005592723866250008
74,235,0.002447123784884787
215,132,0.005113438911780768
196,56,0.014654662548465532
264,262,0.007683915394812477
168,256,0.002286211964509281
74,51,0.002505043874467859
95,243,0.002789768889671982
136,151,0.010716677829872739
72,228,0.007791255461517309
139,213,0.03966138893243455
93,140,0.007110172474480816
94,37,0.005230880230880231
159,62,0.002623667668761957
209,211,0.01764090547721662
242,48,0.004370536190171624
39,25,0.0098347087319555
211,25,0.0021639865891256863
85,72,0.027709216225026777
188,29,0.0024844945776359216
121,238,0.002344273275284662
25,75,0.005945456895437508
33,91,0.003404255319148936
188,71,0.022269776214138042
225,42,0.007976512619161316
194,194,0.06805293005671077
88,61,0.002384027553546443
126,166,0.014314928425357873
265,132,0.00819014649385739
54,54,0.02195293291183702
181,198,0.00828065034953899
174,10,0.002457002457002457
17,227,0.002799266138336706
20,25,0.004461440407903123
93,230,0.023301654347060895
197,22,0.0030183483809473376
91,188,0.04438217794382178
76,230,0.002391429118040941
222,72,0.01999307599099879
14,61,0.01990157140390261
197,53,0.0024623368370886175
216,219,0.010292620301916862
130,235,0.00218106224547174
149,163,0.0021984464311886266
32,145,0.009945882697089367
228,223,0.002489748096074985
61,10,0.0022658037098470312
42,265,0.0036486124687906654
63,63,0.04609034625085989
226,100,0.005306097411360569
25,234,0.008465813622851235
54,25,0.0230066736916052
33,97,0.012203389830508475
38,163,0.006534653465346534
88,143,0.00578516844257884
65,106,0.0035518382194978733
70,193,0.002188153212670316
24,164,0.007436875418666011
117,230,0.003287835010461293
97,85,0.006377350396797026
130,130,0.061308296556307186
130,205,0.044558420093035934
78,166,0.011372802064849169
264,234,0.011825017890032026
116,229,0.005514236935575659
66,65,0.0129815870363186
33,112,0.011006130544536603
10,145,0.012274423794682366
72,76,0.06291056860887898
66,189,0.005386612551851741
41,254,0.002413726458650976
133,14,0.019332566168009206
74,169,0.0027560309293278374
55,89,0.024482459402504028
69,116,0.016998711467935374
37,91,0.0038993678101357653
130,177,0.005060745991446147
150,55,0.05319931355724442
228,142,0.003551552431165788
193,146,0.012866351092758585
131,225,0.003573023671281822
159,42,0.056572834107679694
83,132,0.0076886112445939455
10,87,0.006849051521797683
207,237,0.004139715394566624
82,100,0.0027524878255346177
168,95,0.002340645582711883
146,161,0.014478594736122237
33,244,0.003115759105661738
45,74,0.005540571980043601
226,225,0.004345070134543819
66,181,0.015861410367363993
42,249,0.0037669121904750046
145,112,0.02028437371773143
13,40,0.0026106741522107634
70,225,0.002985116363610942
241,244,0.05185185185185185
67,233,0.008687100475331912
181,257,0.010207493988566333
136,76,0.017012726054922975
89,177,0.008689686713926366
137,17,0.00222395215330695
117,262,0.0031882036465079207
264,79,0.009302816653566862
42,142,0.013199758419515718
265,231,0.003292945497530291
231,65,0.00236617890292342
216,168,0.002656160077914029
123,150,0.015430397883831147
167,41,0.03130422209369578
173,134,0.006105006105006105
39,205,0.00635361133425838
213,244,0.023124417520969245
213,137,0.01549394221808015
25,225,0.017448623497479644
66,137,0.008132143603211078
39,17,0.01027288882397332
131,77,0.006922733363108531
28,134,0.016234583438207904
145,95,0.008839848000999054
65,40,0.0047835240536785876
149,100,0.0020518833357760515
20,130,0.0058954748247291265
97,88,0.0037320368913991565
152,249,0.00472156229922154
83,51,0.006041051692180957
82,137,0.005769637941986026
261,255,0.0025291261046220155
119,119,0.03145951521402785
85,39,0.03176081590835002
45,143,0.004704746969057241
7,263,0.010130555091277136
226,141,0.01295342084815769
86,91,0.012448530115867088
181,89,0.02914151949933914
45,263,0.009745547293047142
201,158,0.011860174781523096
145,79,0.012978787932849267
152,234,0.011699314178134385
200,4,0.0024665257223396757
146,112,0.009984563981320464
54,117,0.002107481559536354
133,155,0.008285385500575374
210,21,0.0272719275094572
241,75,0.028395061728395062
205,166,0.004689056913428287
67,141,0.004589411571873463
25,189,0.011196200077549437
208,151,0.002345679012345679
265,203,0.0022375142483218643
61,165,0.004986936394878633
174,174,0.03294616930980567
175,218,0.01924473493100944
264,114,0.004833241439179757
53,263,0.0035149384885764497
25,249,0.008788936280211969
116,51,0.0026295649443670403
66,188,0.006416186696111492
125,233,0.008593494637142445
45,17,0.0036018026246628695
24,231,0.0045250105948133265
223,179,0.024613280916161013
252,141,0.0028314028314028314
165,222,0.007937767899666614
70,97,0.0032367889375921927
60,225,0.00793854033290653
70,188,0.002586634788140629
10,193,0.002270191234753165
10,158,0.003155181038131517
67,161,0.008523192919193574
75,152,0.005932429246491794
10,237,0.007002962791950441
215,48,0.0063545648612421185
232,143,0.004700848783594799
244,238,0.03554745558779815
87,74,0.0029164564105068395
1,264,0.00780055062710309
10,97,0.002347146869829543
66,262,0.00398400429735295
17,217,0.011915795048325168
45,41,0.00503218357129932
157,224,0.0026593463155185726
129,95,0.012255224076751215
219,75,0.014155863507673968
97,33,0.014642167727175234
74,50,0.007964012317672384
146,202,0.00445495222649915
129,263,0.002940596661847812
198,228,0.00477300060132291
10,68,0.010273577282696525
225,63,0.0049698448913178045
219,163,0.007226940843391447
10,234,0.0053484166378083035
160,132,0.04548099301784329
224,42,0.004123943077481714
28,255,0.0020765164862824063
166,113,0.004667748660702504
88,25,0.003325799160477882
130,170,0.0034590284049278376
219,191,0.012069736253911488
145,230,0.010213547892173479
75,87,0.003351886589378517
82,144,0.0024613593055261484
219,219,0.049918045000745044
216,71,0.005002434813404754
70,33,0.005718560153240634
33,166,0.0020915975477821852
124,216,0.05794341675734494
256,132,0.009125457166343026
194,93,0.007561436672967864
177,225,0.026781948544917757
189,42,0.00612532742292968
157,48,0.017199965685853993
10,233,0.006194928623648467
125,41,0.002424878185978275
159,145,0.004372779447936594
159,126,0.014156873462694725
80,232,0.012567633334287596
146,92,0.009163914886965357
168,186,0.006722551848021338
189,125,0.004473100947007858
191,222,0.006185248183083346
66,164,0.021442000656540033
196,239,0.0023000591443779984
80,45,0.006269502733961238
4,74,0.01006497789145882
226,179,0.011634564266143213
226,114,0.0029750950803582384
80,157,0.006885001860811314
37,25,0.010545134210799046
146,130,0.0042790988491373414
54,195,0.016157358623112048
242,189,0.005649717514124294
209,116,0.0025273023975898572
70,125,0.005194242290779695
181,228,0.016417981750720574
26,91,0.01613588110403397
65,181,0.018819013792016958
4,88,0.01048937012163999
69,182,0.005550599662999306
42,81,0.0023908996382519037
80,166,0.0037502504938306948
244,235,0.002079057258121594
169,78,0.02118739237852811
216,49,0.0021691973969631237
189,165,0.0028611726778158372
45,158,0.011296562777351728
212,248,0.009504799923961601
74,241,0.002056163180199052
168,18,0.010941157258722987
119,167,0.008939315798521575
208,119,0.006790123456790123
168,263,0.007158020793642153
74,159,0.00306976474790281
255,145,0.011532677429291007
130,80,0.006901017261062927
136,37,0.0070997990622906895
168,140,0.010342387458494365
119,226,0.0023207839092315627
41,162,0.010548242317520991
203,140,0.017727502954583824
37,36,0.027852627215255468
91,165,0.017676767676767676
133,133,0.04219409282700422
205,181,0.005275189027606823
19,140,0.010088041085840058
7,186,0.007038460824187048
14,127,0.004317043688482128
21,165,0.026878612716763006
63,140,0.0041274936941068565
259,140,0.03429307116104869
179,138,0.006483344511513525
194,74,0.02608695652173913
55,178,0.0042766827817032355
210,170,0.011876484560570071
179,226,0.017885088307623517
22,228,0.04022526146419952
131,137,0.018758374274229567
213,125,0.0039608574091332715
76,195,0.0022160576493846056
35,89,0.020241146318732525
18,137,0.025069881201956672
181,42,0.003073395225886587
117,19,0.012055395038358075
195,7,0.007179390924874478
76,80,0.005627829857789682
89,75,0.007279518255964632
135,260,0.00692317933697244
121,108,0.006139763340031257
39,42,0.004771294335305144
129,130,0.011351688789591273
73,170,0.005405405405405406
35,49,0.014678471575023298
26,17,0.014154281670205236
216,250,0.0027225640798618795
218,175,0.005329780146568954
76,168,0.003826286588865506
235,233,0.006049822064056939
136,97,0.007367716008037508
225,33,0.009479846483083072
177,108,0.0020485629933120445
32,186,0.0027789966359514405
20,140,0.02708731676226896
189,233,0.004956679427765465
258,137,0.00933125972006221
226,137,0.0103463787674314
82,79,0.003281812407368198
160,100,0.004072924747866563
248,87,0.005207779785311935
155,21,0.012838689350976686
55,97,0.010536754679558696
11,197,0.04747000521648409
3,231,0.033073929961089495
77,232,0.003662332906061161
215,14,0.004170183190190141
193,230,0.014100110786584751
256,168,0.0025970622222751694
146,142,0.01240743273608316
264,75,0.006217519327100173
19,19,0.11518708730741012
39,88,0.003286350690133645
166,231,0.005228538252447681
152,107,0.006305377500859145
145,243,0.0027741601698392593
244,237,0.013040554887111614
254,246,0.006880733944954129
10,186,0.006156450806110277
152,137,0.0063651441122416965
169,125,0.006213970202889871
20,75,0.019120458891013385
47,137,0.011930698205208009
248,61,0.007864810288022106
241,107,0.008539094650205761
205,85,0.006154387198874627
129,88,0.003499145748455776
129,107,0.004632671835983704
97,166,0.0030027883034246085
39,225,0.014216509652133693
260,237,0.01135437881873727
145,231,0.00495959181488948
213,139,0.014095992544268406
122,71,0.01244382993432423
51,25,0.004159355299928511
81,193,0.007086999022482893
248,127,0.009671591029865022
55,76,0.028263294905169208
117,45,0.009265716847663644
159,164,0.0026783274118611644
174,79,0.0020102747375474648
241,164,0.0032921810699588477
149,189,0.0029312619082515023
28,145,0.009187012333249433
188,75,0.006093358964128976
35,92,0.0026211556383970176
55,26,0.016053055658857073
72,49,0.012771548168291118
200,130,0.007928118393234672
61,209,0.00233085070630197
122,107,0.014172139647424819
177,213,0.002922214858106887
215,226,0.010475103013453805
51,229,0.0024696172093325534
51,233,0.00500422434522649
10,170,0.015929816460810344
208,226,0.004691358024691358
227,151,0.007778011351692243
160,63,0.007370054305663305
212,137,0.012166143902670849
69,140,0.016057091882247992
102,130,0.017817887307647808
97,55,0.0044755844712947735
198,75,0.004434756464221287
191,219,0.012138549559301067
47,45,0.0022823944392571845
130,137,0.0040042939662957725
139,151,0.0034488164289073523
139,135,0.004232638344568114
174,143,0.0059191422827786465
193,65,0.0025178769261758483
165,90,0.004842038418796634
89,230,0.0031442945346444088
235,74,0.030106761565836297
205,86,0.00849891565558877
62,232,0.00528022931281587
62,50,0.0035452968243192278
65,237,0.006287326525643413
92,233,0.004169847888647442
116,163,0.012254950057889676
56,107,0.008944301395853097
215,215,0.0373827135977759
55,174,0.0026651791248295527
130,75,0.0052992996745446184
40,13,0.0165860400829302
244,186,0.010917262368178924
264,74,0.0032729960231338644
134,205,0.006634621894252251
215,137,0.013453805292161048
195,68,0.023133592980151097
50,152,0.004440626150601939
130,198,0.007565559663980098
24,107,0.005857906464886738
152,140,0.010235032199261883
200,244,0.05091613812544045
62,142,0.0021875235724522894
195,132,0.029468349678569754
177,65,0.011929866843405435
117,201,0.03815881239414168
219,181,0.0047682908657428105
205,91,0.010081472363870816
131,76,0.01574363555158553
129,191,0.002858457090287817
210,50,0.003694906307732911
108,75,0.017921764604514907
235,130,0.006049822064056939
51,130,0.004094365373367128
175,79,0.0039941902687000725
128,127,0.025336927223719677
7,137,0.010260553048452095
195,237,0.0046454882455070155
195,249,0.0068509220590305476
182,161,0.014725759408124066
47,41,0.03184977694781616
222,37,0.010818764064393284
228,125,0.0033318687756297596
77,259,0.0023805163889397546
254,61,0.0045216251638269984
85,35,0.02291249476086248
15,19,0.0039603960396039604
188,164,0.003518189401907802
136,237,0.004554588077695914
86,139,0.008905486929043378
218,237,0.005579613590939374
49,100,0.004551016465234098
219,65,0.007450454477723141
219,130,0.045075249590225006
89,228,0.017569936732982697
41,170,0.008357849979599288
157,88,0.004031912155786223
55,75,0.010226850130159911
222,33,0.007962610351393456
60,29,0.007810499359795134
203,132,0.007597501266250211
227,90,0.0075677948286735335
228,137,0.015414469830111306
37,209,0.002331847859881853
108,225,0.003963467172152335
76,75,0.006648172948153817
76,102,0.003220457878961801
21,140,0.014161849710982659
14,231,0.013857710240027628
189,181,0.034857948821277455
191,121,0.011983918354723982
247,230,0.011394394481795163
80,65,0.008488162377258022
254,151,0.006684141546526867
20,234,0.004302103250478011
91,80,0.00297495502974955
195,229,0.004973957111350945
145,164,0.013790519686725063
117,137,0.008966822755803527
7,113,0.0033149479079614464
174,74,0.024793388429752067
55,91,0.013077971984628735
10,135,0.002962791950440571
143,152,0.0044472312013504
81,41,0.02321603128054741
26,55,0.01967445152158528
223,74,0.013389169016893143
75,234,0.008095267382145822
169,74,0.026128621696488732
65,107,0.010870343583060023
4,246,0.014899608297441603
213,138,0.0020386766076421247
145,113,0.007519668884805452
177,233,0.002349822257034404
39,244,0.0027751405827795223
89,61,0.031138044058236145
241,220,0.02109053497942387
13,255,0.0022813182695823222
193,239,0.002643770772484641
65,87,0.012732194262635521
223,79,0.008517790502236276
61,100,0.003761884628310621
232,90,0.014697941042079174
247,136,0.00951715707674845
179,162,0.01763668430335097
195,161,0.00835249401717423
256,106,0.0031927186952740616
129,223,0.02107701406229465
17,256,0.02192128009683948
225,25,0.015758476150050407
39,37,0.010954502300445482
62,137,0.012031379648487592
71,188,0.04391833339110541
222,123,0.010818764064393284
97,87,0.00950882962751126
4,66,0.0022653369043454325
72,181,0.019921170827095238
254,143,0.004325032765399738
117,227,0.002889309554647803
185,100,0.011155378486055778
76,33,0.0052452011989031315
219,97,0.002682163611980331
218,72,0.01615589606928714
91,85,0.020271205202712052
35,35,0.04502562907735322
222,137,0.011943915527090185
39,140,0.007595121594975535
61,205,0.004206372437419369
213,76,0.004135601118359739
39,65,0.01071106891599114
71,61,0.053208083469097715
157,209,0.0025306682679934805
61,261,0.0027428150171832483
39,165,0.009201781932374207
222,71,0.016357971265362644
67,225,0.0047533191280118015
14,106,0.006734588154032119
102,68,0.0076362374175633465
225,145,0.0063316885092233955
69,233,0.004113390821686986
225,39,0.009603650448347217
152,230,0.017242667383866005
180,75,0.004804484185239557
195,170,0.010933320820233683
17,39,0.007319702672542604
72,26,0.00690519111491338
49,137,0.010239787046776722
35,62,0.012261183597390493
56,65,0.0038623119663911097
136,42,0.031346282652377766
241,41,0.02448559670781893
61,230,0.0041955312713435455
215,75,0.015340316735342302
56,75,0.008131183087139178
195,76,0.007085542677490498
222,76,0.08551151116496451
223,93,0.0031336353018260547
223,28,0.0031051477081730904
133,26,0.03736095128500192
123,140,0.012013666923839966
106,22,0.0057958091841284
225,181,0.020003183530535363
61,33,0.010700230916837415
215,216,0.0312267288884476
218,10,0.03414390406395736
181,165,0.004267719795531633
61,226,0.003957025617675437
39,123,0.007059568149175978
77,68,0.0028688274430812427
82,175,0.0021966970146093585
78,242,0.01597031779319245
42,144,0.0031318294740643425
97,256,0.015185529420175878
35,106,0.003902609506057782
61,52,0.0029704795047755337
167,74,0.027472527472527472
224,244,0.0037262462607853646
195,230,0.01693960865280841
29,210,0.05170486305198435
61,197,0.003935343285523791
259,74,0.016151685393258428
250,89,0.00301423968402453
247,41,0.02436042958176897
63,197,0.02740197202476496
41,247,0.002366482702342861
35,74,0.005591798695246971
62,181,0.02972014784642076
55,228,0.015743151109458287
224,261,0.007763733508550481
200,107,0.009866102889358703
28,215,0.019569594764661465
89,227,0.009490052595472215
195,164,0.00877481113040214
40,67,0.002665613584756639
75,113,0.0037695911108377666
195,239,0.004035474637511144
52,40,0.013606132913641671
254,41,0.023525557011795543
32,127,0.008044463946175223
224,88,0.009717635260145591
220,181,0.0023853972204936737
235,142,0.005907473309608541
195,211,0.003660081647975224
71,258,0.002149121286699712
182,95,0.0021341680301629083
37,65,0.009443983832521504
195,45,0.006475529069494627
195,1,0.00863403875932617
77,76,0.09284013916865043
188,133,0.0035544593957419026
61,36,0.017931288689411434
72,149,0.004308105961074277
63,131,0.0033822517771153406
55,41,0.003594892773025908
149,71,0.01582881430455811
195,138,0.028389094833653983
159,170,0.005848592511615195
35,77,0.017969478098788443
72,62,0.01662134498457026
127,246,0.020772050504593385
15,75,0.011386138613861386
12,107,0.011131827155077868
72,140,0.006813529285954353
189,48,0.004714890187386661
7,95,0.010687689193455531
203,89,0.012324835387472564
39,91,0.04094549526522067
195,142,0.0041293228848951246
63,237,0.002980967667966063
22,106,0.002413515687851971
195,90,0.005302425977194876
85,79,0.006473245471056676
182,141,0.007256171302553888
182,88,0.0038415024542932347
177,140,0.004729770440441043
225,137,0.008630905006986081
42,143,0.007807781631166373
177,39,0.025366030005422667
81,72,0.0024437927663734115
213,177,0.0053005591798695245
223,25,0.0027063213970315927
225,130,0.00645549247448754
122,216,0.021431040442447286
190,62,0.01338072339535856
62,35,0.01659500641170702
196,238,0.006243017677597424
188,79,0.006818758840810997
225,48,0.006809218089527953
14,144,0.003410464513900881
14,75,0.005007770678639268
108,42,0.0027571945545407546
71,33,0.007868556969045721
136,139,0.0026791694574681848
42,244,0.031075468996133466
125,66,0.0020372017361823752
177,72,0.017714044706874738
39,80,0.0035784707514788577
168,69,0.018262478906972947
195,261,0.008493266388250199
195,263,0.004598564121815025
74,78,0.0020609898543309745
195,100,0.010933320820233683
213,107,0.006290773532152842
21,227,0.018208092485549134
168,82,0.0025855968646235914
39,107,0.004260084227951021
39,89,0.034178047177389904
56,196,0.010638297872340425
56,100,0.005014229570402494
210,85,0.006510073018386558
219,50,0.0035017136045298763
91,155,0.029818735298187352
210,227,0.0106448491246591
19,117,0.018341892883345562
188,106,0.0057487940227050165
97,158,0.0047472653177950954
174,169,0.017310699128880946
51,143,0.0030545265483850003
25,26,0.002972728447718754
127,241,0.003348870887450785
76,10,0.007588801734583254
155,62,0.010633270321361058
116,168,0.0036205577032516335
174,42,0.029260665624301987
208,137,0.008888888888888889
174,75,0.014518650882287246
185,137,0.007649402390438247
166,125,0.002328926186894677
65,233,0.008034601778783495
66,17,0.00926616729833776
67,227,0.03524012456974267
61,141,0.0029704795047755337
241,141,0.003703703703703704
67,22,0.044910670381904605
226,163,0.00721792827055985
12,141,0.007841631936828252
195,224,0.002674675050443433
18,130,0.00803633822501747
123,85,0.009699107241265293
29,150,0.022358859698155393
17,61,0.03968148890696223
17,62,0.010421592177185982
174,142,0.0033504578959124413
243,75,0.031390400791687284
97,65,0.01577178808893973
195,236,0.0032846886584393035
98,80,0.01598245064243184
62,61,0.048804405219883835
17,49,0.0165308013845019
41,127,0.008512465909334938
76,191,0.0040654295006696
177,148,0.0046092667349521
49,33,0.015456282334757316
261,25,0.0021737015780848978
22,261,0.00915124698310539
29,72,0.004891000558971493
258,256,0.0054121306376360805
76,186,0.0031566864358140425
77,35,0.03766099005066227
11,11,0.05216484089723526
29,231,0.004192286193404136
242,116,0.011299435028248588
36,36,0.03572744768846484
139,170,0.004075873961435962
195,48,0.01670498803434846
235,213,0.011387900355871887
195,186,0.015109567828820798
49,26,0.0030053882317583667
232,226,0.002090804613616538
91,49,0.008336792583367926
91,39,0.06019095060190951
219,205,0.022574877067501116
69,42,0.044305679452869465
244,75,0.028275178710453677
94,75,0.025793650793650792
169,161,0.004417159541813281
71,133,0.004436895559638116
165,256,0.002222575011906652
35,137,0.008212954333643989
72,137,0.009838369641602248
20,231,0.005576800509878904
185,170,0.0036653386454183266
228,35,0.0059680726420620975
106,91,0.008916629514043692
88,244,0.002195673232160155
91,123,0.012903002629030026
91,26,0.010273972602739725
228,233,0.005492091388400703
17,80,0.01838436950313026
77,71,0.01806750900323506
195,265,0.012012575665149454
201,211,0.002184769038701623
256,97,0.01136512550481886
188,144,0.004388669253926227
52,43,0.002690765091130629
116,13,0.002727683039306109
86,100,0.0045006224265057935
244,220,0.0034591973954278435
195,61,0.01656421566327249
130,225,0.007224768688125139
41,51,0.0021259690338651833
222,49,0.009433962264150943
72,155,0.019279538024382047
155,77,0.008506616257088847
216,205,0.01002700429412546
4,261,0.008986792225593145
25,223,0.0024072637973374693
97,195,0.00490455422892686
22,108,0.01991150442477876
62,37,0.019989439541374367
62,72,0.02029116693067813
85,89,0.034648162809109116
12,65,0.003509541566132924
106,188,0.02108145977963187
72,188,0.04796969048855755
35,181,0.01543569431500466
35,188,0.03672530288909599
133,145,0.00590717299578059
29,25,0.004891000558971493
71,181,0.024922874276404727
21,150,0.012861271676300579
136,75,0.03871399866041527
247,169,0.017288046799965075
195,65,0.01567265731312468
189,41,0.004392504533548257
38,181,0.007326732673267326
117,186,0.006874564112782704
247,135,0.0020518641403998953
210,150,0.020761854491070642
264,151,0.004481306382928803
244,129,0.002273692405690424
135,74,0.0033284516043136734
61,218,0.002829544345789833
227,149,0.005570737859995796
210,71,0.011172692882906659
133,228,0.025393172228615268
202,132,0.026085710190626343
51,244,0.018977058555923833
254,42,0.0317824377457405
26,25,0.0054493984430290165
75,4,0.004784382463585391
218,236,0.0022485009993337777
157,74,0.002830917045552029
223,237,0.007891063441871064
179,107,0.008296693742703132
17,10,0.002023793762175862
35,139,0.003349254426840634
49,90,0.006354249404289118
42,141,0.01103300562234993
39,186,0.0027751405827795223
81,141,0.003421309872922776
182,74,0.025325460624599845
159,116,0.018802951626127357
207,164,0.016558861578266495
89,49,0.009642503239576187
72,75,0.005835803110391396
61,79,0.00932340282520788
7,236,0.008579865173547273
231,42,0.002392301737993464
76,65,0.0056756584401505
225,205,0.0029182363240834084
89,25,0.01324414970653251
178,29,0.024002400240024
69,236,0.009564872633561304
122,75,0.010542689249913584
215,63,0.00526237402571613
218,75,0.019070619586942037
166,114,0.003978307339086375
74,142,0.01420490197024838
69,137,0.014818118743185648
220,220,0.05548641360713545
70,209,0.003376607034248443
75,231,0.004558873274085919
225,41,0.007074512300808263
12,43,0.009870585654748848
97,40,0.005304926002716808
189,189,0.02369534555712271
213,79,0.004019105312208761
42,76,0.002004868967492482
42,239,0.01601404653537473
260,37,0.008172097759674134
65,113,0.00773384128439053
260,223,0.020468431771894093
88,74,0.0032773651921214077
55,150,0.012830048345109707
19,265,0.014306676449009537
134,92,0.010087333288199852
222,92,0.002163752812878657
250,242,0.024009978172747116
13,25,0.002214842770336215
75,127,0.0054250335701179824
149,17,0.004250329766964678
42,247,0.004725762566232279
4,143,0.004719929803231116
223,228,0.0024784206478078797
188,65,0.01211417794058975
74,113,0.003957872788176579
61,75,0.0064071291508114615
22,141,0.0027152051488334673
85,85,0.02337819587388814
225,230,0.006101766859447127
134,162,0.002166407149143592
108,123,0.03791142512493538
76,72,0.027804349212422676
153,88,0.00444624090541633
259,7,0.008895131086142321
254,145,0.0022935779816513763
101,188,0.002959375840731773
71,218,0.002530416998856113
91,181,0.021481942714819426
121,225,0.0053583389149363695
134,217,0.002098706925732855
213,140,0.01380475302889096
225,133,0.002263843936258644
260,232,0.0032077393075356417
65,165,0.002320152385317159
71,210,0.006932649311934555
72,210,0.00614134254025482
88,1,0.002077279087288774
62,95,0.0020743758014633777
49,63,0.0033917952901272998
191,76,0.013762177207360445
51,166,0.009423539351400534
51,42,0.03710924806654969
16,244,0.0032491877030742314
123,170,0.006172159153532459
149,123,0.04880551077238751
242,35,0.004370536190171624
37,14,0.004132552596123951
174,243,0.019209291936564662
202,146,0.014046151641106492
37,75,0.006166442118354234
10,39,0.005463850090422872
218,91,0.006745502998001332
38,39,0.014455445544554456
225,80,0.01662510390689942
16,228,0.0022494376405898524
98,61,0.005954246317768724
77,77,0.02142464750045779
37,137,0.008666701212560888
181,75,0.0050480118476997305
25,233,0.008611218818663564
258,17,0.005598755832037325
135,265,0.021967780588470244
265,135,0.007050280744712289
146,43,0.005764082924637058
165,134,0.0024607080488966504
143,243,0.004652251464186377
33,256,0.012289938694554635
97,66,0.012597411882462287
241,69,0.016666666666666666
10,65,0.002154757782138597
65,229,0.00574309325007519
197,191,0.008710847520453282
88,166,0.002001937358734259
37,95,0.004832106954088506
92,232,0.003053973101544606
55,137,0.0068179000867732735
66,13,0.010250977349368827
10,146,0.0033475701258224634
76,203,0.0022638862317454246
155,132,0.0029143037177063644
226,232,0.0034249376354639513
227,210,0.008303552659239016
65,42,0.004267934634719218
264,41,0.0031791466748002767
123,227,0.010029758624490246
41,231,0.005639186548414113
174,41,0.02155461246370337
17,55,0.003555824554103384
22,89,0.021118262268704748
17,35,0.012729095345274347
159,87,0.004099480732440558
55,74,0.0042766827817032355
55,155,0.016982769307053426
155,188,0.026622558286074353
55,42,0.006446014627494731
60,136,0.010755441741357234
228,89,0.027460456942003515
17,186,0.006128123167710087
133,100,0.005830456463367856
65,75,0.005671483608553056
62,249,0.004186467526589726
188,77,0.010663378187225708
154,91,0.031746031746031744
29,17,0.003214086081609838
95,222,0.002789768889671982
205,61,0.018580388019459586
258,181,0.0031726283048211508
39,137,0.008179361717665961
257,133,0.0125
129,10,0.002283480089367854
14,39,0.009670177862199966
130,138,0.0025729718677049433
24,186,0.00853736893190611
223,236,0.009486368686437057
96,76,0.01569713758079409
96,63,0.0221606648199446
177,61,0.049376393324094714
181,225,0.019905409494084113
169,151,0.003893089765665943
66,148,0.02048703333432809
25,140,0.007141010727672224
18,225,0.0032320055904961563
264,263,0.009525708855859133
135,135,0.042204766342697375
130,42,0.00502666689386065
65,17,0.01339100296463916
197,56,0.006566231565569647
155,55,0.02488972904851922
226,164,0.00791313949208686
33,50,0.003937973314100253
119,232,0.0036101083032490976
195,54,0.00844634226455821
153,41,0.02263540824575586
209,143,0.004761705510690824
61,80,0.013594822259082187
260,198,0.009037678207739307
181,76,0.011385894230616112
26,49,0.0059447983014862
75,90,0.0038874709144397636
130,132,0.007173650041746894
21,166,0.006791907514450867
77,39,0.030885674174449124
108,107,0.006203687747716698
210,210,0.08269552212545087
71,26,0.007764567229366703
26,76,0.010403397027600849
21,67,0.017341040462427744
232,80,0.0055524016560280255
66,112,0.013921632994120983
83,41,0.005079975286606714
61,225,0.025357487451350268
76,35,0.03979338052420126
177,17,0.026390311502078687
177,216,0.007019340844730975
10,218,0.0164300280888068
210,75,0.005806281340723146
130,131,0.014125785949188065
47,100,0.004876024483867621
85,181,0.025892981884226705
47,68,0.008403361344537815
12,238,0.002632156174599693
123,91,0.023476248208971675
225,62,0.008524787322473956
188,68,0.007671103695912371
17,36,0.020881012275160295
76,71,0.01707480390281232
179,70,0.005166803288869017
60,41,0.025096030729833546
91,55,0.012833817628338176
210,232,0.007389812615465822
22,14,0.07139983909895414
214,261,0.02091254752851711
12,88,0.019192805439789427
33,90,0.0073278038225748285
12,237,0.008280324632594867
89,63,0.003696928119521305
232,162,0.021572672768308387
91,21,0.007299017572990176
241,7,0.007716049382716049
189,65,0.011122305057424944
33,144,0.013386224305805987
32,74,0.025742284627760712
135,139,0.0033284516043136734
197,177,0.006274987423548413
85,71,0.02803520700414474
146,87,0.006662889075597413
177,86,0.00445863710309092
89,205,0.004382956017989176
177,71,0.014550822437789962
197,159,0.0029389181603960922
219,7,0.002160631798539711
77,36,0.009827259964597448
56,42,0.00514974928852148
91,218,0.0034592500345925004
180,97,0.00440411050313626
225,36,0.02127659574468085
14,37,0.006216542911414264
35,182,0.0027376514445479963
74,69,0.00276085760345976
116,132,0.003022037324123315
97,177,0.009022663902194895
197,11,0.004871720193809738
225,186,0.007587414442616862
65,164,0.010340432235796228
264,261,0.0028154804500076253
260,87,0.004658859470468432
157,142,0.0063481170112378825
61,234,0.005734976854110428
116,43,0.005808591220392865
196,25,0.0023000591443779984
242,250,0.012472017908538535
235,162,0.00697508896797153
33,45,0.0066786873422286334
128,244,0.06576819407008086
168,169,0.015105329051222034
42,79,0.009669445672409393
25,133,0.004313687475765801
256,162,0.00777927353736553
70,130,0.0024887621204812537
219,48,0.008493518104604381
22,170,0.011363636363636364
166,233,0.0055881033436254715
66,100,0.009907785967948909
65,100,0.006401901952078828
215,230,0.01201409919078588
180,161,0.002001868410516482
56,163,0.004336630979807562
45,116,0.003343300043945439
12,233,0.014641368721210793
65,88,0.00814917720521891
180,180,0.06405978913652742
51,230,0.007928771040488725
197,117,0.0032301623024173264
174,51,0.01887424614697342
14,76,0.009713348299084787
224,230,0.01525945394497951
227,35,0.007042253521126761
72,218,0.0071496226588041185
72,63,0.005774695224418711
227,228,0.06243430733655665
88,49,0.0021149499515660318
65,4,0.0075190123598241265
7,13,0.002544245733281334
71,85,0.02197649831883254
72,71,0.029117907665984294
60,42,0.03341869398207426
212,260,0.0023761999809904003
157,163,0.004117697520802951
210,56,0.003079088589777426
66,43,0.0035363633650661017
10,143,0.0038862595713571126
40,162,0.014907690788824169
37,28,0.002137527204891699
65,117,0.002062357675837475
38,100,0.005940594059405941
165,95,0.003889506270836641
17,66,0.008227572771462617
244,79,0.009262863613843868
181,177,0.007771071866490438
171,233,0.002294630564479119
61,17,0.022072614130375864
116,138,0.00444474970073981
191,191,0.09401577238286686
125,112,0.002025799487658966
250,74,0.02546512836503482
66,52,0.0039989256617625115
52,89,0.014672285119561354
209,181,0.004527386083099712
65,158,0.004926743336722856
47,232,0.003527336860670194
196,197,0.018860484983899587
33,233,0.00842408943382618
217,65,0.011165098728419311
101,101,0.15873015873015872
224,13,0.011879031003060536
146,141,0.018816311377713515
7,238,0.004652069753189593
168,225,0.002313428773610582
130,216,0.03970214868710276
10,263,0.005925583900881142
82,263,0.0029642176582680498
167,161,0.0048438403701561595
46,74,0.03078677309007982
61,71,0.015123426675773247
177,167,0.003916370428390673
96,100,0.002770083102493075
217,208,0.002067610875633206
228,49,0.011203866432337435
42,232,0.008218717506490919
17,85,0.007716895840820109
157,179,0.006176546281204427
69,188,0.0028744176826246406
136,212,0.005492297387809779
82,70,0.014053567647681559
76,215,0.007301830240418341
197,230,0.0024623368370886175
65,238,0.0025636251664924166
88,75,0.005349262727370574
78,231,0.0044361993869979025
82,134,0.007092949396569977
188,132,0.006873163831562149
145,146,0.00899149019677805
53,53,0.070298769771529
53,229,0.007688927943760984
102,258,0.031123452504917274
258,197,0.03937791601866252
78,117,0.0020164542668172285
53,121,0.009885764499121265
97,249,0.008136126403088582
36,49,0.013533434339298146
77,195,0.0020753219801013245
10,137,0.007426218784870522
25,106,0.008061910301150317
9,191,0.014871563767462822
80,158,0.0033065185651713377
198,36,0.04175435959110042
216,222,0.0023462747354907254
216,188,0.004781088140245252
16,203,0.004498875281179705
145,179,0.01462901182809127
7,45,0.0023678199342581758
201,196,0.003121098626716604
173,107,0.003108003108003108
51,151,0.004224345226489894
10,74,0.0038093039362807344
149,149,0.05334896673017734
165,230,0.002778218764883315
10,13,0.002808880680287814
208,238,0.006172839506172839
10,161,0.011735734349147717
93,50,0.0026399155227032735
152,247,0.0025550226366040612
256,41,0.004538902324251558
25,54,0.0038936280211968465
70,36,0.002600616597806254
181,41,0.0032644871570297945
244,230,0.01821608040201005
66,249,0.012936822943089916
256,161,0.00767205537222573
39,139,0.002750797244334088
55,246,0.002045370026031982
55,61,0.0167348456675344
151,100,0.003910267083239474
95,216,0.02140780547969342
10,45,0.00200084651198584
216,145,0.002191332064279074
97,37,0.022835490097948094
152,232,0.00431813767238932
123,76,0.01785517469414747
82,76,0.009792504763921236
72,89,0.03348712151303126
215,90,0.0026808320508365188
74,37,0.002027203135407516
157,256,0.015226902290469246
10,163,0.01046596637038747
18,20,0.014500349406009784
209,61,0.002945729946859701
74,232,0.008615613325481943
256,237,0.005122645667790472
258,258,0.05455676516329704
261,75,0.00307535748224748
77,28,0.003418177378990417
125,4,0.0069059618556779395
160,197,0.013285492629945694
216,35,0.0069502855372083755
255,49,0.01272852457828269
85,218,0.004005029572020677
159,69,0.02705657283410768
232,249,0.020174187563174146
216,37,0.005245916153880207
220,42,0.02572080481227961
35,82,0.0036987418452935693
219,142,0.012069736253911488
223,107,0.006495171352875822
217,134,0.004962266101519694
226,230,0.00928311454627244
14,6,0.008245553445000863
65,90,0.0051129284046804065
33,114,0.012636134150739272
4,243,0.0024832680495736007
226,95,0.011971946182472498
82,97,0.002726021596442939
209,25,0.003313946190217164
87,42,0.0032094585429112473
25,79,0.020889879798371463
42,69,0.0038291752018878144
93,262,0.00936290038718761
215,141,0.005063793873802313
224,33,0.0021786869088582642
93,148,0.011263639563533967
207,140,0.00258732212160414
74,68,0.010584896371306388
49,189,0.009874847047206063
208,259,0.006666666666666667
232,238,0.007297046565403415
39,55,0.009299155286155943
4,237,0.010214088675035987
125,244,0.0023108557007441867
235,42,0.04583629893238434
66,40,0.004625622966964099
33,80,0.009217454020915975
4,239,0.00856813502554956
93,211,0.005491024287222809
218,132,0.006745502998001332
102,137,0.004396621543445563
216,39,0.006883881535260525
255,66,0.01016470076642931
232,181,0.0034962130128356017
185,50,0.0036653386454183266
148,243,0.002111511814777507
65,37,0.017157670108703435
4,209,0.008172417946056306
88,42,0.004246044559250888
152,231,0.010235032199261883
45,145,0.0024643912695061737
215,234,0.0025815419748796108
29,133,0.0092230296254891
108,36,0.003101843873858349
19,141,0.002384446074834923
226,130,0.008281192491718808
56,263,0.004946469711343
150,87,0.009316008825692572
216,61,0.007946345566426137
136,55,0.003348961821835231
203,116,0.0040520006753334455
256,234,0.010948165973719637
130,93,0.0035953447952698212
93,75,0.004963041182682154
93,236,0.012565997888067582
83,141,0.0059724033774970825
226,41,0.002699055330634278
38,38,0.046336633663366336
255,217,0.0020021380297512276
4,229,0.012330314795804253
82,7,0.027604276942621214
244,241,0.0023090806143393023
147,147,0.01931897150799166
4,49,0.0023341572659964327
129,226,0.023508345380470495
130,140,0.003953175319917529
146,237,0.020379452509818482
83,164,0.005423216860026087
255,158,0.005308836585675201
223,173,0.004444064609862405
76,132,0.006903258720744851
56,142,0.003523512671093644
17,63,0.004179985247110892
4,238,0.006497789145881961
225,49,0.017986947524805008
80,50,0.004852423348887807
45,256,0.004368693614124581
243,48,0.03507174666006927
247,69,0.019121627521173492
112,232,0.010808810898664095
71,10,0.005338139970189608
255,144,0.01287347574785744
65,227,0.003609125932715581
227,227,0.04698339289468152
129,28,0.007540412669207517
65,79,0.022399495868123682
38,65,0.0039603960396039604
25,129,0.004313687475765801
145,246,0.007840793534690383
56,140,0.013823011248136605
40,189,0.011501628986079574
89,39,0.026259623446909065
203,101,0.004727334121222354
213,248,0.009203168685927307
18,140,0.009608665269042627
219,238,0.0047682908657428105
87,61,0.0021975159930330604
91,71,0.032516950325169505
85,137,0.011828808270851768
226,92,0.007381507381507382
157,181,0.012052843784850305
10,141,0.005309938820270114
213,68,0.014445479962721343
93,107,0.008729320661738824
91,106,0.004254877542548776
257,92,0.014828431372549019
7,89,0.002144966293386818
122,122,0.040096785343933634
179,137,0.013587699033708423
10,238,0.005771672630728385
193,138,0.006949340316245342
37,76,0.017113172349466264
108,80,0.003791142512493538
134,112,0.0022341073725543293
28,48,0.0055373772967530835
39,166,0.0024099905060980063
133,106,0.007978519370924433
40,132,0.004393326093395202
60,76,0.008450704225352112
244,163,0.014349918607120107
193,141,0.00747809447074227
7,107,0.007279885601797686
74,137,0.014122848510005696
42,138,0.0030010771500974414
51,116,0.01501267303567947
182,42,0.04993953190581205
222,55,0.015925220702786912
191,42,0.007731560228854183
52,25,0.01949535462253135
129,233,0.003466289919831778
71,161,0.005684772435786336
116,231,0.010086540159736259
28,256,0.002139441228290964
196,162,0.00676874548202668
86,42,0.012544288039835297
241,55,0.0021604938271604936
39,181,0.01667518683512257
89,191,0.002458266636176538
93,43,0.002886307638155579
117,42,0.014147653681378897
177,164,0.0025004518888955833
256,89,0.007040659510846904
182,35,0.007967560645941524
147,37,0.005142460041695622
130,256,0.005162983284202634
146,168,0.0022470153774008872
71,89,0.04384900689798606
145,75,0.007591029918113214
196,231,0.0031543668265755407
219,256,0.0023841454328714052
78,177,0.0037102758509437008
243,127,0.025393369619000496
183,183,0.021601016518424398
129,163,0.0029241687475358128
81,74,0.021749755620723364
42,234,0.009115304870835382
179,146,0.015127803860198226
74,231,0.005965769227056404
116,234,0.012608175199670323
189,71,0.0074954664517428975
38,61,0.025544554455445543
10,129,0.003924737388895302
12,264,0.002522483000658039
226,90,0.004662004662004662
97,162,0.009265746764853078
77,177,0.02099737532808399
95,90,0.0024667430182362788
50,127,0.0025661909915538844
222,85,0.007962610351393456
76,38,0.002678400612205854
196,143,0.0023657751199316554
126,42,0.0308901087073512
147,42,0.038359972202918695
167,116,0.015977443609022556
226,107,0.006624953993375046
77,48,0.004089605078434963
93,246,0.004188665962689194
29,234,0.0030743432084963667
108,181,0.02257453041530243
62,77,0.007995775816549748
145,42,0.0042370613526483865
201,37,0.006242197253433208
225,170,0.006809218089527953
202,228,0.0028665615594094885
167,35,0.005566801619433198
247,48,0.008774993451497425
135,68,0.01384635867394488
193,264,0.004506999697854769
37,35,0.008303969323245933
82,80,0.006140165149269532
63,177,0.02390506764503554
159,234,0.0036075430445476906
62,234,0.005242513389152901
146,82,0.01109830203794525
167,76,0.005639097744360902
28,93,0.00534860307072741
7,112,0.008635578583765112
47,164,0.004772279282083204
77,191,0.004577916132576451
98,28,0.020683171419617674
41,125,0.0022934696244121372
91,52,0.0028711775287117752
77,170,0.005005188304950253
21,234,0.0024566473988439307
55,55,0.06464608900458658
21,22,0.05332369942196532
119,24,0.0025786487880350697
17,216,0.003158631385825878
10,226,0.00954249874947093
95,79,0.004228702316976478
209,41,0.004025273023975899
247,61,0.0030123111848423994
123,29,0.0367023035379698
10,191,0.007426218784870522
205,242,0.004220151222085458
77,161,0.004089605078434963
62,49,0.014068039526287998
80,262,0.006169305201683318
259,90,0.002106741573033708
126,126,0.0323969432784415
97,226,0.005247730035032531
202,138,0.021642539773541636
39,90,0.002580393875216047
207,170,0.014489003880983183
198,132,0.005336740829825617
70,135,0.0020832896401781283
40,107,0.011254812913416921
191,41,0.006417194989948972
208,239,0.004320987654320987
264,88,0.002299309034172894
226,142,0.0055514660777818674
218,218,0.04380413057961359
124,55,0.0035364526659412403
193,246,0.005212005237184006
21,77,0.002167630057803468
72,216,0.008738427694093923
212,226,0.0053226879574184965
194,236,0.03856332703213611
217,188,0.008890726765222784
65,186,0.011615083854890223
145,256,0.009250173942518689
131,191,0.03003573023671282
177,186,0.004729770440441043
62,41,0.0024138191144301123
215,244,0.009233977063992455
76,82,0.003969772335947963
244,224,0.0021055984146082524
39,48,0.002677767228997785
188,237,0.0025207645714700228
248,243,0.016367307896694654
116,7,0.002413705135501089
85,76,0.03511386392213477
17,71,0.007376444553725104
135,233,0.003994141925176408
93,100,0.007356564589933122
28,186,0.003020387616410773
35,219,0.004543336439888164
77,137,0.006470121467374718
78,233,0.0025810614615260526
71,35,0.02707199556310444
149,210,0.06140993697786897
108,106,0.002929519214199552
108,89,0.028433568843701535
80,177,0.005553806074833243
106,85,0.006814852557161964
28,179,0.005222753586710294
17,236,0.003385598910555881
66,89,0.006789220806350533
51,185,0.014622733476311172
33,87,0.012275513883880275
223,17,0.0041307010796798
208,140,0.012222222222222223
235,41,0.0298220640569395
116,233,0.00522969446025236
254,244,0.02169069462647444
256,45,0.005611083975649563
3,55,0.0023346303501945525
136,230,0.009377093101138647
226,160,0.005970637549584918
88,255,0.002895274997309224
116,144,0.0033360152279283345
116,68,0.020575364508722698
65,125,0.003909886427108546
181,48,0.0068315365383696675
106,249,0.006305330870645181
222,188,0.024060931279210662
67,231,0.011145713817406982
145,88,0.002765240040675789
255,132,0.005281658241379935
71,222,0.006378037366979792
18,243,0.02148846960167715
78,35,0.005081464752379416
198,146,0.00477300060132291
36,95,0.006469841529830884
149,222,0.009086911915579657
17,211,0.0034423407917383822
117,100,0.008966822755803527
60,186,0.003201024327784891
219,216,0.026225599761585457
213,74,0.027842497670083878
72,61,0.06749366005683033
255,142,0.006414089253682666
215,265,0.006652435089112843
222,77,0.02579193352951359
33,211,0.009707897583844213
47,75,0.02209772798008092
223,233,0.006324245790958038
9,48,0.007210455159981974
89,216,0.004592575653632137
225,198,0.012981730071983163
220,142,0.015453225471893798
62,25,0.016632722335369995
21,108,0.020520231213872833
65,14,0.009853486673445712
168,148,0.004599640738119862
119,70,0.0021488739900292248
66,234,0.01565251126563013
198,76,0.013529765484064944
146,4,0.0036733816604466677
36,42,0.006674583350395152
244,140,0.01706596362092151
235,170,0.008113879003558718
12,25,0.0026869927615705198
116,125,0.004307384367825114
222,149,0.006664358663666263
232,138,0.003170822890848922
177,97,0.020093992890281374
247,35,0.0021391775080764866
225,216,0.004899099768309722
254,25,0.002621231979030144
139,181,0.0028217588963787427
25,66,0.011616259532118391
177,191,0.0042778815448575045
77,25,0.006836354757980834
80,225,0.019896367123758266
119,233,0.0032662884648444216
37,63,0.00575189138770857
256,82,0.003109326789054217
63,129,0.006821829855537721
228,225,0.012082601054481546
71,225,0.014246594336025513
51,238,0.007343861701436277
256,66,0.0105907720899203
235,76,0.0046975088967971534
196,216,0.0194519287638825
82,65,0.0024348930764344695
71,63,0.005407466463308953
62,65,0.013011993663724825
45,4,0.014708796842821814
133,22,0.01380897583429229
188,107,0.006347248920967684
75,7,0.002150025113523376
193,100,0.0062695135461778625
244,141,0.011041121098449996
19,15,0.003851797505502568
75,13,0.0026856094385846224
21,237,0.0037572254335260114
7,114,0.0033056623395918065
224,246,0.015518821434129304
179,261,0.0026827632461435278
193,233,0.0074277369322187535
168,236,0.007729573784769473
146,74,0.005725004396334434
33,43,0.0022069960331770645
116,211,0.0035813104652760064
98,37,0.01629583202757756
22,97,0.004324215607401448
37,79,0.018602964037724115
70,24,0.002027362401515628
258,35,0.011010886469673405
33,132,0.006577713667508114
216,74,0.0021470627296471733
130,258,0.012558147460255253
213,229,0.004951071761416589
212,140,0.014257199885942401
32,91,0.002340207693432792
168,35,0.003728702846878232
129,16,0.004747667236167696
258,130,0.029673405909797824
189,234,0.009792464235341527
25,13,0.004766059196070828
66,158,0.009639201408576801
33,65,0.00978002163721601
250,248,0.009458476249870076
69,254,0.009267519080186342
41,69,0.003053664612279082
21,155,0.014450867052023121
7,82,0.016862592159266068
40,54,0.005380590384045809
42,43,0.006182717033292032
228,13,0.004796426479203281
14,71,0.005050941115524089
152,246,0.021187263735114377
12,79,0.02253783724500987
212,148,0.0022811519817507843
215,93,0.003822667924340962
74,164,0.00888108040273769
129,207,0.0021356288605598635
11,26,0.04042775169535733
49,216,0.0024043105854066934
63,216,0.026771382710387526
225,255,0.021736439044233388
177,230,0.003313851900945954
248,216,0.002869592942926985
241,263,0.005246913580246914
203,68,0.008272834712139118
235,246,0.0046975088967971534
18,41,0.01642208245981831
159,74,0.03634872916097295
264,1,0.002381427213964783
122,76,0.01538195644659523
17,197,0.0022129333661175315
227,89,0.03416018499054026
130,92,0.01291597798490296
188,33,0.009393928403032171
12,181,0.0027966659355121736
143,125,0.0026738059278191995
34,231,0.012293344637558287
53,138,0.012302284710017574
129,76,0.0036798528058877645
65,226,0.00412471535167495
25,257,0.0048145275946749385
66,232,0.00750544629800949
60,182,0.00678617157490397
41,232,0.005299890480383104
129,256,0.003581285320015771
53,97,0.0030755711775043936
188,91,0.01996663160567263
159,127,0.01065864990434545
78,51,0.013631230843684465
36,76,0.010605626305229106
212,76,0.01283147989734816
146,236,0.01107876277379394
235,243,0.022633451957295374
35,25,0.012144687791239516
150,61,0.014464329492522677
10,88,0.002347146869829543
7,132,0.0041599346295986776
168,232,0.005661096293070601
69,76,0.004162949747249479
116,232,0.0052002590317706395
112,148,0.024233935437836123
194,132,0.047637051039697544
255,138,0.004303237846750376
209,145,0.002000083685509854
203,41,0.007935167989194665
41,158,0.0029591770996628512
224,236,0.013789704839797348
49,148,0.019062748212867357
12,265,0.003235358631278789
17,74,0.005466134553914244
14,25,0.010576757036781213
88,40,0.002007318910773867
216,10,0.02122714595599628
97,45,0.0060627725745334956
216,17,0.003984240116871043
210,162,0.007037916776634116
55,230,0.0068179000867732735
78,182,0.007823842555250846
222,121,0.00649125843863597
134,51,0.002911109606661702
228,42,0.004576742823667252
235,182,0.004341637010676157
72,133,0.0025665312108527605
244,48,0.03231828154858801
197,225,0.005004103894728481
255,237,0.005788987334891559
260,93,0.003385947046843177
18,182,0.006813417190775681
255,137,0.009458063814752405
97,72,0.008264817330378208
149,49,0.004543455957789828
188,190,0.0021399296362119616
25,74,0.004507561070182241
39,132,0.006012804596022298
12,142,0.006415880675586751
226,121,0.004518872939925572
89,55,0.0122341641893437
181,65,0.012659840438237495
244,247,0.0028841390048835727
196,35,0.0038115265821121115
66,138,0.003834790653257334
154,155,0.05555555555555555
154,149,0.035147392290249435
72,77,0.015399187265116564
85,222,0.0056815535789130536
159,89,0.004372779447936594
191,10,0.012834389979897944
181,33,0.01503256524993232
218,38,0.00899400399733511
235,164,0.004768683274021353
10,244,0.0026164915925968677
124,219,0.006528835690968444
92,77,0.0035238151171668526
81,238,0.008064516129032258
54,66,0.011239901650860555
225,14,0.004722236960789516
24,249,0.005071839669715239
152,143,0.01863224109851032
198,249,0.0030817799158147927
154,150,0.01927437641723356
35,55,0.009377912395153775
225,222,0.00458074671477335
243,236,0.014270163285502227
188,218,0.0033731094265713976
24,158,0.003807297434004566
190,170,0.006272214091574326
61,38,0.002244121377695385
58,42,0.030434782608695653
224,143,0.004340082651773209
62,39,0.02025345100701516
116,164,0.009438960733138406
224,132,0.0061210727439351235
7,249,0.003249948929373967
145,114,0.005405598273062994
152,161,0.012909588058631046
55,71,0.009854964670881369
255,14,0.004756210251671468
4,186,0.02650157426577277
72,170,0.004246998075101592
181,148,0.01057375352325748
63,66,0.0023503783535886264
71,66,0.003500987902526951
129,48,0.004123406492311736
219,263,0.003874236328416033
9,69,0.004506534474988734
52,195,0.009341524089962938
181,186,0.006513049986464322
189,7,0.010155148095909733
95,55,0.002084985170175902
33,61,0.018045438153624235
97,161,0.006405948380639165
97,170,0.01018088224780153
86,183,0.003160011490950876
197,258,0.02901850724138844
250,188,0.00488514707410872
181,37,0.019602847269774033
215,50,0.002829767164771881
195,14,0.0089625076251701
193,95,0.004532178467116527
193,93,0.0029962735421492598
169,225,0.0032941528786404133
69,61,0.008276340568936466
219,141,0.005960363582178513
222,230,0.004846806300848191
17,97,0.025628416334096196
232,74,0.01284944822143144
65,239,0.003437262793062458
76,189,0.0034436579299789555
196,83,0.01064598803969245
235,241,0.009893238434163702
181,40,0.008312499004729525
219,144,0.0023096408880941737
157,68,0.010894741357124475
20,116,0.01354365838113448
14,181,0.025945432567777586
47,35,0.002904865649963689
255,48,0.011115942816763603
247,47,0.012878721732297215
130,260,0.004685875918005691
45,97,0.003946472732286111
215,239,0.0032765725065779677
216,181,0.0020585240603833723
220,74,0.020846297448662104
215,263,0.002829767164771881
215,151,0.0030283473166856974
219,234,0.008493518104604381
82,236,0.004816853694685581
189,188,0.021156558533145273
127,75,0.04095578585328325
226,198,0.008904837852206273
167,136,0.0061451706188548295
33,66,0.011135953840605842
255,140,0.008724248518780236
219,249,0.0023841454328714052
255,107,0.012601692304904785
124,188,0.006936887921653972
10,50,0.0030782254030551387
215,131,0.009035396912078638
82,237,0.003255346178276519
28,141,0.004341807198590486
136,41,0.03000669792364367
152,127,0.014881886234255234
152,50,0.019648273492013688
129,160,0.006439742410303588
181,79,0.016609073681863783
33,137,0.01138117562206996
247,42,0.04234698332314677
4,116,0.003125591424982938
215,145,0.008141786228466464
226,89,0.002770621191673823
226,211,0.0027195027195027195
82,88,0.0022496294727927164
10,114,0.0021932355996767865
10,249,0.0035399592135134097
181,142,0.004395114416293772
4,25,0.002597968652325268
218,97,0.008660892738174551
264,255,0.0020529544947972267
82,258,0.02400486978615287
152,79,0.007874251049651112
255,13,0.005182004312297295
45,151,0.004092957528025988
159,241,0.009401475813063678
247,265,0.004714921854535929
181,164,0.00587607688265363
157,148,0.011452346229733207
112,144,0.011310931698357536
61,237,0.004379831094632539
228,228,0.0528705330990041
82,232,0.0027524878255346177
63,25,0.004930061912405412
28,173,0.0076768185250440475
4,158,0.011802692023146582
223,92,0.007207361194199926
255,33,0.010382127520791434
223,41,0.008033501410135886
7,229,0.00990770145040578
112,262,0.007848940921523804
112,61,0.020547311671665854
218,76,0.031728847435043304
4,181,0.002706934224939352
93,134,0.005139035550862372
255,239,0.007763947020347521
65,177,0.006330292310556694
232,265,0.002409271541518395
7,56,0.007177744349731647
255,225,0.02053776883912232
80,143,0.0036071111620050956
125,75,0.0023336601977910045
260,79,0.005804480651731161
29,123,0.04276131917272219
36,164,0.00532328733467098
224,41,0.003475524354607231
256,230,0.009590069215282163
232,225,0.003433904266072195
244,138,0.0035122797084011607
25,229,0.0050245573219594155
83,226,0.03253930116015652
145,100,0.00560184111465934
25,89,0.015509887553315239
198,37,0.05163860493084787
255,209,0.004285118950553533
45,65,0.00494601604439351
209,225,0.002669567764341604
198,164,0.0037958508719182203
189,61,0.033528107999194035
235,55,0.005338078291814947
201,100,0.0149812734082397
28,233,0.006355398942864334
62,14,0.008108923587538659
177,168,0.004006748207507381
196,230,0.0056515738976145105
131,93,0.00547119249665029
196,37,0.008543076821975422
56,261,0.003049193657677192
82,48,0.003917001905568495
168,244,0.02286211964509281
168,68,0.008927113385226716
62,161,0.005129365618163989
93,144,0.006230200633579725
93,137,0.005139035550862372
223,220,0.002563883428766772
93,265,0.023618444209785285
218,39,0.011908727514990006
145,160,0.002738479653185378
145,196,0.0033182880488109466
242,205,0.006076111288775184
38,188,0.02712871287128713
10,246,0.0030397475855169494
177,68,0.004579140808579863
220,263,0.00715619166148102
217,225,0.016747648092628967
119,75,0.02286401925391095
72,25,0.012740994225304775
195,238,0.004270095255971095
195,97,0.011308713809769602
97,82,0.0029598913276614
97,95,0.0037892328590834346
93,143,0.004083069341781063
54,138,0.006146821215314366
195,223,0.002017737318755572
76,100,0.003204515018174861
76,188,0.027102863337797333
232,42,0.010004015452569197
42,235,0.0032189976900422767
195,39,0.002815447421519403
11,67,0.03390714658320292
195,50,0.004927032987658955
227,195,0.010090393104898045
177,49,0.013918177983973008
64,69,0.002831524303916942
223,166,0.0068370224767113925
119,138,0.0023207839092315627
195,166,0.0024400544319834825
213,166,0.009261416589002796
179,113,0.008097970539285093
169,215,0.002545481769858501
89,166,0.003506364814391341
21,21,0.04971098265895954
97,42,0.005204833059269322
219,76,0.019222172552525705
39,177,0.016310036758441053
188,230,0.005222879112110551
195,55,0.006100136079958707
25,76,0.009451337727801474
177,25,0.01620774838826294
51,215,0.003639435887437447
133,62,0.007748369773686229
195,125,0.0021585096898315424
91,261,0.0020755500207555004
182,147,0.004766308600697162
195,255,0.010604851954389751
195,168,0.0022054338135235325
51,147,0.006693962435822448
89,222,0.0034491958228523517
93,164,0.015557902147131292
35,117,0.007950838769804286
219,62,0.003948740873193265
195,257,0.0032377645347473135
165,17,0.005794570566756628
165,133,0.01563740276234323
133,17,0.009129267357115459
91,216,0.004946727549467275
205,225,0.007795557118574527
10,177,0.005117549732579168
55,17,0.007499690095450601
91,77,0.009962640099626401
93,158,0.005772615276311158
218,188,0.01748834110592938
219,25,0.004470272686633884
157,161,0.006476795058762975
35,17,0.018843196644920783
49,62,0.00800721293175622
188,49,0.011860287983751043
61,106,0.005734976854110428
235,61,0.004483985765124555
51,91,0.0023396373562097877
218,161,0.004080612924716855
248,74,0.023806993304283132
119,152,0.007048306687295857
94,195,0.002344877344877345
205,205,0.06658460817068167
76,62,0.009167144952490274
62,85,0.01267255035075809
244,164,0.00999716894330809
152,90,0.005961719485409476
222,29,0.009174311926605505
208,41,0.01345679012345679
7,74,0.008069158913217078
152,87,0.003959538004094013
63,188,0.017713827103875257
185,42,0.03059760956175299
49,138,0.008050147049352769
152,186,0.011639547566751835
29,100,0.004052543320290665
244,68,0.02017127892986057
178,26,0.08670867086708671
130,145,0.008008587932591545
28,161,0.007991442235086837
130,181,0.002232180891849984
205,191,0.02186272785885939
86,188,0.017810973858086755
215,91,0.005858114481457578
188,25,0.013782597656958398
63,68,0.0034969043797294197
76,74,0.0030291435495185255
86,191,0.0067030546777745855
86,74,0.005170927894283252
117,235,0.0031882036465079207
51,222,0.0025346071358939366
38,213,0.0021782178217821784
165,181,0.015240514367359898
76,210,0.004113258083030419
228,130,0.0030023432923257177
215,80,0.004021248076254778
182,41,0.03243935405847621
78,42,0.03895789643490886
71,62,0.015321154979375369
225,215,0.0031304716931076565
89,62,0.01250095281652565
195,42,0.004457791750739055
17,225,0.027255016927994553
145,237,0.007403707205680338
25,17,0.016253069665244927
49,177,0.009531374106433678
226,196,0.004948268106162843
61,63,0.005398900705759911
222,177,0.021897178466332008
72,85,0.020196156313972317
20,61,0.003983428935627789
56,238,0.0024393549261417535
165,236,0.0026988410858866485
243,138,0.004532409698169223
247,177,0.002182834191914782
25,186,0.007415664986428848
91,149,0.01321433513214335
121,121,0.035387363250725605
51,41,0.025346071358939366
195,155,0.005677818966730796
159,41,0.029953539218365674
24,211,0.0027751575551272062
167,130,0.003614806246385194
235,127,0.011245551601423487
235,72,0.0033451957295373667
35,21,0.0026211556383970176
76,258,0.010522288119380142
89,190,0.0025344919582285237
123,49,0.0033065138322495315
77,140,0.011292193127021913
130,77,0.0030330396851091382
35,86,0.005853914259086673
76,86,0.008433773356291053
86,29,0.013597625203485588
117,35,0.0261034173557836
171,74,0.0052776502983019734
145,43,0.002363834228319626
40,61,0.015993681508539834
89,210,0.009051756993673298
215,170,0.008489301494315643
213,167,0.009843895619757688
155,39,0.06427221172022685
95,230,0.005050949989721904
256,68,0.012544525321356668
42,164,0.009090399666270258
49,37,0.025094991735182363
66,45,0.010131606434092333
28,131,0.011892776239617417
139,215,0.015676438313215236
252,125,0.009523809523809525
25,48,0.006640170608763087
196,236,0.002760070973253598
10,139,0.00808034168301974
215,191,0.014446706051730129
83,61,0.007139424727122949
168,167,0.01328180284143487
122,218,0.011925337020394054
36,39,0.0034806109495925637
240,188,0.005825242718446602
98,260,0.004700720777185835
145,225,0.005967566410361622
194,138,0.05066162570888469
216,86,0.0051352428173004555
22,230,0.0036202735317779565
165,216,0.0043657723448166375
241,151,0.005864197530864198
173,166,0.007215007215007215
26,236,0.0020523708421797595
55,107,0.005454320069418619
72,39,0.04564759082159553
82,129,0.0587814948126191
225,117,0.0020339222864823757
89,117,0.0030871255431054196
227,76,0.01040571788942611
62,225,0.019008825526137134
35,123,0.003116262814538677
150,11,0.008335376317724933
10,79,0.005925583900881142
37,77,0.004300963830448751
254,186,0.0045216251638269984
75,114,0.0024524124358067593
95,82,0.020908583678383694
260,265,0.0020621181262729126
33,263,0.007082582041110711
71,177,0.014835869527539949
69,247,0.023936961046684507
41,211,0.0020228917473747504
210,89,0.03043899005894255
146,66,0.002227476113249575
42,236,0.016985349513414565
215,222,0.0033262175445564215
55,195,0.00564026279905789
119,159,0.013924703455389376
218,177,0.00957694870086609
37,197,0.003251632293501917
160,163,0.0020364623739332816
49,77,0.00360646587811004
215,25,0.0025815419748796108
205,38,0.013305198991852764
62,155,0.006373991099042016
29,39,0.01607043040804919
76,92,0.0027262291945666733
222,218,0.0046737060758178985
195,143,0.0021585096898315424
155,123,0.02158160050409578
123,165,0.04485837099085198
177,117,0.005603422305235886
35,26,0.003349254426840634
93,197,0.0035198873636043647
222,124,0.007789510126363164
76,124,0.009326573560359671
74,254,0.002447123784884787
29,196,0.002655114589155953
28,17,0.0022652907123080794
225,72,0.008471728480217895
179,41,0.007626002931167251
14,129,0.002978760145052668
223,229,0.007178873600546962
42,163,0.009613408962137863
74,90,0.0038565126314062032
116,162,0.007927942071076747
28,53,0.006607097910898565
226,262,0.00450864924549135
37,129,0.005959166753031402
147,48,0.00708825573314802
28,148,0.0032720865844450037
69,246,0.00455942115174943
106,14,0.02866059486656901
189,155,0.0024984888172476325
49,35,0.009724577635618145
33,188,0.009549224666426253
146,232,0.005041130151038512
82,142,0.0020643658691509633
215,35,0.010226877823561535
56,205,0.007927903509960699
39,49,0.007935928333211616
247,60,0.008207456561599581
228,179,0.00369800820152314
197,95,0.02623844952209484
122,7,0.004666436225371586
177,75,0.0072000964029643915
92,61,0.0051095319198919366
61,149,0.002048980388330569
117,76,0.04702600378599183
215,225,0.009184332026014
243,50,0.015160811479465611
260,148,0.005779022403258656
188,37,0.020601356497769396
45,166,0.00427390933452819
219,239,0.005960363582178513
217,165,0.007546779696061201
76,14,0.003953829475161023
92,216,0.010219063839783873
102,25,0.004859423811176675
102,61,0.009371745921555015
72,68,0.0033609337284976628
49,41,0.0037996694072945066
135,216,0.0130475302889096
97,114,0.006777722170586973
189,144,0.008261132379609107
232,125,0.0069716564434167344
37,230,0.00524665768473417
146,170,0.011821254811543797
136,247,0.014601473543201607
40,255,0.01624049758120249
66,146,0.002984272881912322
28,132,0.02303045557513214
97,229,0.005862586687638521
152,236,0.02124703034649693
47,216,0.0040460628695922814
97,179,0.0024880245942661043
19,101,0.03154805575935436
17,133,0.0028181800987308733
210,141,0.0036069323480249845
131,162,0.004801250558284949
155,85,0.011814744801512287
85,177,0.014343594281190333
53,137,0.006810193321616872
243,142,0.02169223156853043
72,10,0.004583091447951358
32,238,0.006728097118619277
47,74,0.02738873327108621
159,177,0.0020770702377698826
86,89,0.009575792396820836
25,138,0.007593382447977252
180,216,0.09168557320165488
188,36,0.012186717928257953
97,52,0.004203903624794452
28,95,0.03681097407500629
95,28,0.0185886706017091
65,189,0.0066596966615585125
17,179,0.0025533846532125363
128,128,0.025336927223719677
56,161,0.007860143650901206
39,63,0.004722607658414275
260,80,0.007102851323828921
18,55,0.0022711390635918936
65,217,0.0024204058834481476
258,191,0.003608087091757387
225,179,0.002546824428290975
97,236,0.004804461285479374
121,101,0.010716677829872739
65,36,0.010254500665969666
189,113,0.006407414870038283
168,129,0.003973654128789941
191,49,0.0038657801144270916
101,197,0.015873015873015872
133,123,0.016033755274261603
165,91,0.029846007302746468
205,89,0.00949534024969228
56,10,0.005081989429461987
196,215,0.00722875731090228
177,181,0.016026992830029525
65,50,0.003967174140326254
250,174,0.017253923708554206
97,137,0.010109387288196181
42,242,0.0026648568884682674
21,228,0.026589595375722544
195,198,0.004880108863966965
129,144,0.00453410435011171
166,249,0.005423165228406302
41,113,0.002890458908669229
243,151,0.018446313706086095
93,232,0.004083069341781063
14,26,0.017397686064582973
42,137,0.01551594244407225
127,42,0.04679368240032584
97,90,0.006391649388718095
232,132,0.0049431605765636035
226,28,0.003721424774056353
146,256,0.0053732976416108165
215,112,0.0030283473166856974
242,244,0.018334932309988273
265,48,0.004432811246675392
247,20,0.006897756046450712
242,20,0.012578616352201259
81,89,0.0024437927663734115
189,114,0.007052186177715092
86,76,0.04031408599061572
66,244,0.0024172610343489807
135,132,0.00865397417121555
130,112,0.005520813808850342
212,48,0.006463263948293888
16,265,0.006248437890527368
88,97,0.0025508556667742975
83,83,0.06123429669801606
130,255,0.004668836369212943
181,112,0.012612067455451693
135,26,0.005858074823592065
63,62,0.0072231139646869984
22,75,0.008648431214802896
181,244,0.002404573466885361
45,265,0.0023437567318380396
64,121,0.02878716375648891
77,218,0.006653238112677776
198,63,0.010635898977751052
257,257,0.03272058823529412
145,89,0.002354914099156156
91,197,0.0024560675245606754
193,223,0.012035451707120556
95,122,0.0029953308078583384
92,244,0.004287308392553004
223,265,0.009970657778537447
135,41,0.005059246438556784
82,163,0.0026201566800762226
226,249,0.002688831636200057
10,82,0.007387740967332333
235,235,0.030462633451957294
10,144,0.0035784370310515986
82,230,0.006431293669278001
195,246,0.0073670874196424384
42,130,0.002328636626839094
264,113,0.00615886348439168
260,160,0.009775967413441956
160,102,0.025504266873545383
202,193,0.017772681668338827
45,49,0.004385927119505743
95,160,0.01306786479898981
209,50,0.007037951378718775
114,42,0.002358710239399906
222,161,0.004500605850787606
93,113,0.006195001759943682
55,70,0.00334696913350688
74,194,0.002577443986446699
214,214,0.14068441064638784
89,181,0.03222425489747694
42,169,0.0028890037295543837
15,15,0.06386138613861386
188,95,0.0030285444851474376
223,256,0.00544113038771615
215,229,0.0023829618229657948
215,107,0.006404209899220573
116,247,0.003237897132989266
129,89,0.002546326718359837
26,217,0.01521585279547063
257,164,0.004411764705882353
82,148,0.0038905356764768156
28,243,0.0020765164862824063
217,232,0.016230745373720667
157,79,0.013296731577592863
62,42,0.0056196726257826055
98,98,0.0645565653400188
194,238,0.027977315689981096
89,77,0.006479152374418782
82,170,0.006590091043828075
63,95,0.014102270121531759
65,157,0.0022485427437950248
25,91,0.007205635259144371
121,97,0.0035722259432909133
152,241,0.0026147892479866123
145,223,0.01622571494835245
181,91,0.00757997993534723
194,265,0.011342155009451797
130,36,0.006014960723840033
49,17,0.020114634093982783
157,186,0.0073346487089302565
219,42,0.003278199970198182
232,36,0.003738524805804406
7,230,0.009239140527791706
74,7,0.0027125908621405334
28,265,0.004090108230556255
194,216,0.004536862003780718
28,164,0.005222753586710294
93,87,0.00897571277719113
215,166,0.0023333167849873405
194,223,0.01890359168241966
72,177,0.017171315958324423
53,129,0.047671353251318105
129,53,0.009906032330135366
33,95,0.0029859358095924993
51,140,0.03048027555728862
94,250,0.010642135642135642
188,139,0.0021399296362119616
219,211,0.002160631798539711
49,88,0.004873022347208209
95,197,0.023199130766745953
6,265,0.0032388663967611335
260,140,0.012169042769857434
28,163,0.0035867102944877926
38,140,0.013663366336633663
205,140,0.010081472363870816
51,210,0.00370442581399883
77,151,0.004028566196667277
39,68,0.004893011027532316
51,88,0.010398388249821278
178,261,0.0036003600360036
10,93,0.004232559929200816
205,137,0.008264462809917356
167,13,0.004916136495083863
130,71,0.0035953447952698212
86,261,0.0046921382744422105
235,137,0.012241992882562277
119,246,0.00850954100051573
196,75,0.008740224748636394
56,246,0.0023715950670822605
222,209,0.013155617102302232
241,146,0.0022633744855967077
174,33,0.008934554389099843
47,65,0.005809731299927378
89,149,0.006688772010061742
213,112,0.002329916123019571
213,75,0.023998136067101584
218,244,0.014240506329113924
188,142,0.0033731094265713976
60,162,0.005249679897567221
152,163,0.013044062934241785
203,14,0.004558500759750127
254,137,0.008322411533420707
49,244,0.0024901788205997895
42,174,0.0029201352352607886
66,239,0.007848637679429407
33,140,0.013876667868734222
228,72,0.005016110134739309
76,162,0.0020725719023021493
218,170,0.00816122584943371
85,107,0.008149769477949053
168,262,0.00367426922867563
181,74,0.00375814131248308
37,216,0.0034070888174940407
112,141,0.010544536793562282
191,231,0.010360290706664605
131,209,0.0022331397945511387
61,186,0.005734976854110428
129,231,0.002858457090287817
179,35,0.0026827632461435278
155,14,0.014413988657844991
117,261,0.004981568197668626
213,243,0.01217381174277726
61,69,0.0020056157240272766
60,65,0.005633802816901409
155,137,0.010239445494643982
91,107,0.0024560675245606754
39,237,0.0021909004600890966
76,237,0.002534914865123398
29,170,0.00796534376746786
55,25,0.010102888310400397
7,181,0.003370661318179286
173,48,0.005217005217005217
77,209,0.0024415552707074406
85,145,0.003492758347692451
72,145,0.0035748113294020592
61,231,0.006591428974100454
189,36,0.01628047551883941
17,226,0.005371564751943409
129,170,0.006045472466815613
139,49,0.012227621884307885
183,71,0.01207115628970775
247,226,0.0033179079717104687
51,68,0.008838630012348086
32,75,0.03422553751645459
21,170,0.007947976878612716
117,89,0.014845073229052506
159,143,0.004810057392730254
167,42,0.04149797570850203
247,97,0.0022701475595913734
76,69,0.0020088004591543905
129,159,0.0021027730319358655
228,198,0.00497949619214997
39,108,0.002921200613452129
227,233,0.003153247845280639
155,25,0.0074039067422810335
42,113,0.0035676705539540127
257,181,0.055392156862745096
121,226,0.025563741906675597
188,52,0.002901599506728084
205,107,0.003809858742160483
202,162,0.016339400888634083
39,227,0.003821904135933202
33,163,0.009145329967544176
25,40,0.009112058937572703
52,233,0.012438442402396305
189,261,0.0031835583316542414
76,231,0.005372744085198648
256,42,0.005217950703470295
73,140,0.007862407862407862
243,161,0.0164473033151905
243,163,0.01583374567046017
73,186,0.015724815724815724
81,42,0.028225806451612902
61,45,0.0044774015893149464
17,37,0.030697357719732934
89,14,0.011738699596005793
179,37,0.008967384554239014
63,75,0.006133914239853245
130,168,0.0023514577333992198
205,77,0.009085047769767306
36,132,0.004299578231849638
40,228,0.012982525422055484
77,231,0.011597387535860343
201,188,0.014044943820224719
225,188,0.01963177163474293
37,232,0.00967716861850969
225,79,0.012999416352735183
17,209,0.002629040494789204
55,148,0.006384033717614974
222,141,0.002856153712999827
146,68,0.00947654311338635
21,37,0.010115606936416185
89,36,0.008480067078283405
36,188,0.017484951476188525
17,165,0.00259121257400087
177,145,0.003976622281135145
242,247,0.01268521479586398
32,42,0.03758958607576422
157,261,0.004889765805953504
81,100,0.005620723362658847
89,186,0.004592575653632137
223,14,0.0020511067430134177
49,45,0.008071614108151041
41,261,0.002469559988833294
71,232,0.003154355436930223
207,79,0.0054333764553686935
260,209,0.002189409368635438
116,230,0.017023489471928412
47,61,0.006328457308849466
202,230,0.01662605704457503
173,137,0.007881007881007882
33,162,0.017612693833393436
252,140,0.004890604890604891
193,260,0.005363077852754557
71,65,0.011820167076848418
150,150,0.041922039715616574
14,100,0.007079951649110689
40,97,0.011945897916872346
65,137,0.010340432235796228
171,262,0.005736576411197797
35,232,0.0032036346691519104
120,265,0.016965127238454288
32,234,0.00307152259763054
168,231,0.006532034184312231
95,196,0.022053857222564824
202,74,0.015622760498781712
47,116,0.01639174188193796
167,107,0.006506651243493348
167,263,0.0048438403701561595
225,90,0.004616119276277392
91,68,0.00297495502974955
228,97,0.011972759226713533
80,188,0.0119235063410724
127,166,0.026474182015658234
74,45,0.004175073124113099
149,237,0.0029312619082515023
39,36,0.0032620073516882106
149,140,0.009526601201817383
62,89,0.0239118956023233
222,65,0.01229011597715077
32,231,0.005557993271902881
21,87,0.0024566473988439307
33,129,0.002408943382618103
129,162,0.0043041135497437245
193,140,0.014779937556652231
149,26,0.021398211930235965
189,37,0.02526697561958493
86,33,0.002393948099205209
72,14,0.004399767790033304
177,36,0.01671988913659095
52,161,0.016652282073412194
55,162,0.003532911863146151
247,167,0.013708198725224831
41,45,0.0021946872248588055
66,37,0.01241457518875526
250,162,0.010705747843259537
19,175,0.01173881144534116
64,19,0.016989145823501653
28,107,0.0039013340045305814
106,181,0.03999745239156741
28,196,0.008746539139189529
181,82,0.00205423825978948
259,162,0.007139513108614232
14,140,0.011396995337592817
217,26,0.05220717460973845
247,237,0.00681044267877412
147,140,0.01556636553161918
95,164,0.004904120048160221
26,234,0.0031847133757961785
159,119,0.011150587592238316
123,89,0.035820566516036594
223,87,0.0035609492066205166
72,189,0.005621925509486999
205,161,0.004630443702010433
220,114,0.0021779713752333543
119,244,0.03412411896166409
61,114,0.003718519964007329
51,107,0.00435432507961266
80,170,0.013211760327502792
254,231,0.014613368283093054
185,162,0.005418326693227091
220,140,0.013067828251400125
217,49,0.019745683862297116
181,231,0.009060942401707088
260,141,0.009215885947046844
80,130,0.004723597950244769
153,127,0.046079223928860144
65,34,0.003866920642195265
191,63,0.009200556672336477
112,36,0.02094372282931857
213,78,0.011067101584342964
190,106,0.0075266569098891905
26,177,0.0031847133757961785
244,137,0.01331481350414042
243,42,0.03008411677387432
25,177,0.008837404678816078
63,210,0.0023503783535886264
181,234,0.005684984951510422
116,220,0.0022469043741046722
228,232,0.006260984182776801
49,95,0.0028980529377669964
168,237,0.006695335038920037
243,88,0.0043542800593765465
168,213,0.01496924500571553
22,227,0.032180209171359615
14,89,0.015541357278535659
188,123,0.0028653295128939827
62,76,0.02598627140378668
171,161,0.004359798072510326
11,66,0.003390714658320292
228,181,0.03796865846514352
181,7,0.007978088125228912
178,129,0.0027002700270027003
97,125,0.0035890469721884606
32,244,0.03407927453561504
247,239,0.0066358159434209375
17,137,0.01153751584044183
17,25,0.014507007622326039
67,181,0.02425831830847402
182,127,0.007042754499537597
22,67,0.028660498793242156
14,108,0.00850457606630979
64,197,0.008022652194431336
210,14,0.02111375032990235
33,125,0.006188243779300396
49,107,0.010883798810724942
37,102,0.004313918540781428
222,197,0.007356759563787433
133,91,0.010586881472957423
213,263,0.005242311276794035
254,205,0.002686762778505898
226,144,0.003987240829346092
131,107,0.0024564537740062527
37,168,0.0025261685148720075
181,190,0.004012930554007357
39,77,0.01331580612965262
28,25,0.002642839164359426
127,88,0.007421821966782821
210,55,0.050936922670889416
34,45,0.006146672318779143
22,55,0.03821399839098954
210,233,0.005366411542183514
188,155,0.007235863769903159
80,137,0.009389940167759297
223,140,0.012904879924792752
225,166,0.002546824428290975
223,163,0.00544113038771615
61,155,0.004986936394878633
257,89,0.030147058823529412
72,123,0.004796969048855755
75,88,0.002782988406777576
14,72,0.005353134173717838
222,39,0.03738964860654319
108,7,0.0022402205755643633
228,14,0.047048916227299356
193,163,0.006294692315439622
200,142,0.020789288231148697
256,137,0.00910163090742307
196,130,0.017546165472826444
260,164,0.0074592668024439914
24,87,0.003588565804043801
9,9,0.10049571879224876
228,231,0.008384592852958407
7,234,0.006527754563856854
17,188,0.018535681186283594
63,231,0.0038981884888786974
35,179,0.002096924510717614
207,129,0.03311772315653299
91,14,0.009028642590286426
127,151,0.012490383309951577
247,243,0.01362088535754824
108,150,0.016887816646562123
215,242,0.0032765725065779677
149,75,0.007621280961453906
61,130,0.005008618727030279
14,86,0.003021930581937489
247,100,0.00681044267877412
124,170,0.003400435255712731
242,140,0.009807056816970472
40,138,0.006367854674696416
77,61,0.042055789537935664
219,140,0.01482640441066905
181,62,0.01081261843718649
130,219,0.016511322780172782
155,35,0.024180844360428482
193,229,0.006521301238795448
188,14,0.006202168945631279
22,91,0.013877715205148834
207,260,0.02147477360931436
260,263,0.0054989816700610995
226,87,0.005152741994847258
19,162,0.0031181217901687453
91,29,0.0055002075550020756
32,32,0.017551557700745943
97,165,0.002387931650818617
260,229,0.007102851323828921
20,242,0.013224984066284258
89,231,0.010995502705998934
72,164,0.003085948241620581
89,107,0.006803109993139721
130,61,0.007787073798285821
117,151,0.002092258643020823
14,21,0.015195993783457089
77,205,0.00994933772813282
93,233,0.00858852516719465
63,248,0.0033822517771153406
62,68,0.007694048427245984
121,137,0.0074793480687653496
106,89,0.025539774536653716
91,189,0.0036322125363221253
56,209,0.002642634503320233
197,10,0.018215997246419022
62,165,0.008750094289809158
149,89,0.04015828814304558
97,188,0.015328519339386573
155,89,0.05119722747321991
165,22,0.019209398317193205
165,76,0.016986823305286555
76,117,0.007955487532682864
216,63,0.01013767763070521
201,13,0.0056179775280898875
127,220,0.00547585645110196
10,219,0.01046596637038747
101,205,0.018832391713747645
65,95,0.002692522521232259
14,155,0.008547746503194613
95,121,0.016650515373094883
93,224,0.0024287222808870115
116,161,0.015424164524421594
130,70,0.003867977575953789
65,228,0.008693410480787133
197,244,0.003547883184622309
47,167,0.01639174188193796
53,95,0.01515817223198594
200,128,0.0035236081747709656
22,246,0.00502815768302494
165,79,0.003968883949833307
117,63,0.005778619109295606
82,197,0.016356129578657633
210,78,0.003255036509193279
14,165,0.006302883785183906
92,90,0.0022904798261584544
55,191,0.005702243708937647
86,37,0.01110791918031217
242,32,0.01396439611981665
165,89,0.04278456897920305
165,38,0.0031751071598666455
181,108,0.0022612545185279553
248,226,0.0034009990434690192
165,124,0.007461501825686617
52,68,0.01406305528760725
6,261,0.046153846153846156
12,50,0.010857644220223733
121,180,0.0026791694574681848
190,90,0.003136107045787163
69,244,0.025721082366934284
25,151,0.002100297272844772
139,55,0.009405862987929142
16,188,0.017745563609097726
89,133,0.008365729095205427
250,254,0.011641201538301631
126,164,0.003551824346141427
21,91,0.014595375722543352
175,171,0.018518518518518517
175,223,0.010167029774872912
102,96,0.004396621543445563
165,61,0.023178282267026513
146,173,0.003165360792512554
205,139,0.016587538831252566
92,254,0.004522229400364127
197,75,0.0052159178161984695
53,92,0.0797451669595782
136,4,0.004018754186202277
196,82,0.03331799960570415
69,48,0.009168401229061355
197,213,0.0033625460033360694
130,101,0.004140610356637756
71,71,0.04575548545876807
215,162,0.005113438911780768
77,89,0.019349325520356467
9,122,0.0076611086074808476
215,205,0.027950156381869633
219,186,0.0042467590523021905
215,164,0.006205629747306757
61,85,0.009551067312800164
185,3,0.01243027888446215
192,93,0.0076128330614464385
219,229,0.002160631798539711
185,230,0.01195219123505976
20,200,0.006692160611854685
33,75,0.005221781464118284
33,100,0.005539127298954201
134,138,0.002098706925732855
9,218,0.006309148264984227
94,95,0.005230880230880231
41,79,0.007799514677776107
197,50,0.0027800577192936007
52,181,0.03503071533736102
248,137,0.012328621532575194
217,112,0.015920603742375684
208,254,0.017160493827160495
191,97,0.004484304932735426
197,37,0.007122243109428367
97,132,0.004389790519768356
196,10,0.0061773017020437665
86,75,0.008235181461265919
150,67,0.008580534444716842
197,119,0.007334057030898356
168,185,0.010424037885798269
242,76,0.005010126852147958
250,47,0.011433322939403388
188,69,0.002248739617714265
173,97,0.002775002775002775
146,262,0.006311182320873796
25,71,0.0066563267416311234
66,107,0.011011966934256469
215,129,0.0063545648612421185
21,72,0.004190751445086705
95,56,0.017032273221155258
147,116,0.025295343988881166
177,55,0.009037777911670784
66,62,0.0030887224327792533
49,39,0.006332782345490845
112,42,0.005192986165250598
61,195,0.004271419433874307
136,181,0.002277294038847957
182,248,0.006687059827843779
25,35,0.007884192839601912
226,192,0.002126528442317916
260,196,0.005702647657841141
78,167,0.013873205355702533
146,234,0.009242071943570605
62,244,0.0021875235724522894
119,129,0.0030943785456420837
180,63,0.025223541972507674
228,149,0.004393673110720563
139,89,0.008622041072268381
19,171,0.003668378576669112
66,257,0.002447103763168104
191,98,0.006494510592237514
130,107,0.0035612656976843253
52,66,0.013910747829618724
77,216,0.012757126289446377
9,192,0.010815682739972961
193,161,0.015056904018531575
86,170,0.00766063391745667
65,188,0.012631940764504532
52,97,0.012387673249733461
117,74,0.006874564112782704
18,127,0.01685883997204752
126,74,0.025939080830911634
93,74,0.004188665962689194
155,181,0.01260239445494644
130,134,0.007735955151907578
221,221,0.06768837803320563
224,43,0.0042795635709715904
69,235,0.013232233125185846
56,79,0.005827347879116412
10,181,0.002578013775058679
226,68,0.00778023146444199
37,255,0.023849621722458286
22,21,0.039621882542236524
152,43,0.006066311055328941
97,13,0.0040752126975048255
260,25,0.002036659877800407
181,52,0.005892001210248897
97,50,0.003917923786373061
191,85,0.0037884645121385495
7,50,0.00491206566753951
33,52,0.007832672196177426
32,177,0.013017405294719906
219,68,0.005736849947846819
182,250,0.01003058974176567
130,79,0.002317378635813724
93,129,0.006195001759943682
28,90,0.002139441228290964
181,162,0.007691450228514101
97,100,0.0037320368913991565
256,233,0.006445003037848012
8,151,0.0029585798816568047
93,202,0.0020415346708905313
168,174,0.010015785749278755
181,226,0.0034874277433635365
47,10,0.0036310820624546117
182,235,0.006189087287472433
157,17,0.011623916959766663
108,76,0.022746855074961228
112,225,0.017230671652638117
215,142,0.004517698456039319
73,35,0.012285012285012284
215,232,0.0031276373926426054
130,28,0.018828701415986505
219,157,0.0023096408880941737
124,225,0.007752992383025027
93,225,0.005350228792678634
216,76,0.02080658727699323
80,249,0.008616987775901062
216,180,0.016158307140643677
98,140,0.008461297398934503
219,145,0.006183877216510207
69,213,0.01224105461393597
8,140,0.013313609467455622
120,244,0.06974552309142319
205,33,0.0029306605708926793
65,133,0.0023058304570127324
92,138,0.004287308392553004
205,132,0.0037512455307426294
201,35,0.013420724094881398
147,68,0.009589993050729674
38,142,0.01485148514851485
51,83,0.006434002729576916
178,88,0.0093009300930093
89,106,0.005812180806463907
201,216,0.010299625468164793
258,107,0.008460342146189735
154,188,0.012471655328798186
134,164,0.0027757091598402273
139,195,0.003919109578303809
10,125,0.009850321289776445
28,114,0.0031462371004278883
38,226,0.006534653465346534
146,239,0.00531467984915688
98,133,0.003760576621748668
220,88,0.0076747562746318195
56,88,0.007047025342187288
56,231,0.005556308442878439
127,158,0.0026700457075621124
92,163,0.008339695777294884
189,107,0.009792464235341527
174,130,0.007817735090462363
14,107,0.0060870316007598
182,198,0.002703279504873017
14,68,0.007597996891728544
85,106,0.003818749126810413
181,25,0.018137809131009444
131,230,0.004689593568557392
157,145,0.019601955906322382
197,164,0.004501045831237258
254,166,0.008125819134993446
190,137,0.021534601714405185
64,162,0.010854176498348278
40,231,0.028137032283542304
179,246,0.004645154879896664
257,67,0.004044117647058824
11,186,0.0020865936358894104
247,238,0.011307081114118572
69,130,0.003320448012687085
32,87,0.0035103115401491883
174,65,0.002568684386866205
124,68,0.008297062023939063
51,162,0.007473841554559043
146,13,0.002286093905703511
205,7,0.004395990856339019
76,226,0.004639372488999426
35,231,0.0043977166821994405
85,62,0.013598472500349276
225,50,0.0029536088855874497
85,75,0.007218367251897732
139,33,0.007524690390343314
117,37,0.010760187306964233
55,188,0.013883723813065576
35,33,0.006436393289841566
102,29,0.009603147055420572
177,125,0.0020184370669398084
149,68,0.008940348820167083
25,198,0.006995605531859894
14,97,0.005871179416335693
257,50,0.006862745098039216
51,79,0.0034444661077532982
182,100,0.007185032368215124
14,48,0.0044897254360214125
95,140,0.01342025665873785
3,3,0.03618677042801557
179,129,0.022902849193929008
52,230,0.012032289181093567
169,247,0.023732874148386613
38,55,0.004752475247524752
188,257,0.002629574552972326
49,85,0.005731704699139171
244,7,0.004777408167598556
17,190,0.002402072970059201
152,141,0.011415422774067267
126,170,0.0050586589172317295
126,90,0.006134969325153374
62,140,0.00743003696160519
213,209,0.004543336439888164
95,151,0.003993774410477785
51,48,0.0068889322155065965
117,198,0.0027896781906944306
228,249,0.004576742823667252
35,170,0.004281220876048463
78,62,0.0031456686562348767
126,137,0.010224948875255624
37,140,0.005816664939371955
188,261,0.005422364078198107
133,68,0.013425393172228616
133,231,0.012811660912926735
216,137,0.00369648944176369
177,33,0.008284629752364886
94,166,0.007395382395382395
49,217,0.0036279329369083143
127,107,0.008326922206634385
127,162,0.007286056930805087
191,95,0.017859904128653164
159,174,0.01022137195955179
129,17,0.0039591273491917465
91,33,0.008267607582676076
52,50,0.002741534243793471
49,231,0.013009037631754074
71,141,0.002461090505736767
145,171,0.0025333166824255617
106,195,0.012801732373734158
11,55,0.03286384976525822
40,261,0.014759601145226578
94,261,0.0030663780663780665
179,228,0.003750900464515488
159,242,0.011041268106039902
25,232,0.007415664986428848
168,136,0.007675140166566872
47,159,0.029671127710343397
108,14,0.028261244184042737
47,181,0.0034235916588857764
243,141,0.010687778327560614
89,140,0.009547221587011205
155,79,0.004253308128544423
213,116,0.012290307548928238
208,75,0.02123456790123457
26,155,0.010898796886058033
76,141,0.0020247433199413302
39,87,0.006012804596022298
189,231,0.00999395526899053
62,231,0.010485026778305801
174,69,0.019544337726155908
37,246,0.005518706601720385
167,169,0.01720647773279352
89,22,0.0061933074167238355
73,137,0.008353808353808353
218,162,0.002415056628914057
248,236,0.010521840790732278
205,97,0.003340953050817654
17,90,0.00400975960356339
198,25,0.00661455201443175
181,95,0.0025638167428380337
195,33,0.01844118061095209
17,181,0.02072970059200696
51,236,0.006174043023331383
226,231,0.004702899439741545
173,93,0.006105006105006105
119,174,0.012893243940175348
60,75,0.01997439180537772
65,168,0.0020910015324463287
200,140,0.025898520084566595
52,232,0.005533837640249784
52,87,0.01604305224145809
181,13,0.004554357692246445
134,264,0.0032496107237153884
228,227,0.024934094903339192
213,242,0.024056383970177075
159,161,0.007269745832194589
25,162,0.009596742923613804
191,131,0.03510128343899799
136,168,0.018888144675150702
65,129,0.0030648926571473583
205,230,0.007326651427231698
77,165,0.003662332906061161
77,75,0.004394799487273393
169,174,0.017219435501983977
189,52,0.0051178722546846665
33,13,0.009188604399567256
136,174,0.0159410582719357
177,170,0.004006748207507381
244,13,0.0025567980748814494
76,95,0.004719086792934124
47,244,0.02209772798008092
17,14,0.0044636946530233965
223,33,0.0023929578668489874
210,231,0.006334125098970704
210,26,0.013284067915896895
189,225,0.019464033850493653
112,181,0.013940459044120562
17,189,0.009475894157477634
18,87,0.0032320055904961563
91,133,0.005673170056731701
66,177,0.003939240204124265
49,233,0.004915956464804757
167,164,0.004337767495662233
225,161,0.006402433632231478
189,106,0.0068909933507958895
201,79,0.004369538077403246
71,45,0.0033969981628479322
69,35,0.003816037268312023
71,236,0.00374363062844466
182,236,0.0069716155651988335
188,170,0.00589387399804142
89,164,0.003696928119521305
40,52,0.011550992200612105
133,137,0.01703107019562716
225,35,0.016253692011106984
32,242,0.025303495685242067
22,26,0.05450522928399035
76,130,0.012403545692239015
33,14,0.011121529029931482
129,9,0.002004205546063872
116,142,0.021242567554308367
92,75,0.007693663005814295
198,79,0.008568851473241131
39,210,0.007059568149175978
8,161,0.0073964497041420114
257,33,0.014215686274509804
66,76,0.0021337551105673103
174,244,0.025910207728389548
155,165,0.022841839949590423
97,91,0.0052763280188746695
242,262,0.002238567316917173
55,181,0.012024296516672865
95,226,0.012774204915866444
71,49,0.01123089188533398
91,195,0.003908952539089525
173,196,0.010212010212010212
76,165,0.004224858108538996
76,77,0.025460748676742556
222,237,0.002250302925393803
95,65,0.002114351158488239
65,91,0.005084284548071552
19,75,0.00752017608217168
218,205,0.03555962691538974
169,233,0.0026203488807366926
123,144,0.002314559682574672
178,40,0.0042004200420042
82,56,0.02612216811348719
119,35,0.00421179302045728
65,140,0.006788594016298354
11,161,0.003912363067292645
228,195,0.011350322202694786
24,127,0.004067041244582974
95,229,0.002731036913047309
7,127,0.002293535387301057
60,164,0.009603072983354673
33,223,0.002596465921384782
174,241,0.018427518427518427
213,236,0.006407269338303821
65,41,0.003437262793062458
39,222,0.010686725577545705
189,242,0.0024984888172476325
95,191,0.007253399113147153
26,35,0.005520169851380042
26,210,0.011535739561217269
149,170,0.01231130001465631
15,137,0.015346534653465346
223,143,0.003760362362191266
177,37,0.026571067060312106
180,228,0.0030695315627919393
35,140,0.005038443616029823
17,33,0.010043312969302642
196,28,0.015311822304002102
169,68,0.009058920416261136
181,149,0.0021179355701705497
17,100,0.004425866732235063
39,97,0.012171669222717204
196,198,0.013603206939607019
37,125,0.0025132138045393304
207,249,0.0033635187580853816
259,261,0.003394194756554307
32,230,0.01213982740968261
155,133,0.005198487712665407
227,17,0.008303552659239016
188,198,0.005458634072032208
232,17,0.003662369670871353
33,229,0.009679047962495493
244,114,0.003052232995965744
49,211,0.00689092587424597
200,162,0.009337561663143059
242,69,0.019507515190278223
130,76,0.014960723840032716
80,140,0.007743837851764908
124,198,0.01074537540805223
200,151,0.008632840028188865
52,61,0.02294765700360461
63,170,0.0030382939692731024
61,125,0.0021790743812404464
192,242,0.006797172376291463
173,129,0.07892107892107893
153,263,0.00444624090541633
244,127,0.020825960789864817
61,133,0.0023742153706052625
45,7,0.002800444624438834
147,168,0.027936066712995134
126,107,0.01517597675169519
14,22,0.03350025902262131
121,49,0.005135074793480687
29,67,0.006428172163219676
26,135,0.002760084925690021
63,76,0.08725063058931437
258,162,0.003421461897356143
123,86,0.008707153091590434
36,216,0.002907333852012612
40,49,0.012143350775002467
123,25,0.0036371652154744845
131,97,0.004801250558284949
130,89,0.0030841583314873823
49,164,0.008629757636906167
81,137,0.015029325513196481
52,91,0.007818449510077676
69,25,0.002824858757062147
247,166,0.01121976774644198
37,152,0.002383666701212561
10,260,0.002731925045211436
89,123,0.008499123408796402
203,130,0.04001350666891778
242,51,0.028461784457946913
212,263,0.00570287995437696
152,100,0.008128259148026954
82,225,0.0037582045310184204
51,74,0.019756937674660427
174,141,0.006365870002233639
108,117,0.0067206617266930896
85,68,0.009034601592697807
62,71,0.021271780945915364
213,215,0.002271668219944082
91,162,0.005015912550159126
51,82,0.0020146877234028726
51,167,0.00935854942483915
69,242,0.01159678858162355
244,168,0.00254795102271923
248,244,0.025507492826017643
147,242,0.01584433634468381
216,92,0.005666474832883262
108,67,0.008099259003963468
227,65,0.008303552659239016
225,191,0.0021577262517465203
222,210,0.007529859788817725
26,181,0.01889596602972399
201,123,0.009051186017478152
3,141,0.004669260700389105
167,162,0.00708502024291498
86,21,0.0034472852628555013
26,188,0.018683651804670912
55,7,0.00229329366555101
133,165,0.02048331415420023
33,142,0.005539127298954201
69,161,0.006492219248686689
174,139,0.0020102747375474648
228,106,0.007725541886350322
226,50,0.00232077863656811
123,188,0.011242147029648408
33,238,0.00431301839163361
185,174,0.02087649402390438
42,225,0.0021293949903181016
97,112,0.014713662686780583
184,184,0.046898638426626324
37,132,0.005220748264068815
86,63,0.008330939385234128
185,242,0.02948207171314741
177,74,0.003554859311923842
25,72,0.007383352720692775
213,174,0.012814538676607642
174,131,0.0027920482465937013
94,244,0.035173160173160176
29,89,0.02166014533258804
244,100,0.009696369169792626
169,216,0.002171146215467545
32,47,0.008629515869533422
167,244,0.028267784846732216
33,35,0.003923548503425893
188,225,0.022378586195640347
119,137,0.016245487364620937
119,162,0.007993811242908716
189,74,0.0024178924037880313
80,125,0.003149065300163179
85,33,0.006100684580636148
169,152,0.0068129070899154
82,260,0.031071352953631167
203,72,0.008104001350666891
179,145,0.02881486449561567
203,86,0.021610670268445046
166,4,0.0022431583669807087
82,42,0.00322887994918484
220,128,0.004459655673096868
202,36,0.009889637379962735
123,72,0.012123884051581615
74,144,0.0029925379617920475
218,68,0.006828780812791473
133,230,0.004986574606827772
165,155,0.02492459120495317
62,255,0.012521686656106208
145,137,0.00899149019677805
160,188,0.005624515128006206
225,193,0.0024583930245308714
197,90,0.002885964680028595
223,238,0.008204426972053671
35,63,0.009640027958993476
14,17,0.0057416681056812295
16,16,0.09772556860784803
12,262,0.005593331871024347
194,141,0.019659735349716444
165,123,0.04230830290522305
223,145,0.018289035125202975
133,186,0.005446873801304181
188,10,0.0023756845961336185
174,35,0.005584096493187403
168,24,0.0043819062653094555
197,89,0.0049511504143609835
51,45,0.0032494963280691493
45,61,0.005213135377801522
121,72,0.00759098012949319
197,35,0.006195557202997167
159,95,0.004154140475539765
124,132,0.0308759521218716
69,232,0.004063831896124492
37,205,0.0025002590942066537
67,14,0.1014587772496312
165,25,0.0050007937767899665
226,238,0.003097779413568887
91,230,0.0036668050366680505
177,159,0.0030427185635958304
134,10,0.006837722564484463
71,122,0.0027383964782141494
74,246,0.008089505845102374
67,108,0.008031470250778562
126,35,0.0065654934883220325
37,89,0.011698103430407296
7,65,0.003834939736661281
205,95,0.012250161186331399
97,233,0.006277257453349539
45,244,0.0037138204096404228
7,142,0.007502739242669044
14,225,0.006648247280262476
112,263,0.012685157044886956
123,14,0.024468202358646534
21,39,0.007658959537572254
58,236,0.002898550724637681
25,211,0.005993925294041618
134,226,0.007988626362466996
146,246,0.0059594755661501785
195,91,0.004927032987658955
45,36,0.002386840495290945
131,250,0.0026797677534613666
219,139,0.01892415437341678
20,41,0.02374123645634162
56,249,0.004133351402629082
14,11,0.013728198929373166
196,61,0.004862982190970625
154,11,0.012471655328798186
157,134,0.0036887706957193104
134,9,0.002166407149143592
7,225,0.004809924415473471
97,163,0.0033030671337670693
191,168,0.008195453842585434
196,170,0.009857396333048564
66,79,0.02372496941120296
93,151,0.0029567053854276664
191,19,0.015927014071439618
254,48,0.008453473132372215
207,87,0.004915912031047865
77,244,0.0024415552707074406
82,229,0.0020908320982426423
227,91,0.01177212528904772
189,62,0.00693129155752569
14,221,0.0032809532032464167
112,189,0.007003263785198007
42,87,0.00417784806579955
3,142,0.010894941634241245
16,92,0.056485878530367406
91,215,0.0037013975370139753
212,116,0.013781959889744321
60,7,0.005249679897567221
60,74,0.031241997439180536
215,231,0.004616988531996227
32,137,0.009653356735410267
145,157,0.00619056963944838
77,143,0.0022584386254043826
226,112,0.008935508935508936
159,137,0.013664935774801858
171,134,0.005736576411197797
226,143,0.002412791886476097
96,37,0.029547553093259463
53,238,0.0024165202108963092
173,10,0.004551004551004551
181,133,0.006624520279631192
223,244,0.00922998034356038
228,26,0.015560925600468659
38,230,0.008118811881188119
64,219,0.005663048607833884
53,89,0.0024165202108963092
215,41,0.0029787022787072432
63,219,0.0073377665673010775
190,89,0.029897553836504286
169,126,0.013101744403683462
203,203,0.08188418031403005
218,191,0.016489007328447703
216,231,0.0031873920934968347
201,201,0.09675405742821473
242,233,0.0027715595352307857
108,49,0.007409960365328278
63,162,0.0032102728731942215
222,75,0.012636316427211355
72,106,0.0022304378380029943
219,231,0.009015049918045
82,75,0.009501376243912767
39,231,0.005842401226904258
190,77,0.0025088856366297305
254,162,0.00655307994757536
201,49,0.023408239700374533
241,231,0.014609053497942387
60,231,0.0076824583866837385
188,227,0.004261724275506873
147,130,0.007366226546212648
213,261,0.004659832246039142
78,186,0.005162122923052105
208,167,0.011975308641975308
215,223,0.0053616641016730375
175,93,0.004720406681190995
260,17,0.0054989816700610995
101,170,0.01560398170567662
235,242,0.01103202846975089
241,126,0.0069958847736625515
60,95,0.0034571062740076826
203,135,0.003883167313861219
203,87,0.004727334121222354
218,130,0.08111259160559627
215,49,0.002780122126793427
51,247,0.0076038214076818095
73,226,0.016216216216216217
92,83,0.009631761320256064
188,88,0.002248739617714265
124,87,0.008569096844396083
38,88,0.0057425742574257425
177,231,0.005211785262396819
123,75,0.003967816598699438
61,88,0.00365347296755239
38,209,0.02277227722772277
222,107,0.006664358663666263
22,65,0.011363636363636364
112,162,0.008932464752441232
14,230,0.004576066309791055
117,33,0.010660555943010859
226,197,0.004304175356806936
71,231,0.007348608270650629
134,247,0.012118339990521969
259,130,0.0059691011235955055
55,170,0.010784678319077723
183,158,0.0044472681067344345
185,168,0.04302788844621514
258,88,0.00734059097978227
81,87,0.007209188660801564
51,261,0.004289335153051277
69,197,0.004708097928436911
228,226,0.003807850029291154
147,231,0.007644197359277276
69,231,0.008425017345623946
116,158,0.006868266645734806
191,45,0.0027833616823875057
160,87,0.0036850271528316523
219,78,0.003650722694084339
218,41,0.0036642238507661557
215,237,0.003773022886362508
56,170,0.008266702805258165
55,63,0.004214701871823478
55,177,0.014441552001983389
42,233,0.00654384249948633
201,95,0.00686641697877653
62,90,0.004676774534208342
63,228,0.006019261637239166
225,209,0.004934472329813764
181,36,0.012675764765832763
181,145,0.005684984951510422
108,25,0.0122350508357746
91,225,0.014943960149439602
89,162,0.006441039713392789
165,178,0.018177488490236544
178,123,0.07620762076207621
67,188,0.009670545812161941
136,137,0.01433355659745479
220,261,0.004148516905206389
201,202,0.008739076154806492
191,196,0.007344982217411473
177,41,0.004217629692113032
146,238,0.0053732976416108165
42,90,0.004993493515307362
257,227,0.007965686274509803
223,193,0.007634675098994388
149,227,0.008207533343104206
205,177,0.007795557118574527
258,231,0.005785381026438569
89,145,0.00255354828874152
191,87,0.003711148909850008
122,163,0.0025924645696508816
149,77,0.0029312619082515023
55,11,0.006755919176893517
95,102,0.01042492585087951
227,123,0.009459743535841917
210,155,0.030702911938066332
60,137,0.01267605633802817
74,107,0.007510304949271655
257,140,0.013480392156862746
152,138,0.0028986806520537303
152,263,0.013552079130993471
21,143,0.004624277456647399
56,14,0.0028459140804987125
168,142,0.006695335038920037
61,14,0.006851616959920209
212,121,0.004087063967303488
18,186,0.009171907756813417
177,26,0.002349822257034404
89,100,0.005259547221587012
196,100,0.006571597555365709
35,41,0.003494874184529357
178,237,0.018301830183018303
123,232,0.004518902237407693
55,261,0.003284988223627123
134,191,0.006837722564484463
225,71,0.006756159247271892
54,33,0.030909729539866527
173,87,0.002109002109002109
119,242,0.009197180677325082
150,165,0.03456729590585928
217,231,0.006202832626899617
195,71,0.0030500680399793536
25,85,0.00676941967170738
91,178,0.0032171025321710255
49,79,0.022626279973380847
260,90,0.003615071283095723
188,189,0.009067498458525261
203,219,0.02566267094377849
25,231,0.013700400672095128
26,11,0.011111111111111112
22,77,0.004223652453740949
97,106,0.0042753985843998
56,97,0.005827347879116412
129,146,0.007885398869759495
146,260,0.010570741905859824
62,246,0.004525910839556461
17,218,0.003782792078833387
69,164,0.004361185449499455
191,9,0.003943095716715633
131,197,0.018535060294774454
208,129,0.009506172839506173
42,119,0.0023784470359693418
130,49,0.003305672465793106
218,107,0.002831445702864757
37,33,0.0072675924966317754
37,107,0.00733236604829516
257,26,0.011274509803921568
26,140,0.008421797593772117
201,165,0.006554307116104869
248,231,0.011265809331491126
69,152,0.010605610070373674
182,137,0.014370064736430248
222,191,0.007529859788817725
190,61,0.03846957976165587
14,161,0.007338974270419616
106,55,0.013693395325138526
82,35,0.0041551979673936056
61,144,0.005344694875380796
179,25,0.0025834016444345083
213,161,0.005883038210624417
254,242,0.02326343381389253
252,95,0.018275418275418277
89,17,0.011147953350102904
171,171,0.0692978430472694
101,28,0.0129136400322841
219,261,0.0024586499776486368
25,113,0.005880832363965361
188,141,0.0023575495992165683
37,49,0.01402995129028915
180,91,0.005338315761377286
200,79,0.0033474277660324172
175,162,0.0039941902687000725
49,91,0.0051735611703840455
17,91,0.006449660494410925
205,169,0.0038684719535783366
208,233,0.004320987654320987
62,189,0.007166025495964396
3,213,0.016731517509727626
242,78,0.02313186227481079
197,49,0.0024093833567211207
247,75,0.02654326377368375
123,149,0.038355560454094564
235,147,0.00498220640569395
67,26,0.03982953614161613
242,126,0.01140603347191131
55,237,0.004152720961943721
28,140,0.007236345330984143
26,256,0.005237084217975938
95,233,0.004727924118286201
94,185,0.010281385281385282
191,70,0.0020102056595020876
52,189,0.011981520028430725
169,90,0.002545481769858501
215,260,0.0024326068609442485
9,135,0.018026137899954935
242,18,0.013218207014177592
244,246,0.016137023143888457
181,35,0.008439893625491664
85,49,0.01238764960648256
65,76,0.0075046904315197
210,222,0.008093604293129233
227,72,0.009459743535841917
218,62,0.004580279813457695
244,211,0.0028841390048835727
116,261,0.003012225514629408
121,228,0.002455905336012503
74,4,0.006766997132955565
225,142,0.002847491201075326
247,263,0.006548502575744347
159,168,0.035856791473080074
72,124,0.0020165602370985974
175,75,0.006535947712418301
15,161,0.01089108910891089
171,100,0.010784763653051858
22,62,0.003218020917135961
123,61,0.012344318307064919
123,222,0.014548660861897938
94,142,0.002886002886002886
106,40,0.010254123941150245
152,162,0.006290435848013507
254,233,0.0033420707732634337
213,231,0.008678937558247904
29,91,0.01509223029625489
149,133,0.008940348820167083
165,33,0.00698523575170662
33,107,0.01433826181031374
33,39,0.004673638658492608
123,21,0.031081230023145598
47,242,0.014316837846249611
228,234,0.005162565905096661
226,181,0.0032102400523453156
177,205,0.006868711212869796
185,233,0.004462151394422311
244,113,0.003644985490834454
242,182,0.022918665387485344
34,65,0.015048749470114454
92,49,0.0032301638574029484
254,53,0.002162516382699869
159,107,0.006723148401202515
52,17,0.012539980707721988
250,142,0.0044693898763122335
225,140,0.007941140057657276
202,179,0.01361616740719507
72,117,0.0032692718995386357
167,100,0.008964719491035281
51,170,0.012153116266978618
3,42,0.029182879377431907
174,48,0.010609783337056065
71,17,0.014385247322264203
228,107,0.006663737551259519
72,231,0.005285832136637233
52,158,0.012489211555059146
202,107,0.010606277769815107
86,233,0.002010916403332376
14,188,0.011699188395786566
198,233,0.003006614552014432
208,78,0.015061728395061728
178,91,0.026702670267026704
203,74,0.007935167989194665
177,165,0.004067000060251852
259,137,0.006437265917602996
228,91,0.006260984182776801
26,228,0.02335456475583864
135,236,0.004792970310211689
102,196,0.013305565197269466
165,29,0.022860771551039848
168,261,0.002912198573839203
188,45,0.002792789525225781
225,66,0.006879963212536036
62,91,0.017915063739910992
155,97,0.007640201638311279
26,108,0.010615711252653927
98,75,0.006894390473205891
182,230,0.00867894998932916
203,19,0.0040520006753334455
21,133,0.012716763005780347
67,89,0.016390755613833796
97,246,0.007564166726245799
196,76,0.010711704015246107
22,29,0.02674979887369268
179,230,0.008296693742703132
195,75,0.004927032987658955
241,127,0.020781893004115225
76,106,0.0020566290415152096
244,170,0.008776275744921793
185,185,0.03155378486055777
89,165,0.012005488223187743
82,95,0.01998200296421766
155,189,0.0030718336483931945
89,261,0.004592575653632137
222,22,0.0031158040505452657
215,72,0.005858114481457578
17,89,0.013523481681829359
17,52,0.0028181800987308733
256,36,0.02208694201879892
225,112,0.014661926743425126
7,75,0.011996954333574759
222,162,0.002596503375454388
189,85,0.006488011283497884
26,62,0.014791224345364474
37,68,0.008757384184889626
165,49,0.004921416097793301
197,41,0.0029653949005798404
20,232,0.005576800509878904
122,77,0.0031109574835810577
57,146,0.005226480836236934
52,132,0.005686145098238311
78,77,0.0030650104855621876
29,222,0.015371716042481833
52,65,0.01259074986038483
146,230,0.01193849039645167
227,42,0.003468572629808703
55,62,0.006755919176893517
244,234,0.010625309646825678
123,26,0.033065138322495316
36,225,0.028213422873756194
49,75,0.006955327050640792
77,62,0.012085698590001831
190,257,0.010035542546518922
91,17,0.00961671509616715
197,61,0.006301464163732161
94,238,0.0030663780663780665
265,68,0.0022797314982902013
247,134,0.006897756046450712
10,232,0.0035399592135134097
197,222,0.0027271042389261035
244,128,0.002822209639748036
8,237,0.005917159763313609
26,97,0.004670912951167728
54,63,0.002985598876009835
155,222,0.014335223692501575
25,155,0.002924260049114644
37,21,0.00234480257021453
188,177,0.01247687787893076
71,227,0.0043675690665187705
134,179,0.006363821000609302
26,227,0.02505307855626327
7,33,0.0035006592753542443
197,242,0.00540125499748471
39,85,0.015384989897514545
219,131,0.004023245417970496
60,51,0.012419974391805378
160,82,0.0441233514352211
65,232,0.008020279850479069
219,28,0.005662345403069587
123,225,0.004959770748374297
56,135,0.005014229570402494
180,247,0.0030695315627919393
152,132,0.0023308978439194944
37,256,0.01710021763913359
120,250,0.003770028275212064
89,86,0.0026678862718194983
250,208,0.01777362020579981
250,32,0.006859993763642033
36,107,0.005487080791122394
57,57,0.03048780487804878
60,222,0.004481434058898848
65,89,0.012445755696546983
17,233,0.0033666849501617145
127,127,0.04222292618907544
25,190,0.002972728447718754
25,236,0.005686958769548921
119,76,0.007478081485301702
219,180,0.004023245417970496
154,201,0.03741496598639456
97,130,0.003245871166082791
168,126,0.010614555549507377
222,225,0.01765622295308984
155,201,0.007088846880907372
108,35,0.006203687747716698
54,76,0.0028099754127151387
219,39,0.01110117717180748
17,255,0.021297119403831968
210,72,0.01090877100378288
260,193,0.006313645621181262
52,255,0.014570746814235671
28,38,0.0039013340045305814
154,85,0.007936507936507936
255,151,0.003179866282546067
65,114,0.008263752631654325
42,241,0.0020484530754814488
219,71,0.004172254507524959
122,200,0.002246802627030764
232,41,0.00719319865413107
9,91,0.005407841369986481
195,21,0.0023462061845995028
215,261,0.002780122126793427
63,55,0.00521669341894061
145,45,0.003015003657252957
181,227,0.009124639712088158
25,68,0.011115419413209255
145,36,0.007323426043209106
67,61,0.010653991148991968
66,14,0.0065952430690262315
257,162,0.013235294117647059
146,197,0.002227476113249575
235,188,0.002206405693950178
157,97,0.006262331646221155
191,75,0.008350085047162517
45,80,0.003179581742824399
22,22,0.08165728077232502
181,209,0.0023886491392900934
18,126,0.012141858839972047
235,50,0.005907473309608541
218,87,0.006329113924050633
66,260,0.0022382046614342417
10,25,0.0034245257608988416
228,39,0.0066271236086701815
93,80,0.008095740936290039
243,213,0.002632360217714003
191,101,0.014458017627957322
25,158,0.004749903063202792
226,265,0.0022696601643970066
212,50,0.00855431993156544
25,52,0.006446297014346646
62,258,0.002526966885419024
124,130,0.018362350380848748
14,62,0.007468485581074081
130,233,0.0029137628435599023
189,89,0.018053596614950634
112,166,0.003805547113466087
93,56,0.004892643435410067
15,132,0.0034653465346534654
157,162,0.0046753023934116835
154,71,0.013605442176870748
52,14,0.008732294258008835
83,230,0.005697810118761584
124,63,0.027883569096844397
179,92,0.007924087736294308
112,79,0.024749269942784657
241,241,0.027469135802469135
241,136,0.01213991769547325
215,100,0.003971603038276325
89,132,0.0047259699672231115
129,37,0.008263240898935471
129,161,0.0066861611249835725
64,28,0.008966493629070316
247,174,0.013184318519165284
188,231,0.00656486888397229
174,107,0.006812597721688631
72,48,0.00345259555745669
260,130,0.0070519348268839105
193,132,0.005287541544969282
47,197,0.00861085174810665
61,87,0.006016847172081829
91,79,0.0030095475300954753
72,142,0.003635919215374744
203,236,0.008441668073611346
11,231,0.016692749087115284
123,231,0.007384547558690621
254,92,0.005439056356487549
153,151,0.02263540824575586
182,237,0.006544781959166252
123,107,0.005180205003857599
152,13,0.004377904283771871
171,131,0.0032124827902707664
33,237,0.013501622791200865
71,237,0.002149121286699712
193,164,0.009744183704300535
169,197,0.008534850640113799
260,42,0.004735234215885947
174,148,0.005360732633459906
182,24,0.0021341680301629083
89,4,0.0031252382041314125
130,87,0.0020447458551297562
179,141,0.013612539434135679
14,88,0.0038853393196339146
47,50,0.005083514887436456
155,87,0.0030718336483931945
182,151,0.004197197125987053
129,93,0.003236299119463793
135,24,0.005858074823592065
135,42,0.007455731593662628
55,231,0.007003842816412545
92,170,0.006225406706994773
108,88,0.009477856281233845
154,123,0.030612244897959183
193,130,0.004179675697451909
191,140,0.00889129426318231
16,93,0.00424893776555861
247,119,0.018379463895922467
256,186,0.008696584505783825
53,37,0.0057117750439367315
60,48,0.0062740076824583865
121,140,0.006139763340031257
15,130,0.012376237623762377
220,24,0.0063264882804397425
135,140,0.01571029157236054
86,162,0.008139423537297711
71,107,0.005823425422025027
183,174,0.011118170266836086
219,61,0.009611086276262852
228,108,0.005565319273579379
108,209,0.012062726176115802
55,227,0.010846659228957481
95,74,0.003553284585792735
243,45,0.0028500742206828303
168,161,0.008981547003429319
80,236,0.004838109415705247
256,238,0.004884383078590915
10,130,0.06741313632690754
97,62,0.007178093944376921
227,25,0.01313853268866933
215,74,0.00342550762051333
178,14,0.0213021302130213
76,88,0.0033958293476181365
18,174,0.02166317260656883
39,21,0.0029698872903429975
157,226,0.01977352663635584
168,87,0.004327472647106853
94,68,0.008477633477633478
52,186,0.01061075290653399
69,65,0.002131033799187234
69,159,0.01977401129943503
182,32,0.004197197125987053
208,246,0.003580246913580247
205,223,0.002989273782310533
222,25,0.011943915527090185
185,186,0.005099601593625498
157,87,0.007077292613880072
3,229,0.010894941634241245
228,170,0.012668424135910955
131,205,0.023112996873604286
167,159,0.03571428571428571
247,164,0.006286562472714572
247,130,0.004016414913123199
205,130,0.10485903522654007
179,263,0.01078073378542862
76,42,0.0046234296282124865
258,37,0.018351477449455676
149,137,0.006448776198153305
91,72,0.03120243531202435
11,89,0.019300991131977047
117,72,0.011357975490684468
86,17,0.0029684956430144596
62,133,0.003432149053330316
62,164,0.0039601719846119035
247,244,0.026805203876713524
10,229,0.005309938820270114
218,215,0.01807128580946036
260,146,0.010488798370672098
194,143,0.00945179584120983
224,166,0.005040374872477651
134,198,0.008056326585877733
77,180,0.0029298663248489287
258,198,0.019409020217729393
210,76,0.015395442948887129
116,45,0.0026001295158853198
226,45,0.002136752136752137
112,107,0.011218435761571902
93,173,0.002358324533614924
208,170,0.0049382716049382715
191,64,0.0041750425235812585
232,25,0.002457733900112156
149,65,0.002784698812838927
174,188,0.002345320527138709
117,168,0.0023911527348809405
40,65,0.011748445058742226
51,50,0.0032494963280691493
17,170,0.007697981880425943
119,243,0.016245487364620937
94,140,0.011002886002886002
49,112,0.016830174097846855
235,166,0.01096085409252669
9,19,0.0027039206849932404
124,180,0.03577257889009793
243,107,0.007125185551707076
243,68,0.019416130628401782
215,89,0.004468053418060865
62,256,0.01116391340423927
21,149,0.021820809248554913
178,22,0.027302730273027303
26,67,0.015145081387119603
20,233,0.003983428935627789
78,236,0.004194224874979836
129,186,0.0037948482060717573
62,170,0.008750094289809158
92,15,0.006988899982380925
181,26,0.005016163192509197
175,9,0.01815541031227306
55,65,0.0076236519152101155
225,165,0.002104667409490458
29,132,0.002096143096702068
91,100,0.0025252525252525255
18,209,0.00253319357092942
116,226,0.0022665279930924862
168,209,0.002367862391813184
188,205,0.003699539371078307
165,97,0.007620257183679949
89,87,0.004097111060294229
129,131,0.0023491917466158495
72,229,0.003299825842524978
22,188,0.006436041834271922
69,174,0.01352958667856081
179,163,0.006160419305959212
63,258,0.02814721394175648
203,170,0.006753334458889077
169,188,0.0031444186568840306
63,97,0.008598945196055951
133,210,0.010510164940544688
247,161,0.006592159259582642
17,72,0.0074142724745134385
157,198,0.023548082697091875
222,51,0.0024234031504240957
22,244,0.0031174577634754627
76,196,0.0030769721318793446
121,161,0.0053583389149363695
130,197,0.02566156048187844
61,258,0.002807862013638187
179,243,0.004222868072633331
181,71,0.009745688488303582
72,205,0.006263558312200189
224,125,0.006527415143603133
15,160,0.005940594059405941
25,50,0.003312007237947525
91,75,0.0072644250726442506
153,142,0.007679870654810024
55,108,0.0180364447750093
171,170,0.005507113354749885
123,210,0.04717293067342665
177,85,0.010001807555582333
242,235,0.013324805457840316
95,92,0.017179103162716942
217,17,0.0687480616148041
250,92,0.004365450576863112
92,213,0.0021730193222528923
210,86,0.006422099058678631
18,75,0.018256464011180994
241,162,0.007304526748971194
133,108,0.006597621787495205
89,108,0.004440125009528165
36,79,0.01816059948405061
242,215,0.004263937746508901
41,235,0.0023321236068460497
155,72,0.03497164461247637
205,41,0.004689056913428287
147,262,0.0031966643502432243
182,263,0.007683004908586469
248,107,0.012328621532575194
169,164,0.006064235981133488
77,98,0.0023805163889397546
226,256,0.004846031161820636
121,80,0.0041303862469301185
15,252,0.022277227722772276
121,76,0.016968073230631837
179,236,0.010606850982437837
86,39,0.010246097864598295
185,4,0.0028685258964143427
47,42,0.030086108517481065
116,113,0.004062089130477443
17,166,0.0024777288116358685
155,117,0.006931316950220542
188,233,0.003282434441986145
62,75,0.007203741419627366
188,162,0.004588154220013783
192,225,0.002990755845568244
244,254,0.003406115082454526
210,185,0.00395882818685669
33,89,0.010400288496213488
123,142,0.00209412542709137
181,222,0.002898227622338647
92,205,0.003934926880836319
78,100,0.009033715115341184
217,140,0.007650160239842861
14,201,0.003410464513900881
165,227,0.008175900936656611
207,107,0.007244501940491591
127,170,0.009051002398515636
14,133,0.008720428250733898
254,174,0.03053735255570118
40,144,0.011402902557014512
198,256,0.020219482862297054
4,36,0.0025635584714997677
209,244,0.002803464580107954
119,61,0.0038679731820526046
189,239,0.0039492242595204514
134,141,0.0033173109471261253
218,219,0.01748834110592938
53,20,0.007249560632688928
159,152,0.009620114785460508
18,216,0.004454926624737945
32,152,0.006435571156940178
188,149,0.00346378441115665
167,48,0.009253903990746095
83,7,0.027733919132285303
189,49,0.017328228893814225
71,186,0.0028770494644528408
215,86,0.004517698456039319
130,72,0.003390870209756846
64,137,0.01368570080226522
182,164,0.003983780322970762
182,166,0.010741979085153305
139,132,0.006897632857814705
14,215,0.003021930581937489
247,74,0.02728542739893478
38,139,0.019405940594059406
139,139,0.06866279981188274
72,107,0.004705307219896727
69,186,0.006293983546436713
69,262,0.006145306769749232
243,162,0.008906481939633844
11,91,0.006259780907668232
14,55,0.020290105335865997
212,259,0.004467255964261952
61,228,0.010624342754306654
116,148,0.006191251790655232
52,231,0.024267654972838504
123,155,0.026782762041221205
205,218,0.020338784361995193
71,216,0.007833893722486048
3,248,0.0071984435797665365
228,132,0.003368482718219098
235,69,0.016583629893238434
243,37,0.002434438396833251
159,140,0.009893413500956546
220,243,0.03443269031321303
215,10,0.01846795412798491
89,233,0.004135223721320223
165,107,0.005477059850769963
201,42,0.00749063670411985
243,254,0.002196932211776348
10,76,0.016776328446650505
95,237,0.006519249405338737
250,243,0.010082112046564807
22,39,0.0059332260659694285
150,29,0.041922039715616574
108,133,0.011028778218163018
207,138,0.04139715394566624
76,112,0.002184171927810726
52,85,0.0029953800071076814
92,70,0.008398426029247666
226,49,0.0021878706089232406
119,265,0.0025786487880350697
83,148,0.0056291618040777095
197,36,0.00540125499748471
160,68,0.00252133436772692
228,62,0.007798769771528998
193,129,0.009114714472756571
63,155,0.0036115569823434992
136,79,0.002277294038847957
121,56,0.008260772493860237
56,247,0.0020327957717847945
244,87,0.004644702385165263
241,128,0.0031893004115226336
243,200,0.00281048985650668
157,164,0.008406965771639359
53,146,0.0030755711775043936
49,166,0.002640448232187708
219,162,0.006705409029950827
11,157,0.0026082420448617634
63,107,0.0030956202705801424
83,39,0.005011326971922839
193,236,0.005564508006848625
223,243,0.006552146540181751
225,223,0.0027590597973152224
215,163,0.005212728987737675
168,238,0.008954330194328017
20,97,0.004780114722753346
145,37,0.011025279646049276
122,36,0.009160041479433114
243,235,0.002078179119247897
159,230,0.006285870456408855
227,155,0.0052554130754677315
134,225,0.005077516755805294
42,61,0.0027333462010223587
102,225,0.009256045354622237
223,260,0.01549725094721249
169,246,0.00494122931796062
20,42,0.026449968132568516
42,254,0.004314826690907733
85,74,0.003353048013784753
14,164,0.004317043688482128
7,173,0.0059891915984177395
117,155,0.011557238218591212
18,60,0.0069881201956673656
146,41,0.005412376169913441
41,61,0.0020271866343118516
123,133,0.01465887798963959
243,90,0.008213755566551212
66,75,0.0042675102211346206
168,223,0.002340645582711883
117,77,0.017136594599980074
6,144,0.0024291497975708503
10,91,0.004347993381815384
74,209,0.0020030697647479027
146,48,0.00975009281150472
20,78,0.021032504780114723
66,225,0.010161449162911456
78,74,0.02331021132440716
4,61,0.0025004731399863507
101,191,0.04035512510088781
183,68,0.009847522236340533
29,21,0.03256008943543879
197,265,0.0021710926950673833
224,181,0.0026196116404129132
97,217,0.002588117537713591
67,66,0.004589411571873463
93,157,0.004223864836325237
217,256,0.03556290706089114
145,76,0.002667118619877616
224,145,0.0025590925596112946
201,22,0.007802746566791511
40,22,0.0028137032283542304
21,11,0.01878612716763006
97,238,0.003803531851004504
216,122,0.0034751427686041877
24,233,0.004231089967053548
147,45,0.00236275191104934
97,113,0.009108457853721313
97,77,0.003546149996425252
159,166,0.007652364033889041
66,142,0.005505983467128234
215,17,0.003971603038276325
177,189,0.006296318611797313
97,164,0.007578465718166869
116,78,0.002001609136757001
65,7,0.006631052804949658
215,236,0.002879412202750335
232,141,0.012524058099444759
225,258,0.002582196989795016
134,93,0.0038589127344120237
121,222,0.010493413708417058
157,211,0.003002487775585485
56,202,0.002913673939558206
255,100,0.004022394955699299
216,91,0.0039178361149231926
33,88,0.005265055896141363
7,244,0.008784147677679351
189,76,0.01067902478339714
61,42,0.006309558656129053
255,223,0.006903299450997445
215,148,0.003624087772427146
255,7,0.016714681741588303
219,138,0.0029801817910892563
207,265,0.002328589909443726
67,6,0.0036059662350434356
242,169,0.015136979000106599
4,24,0.0023857725372346834
219,166,0.0020861272537624795
146,116,0.0034193712264796107
242,28,0.005223323739473404
194,130,0.002268431001890359
194,197,0.0060491493383742915
256,144,0.01495097747227219
4,112,0.003246027057872189
25,37,0.01951660850458834
219,244,0.0031291908806437194
92,197,0.008104774769483762
108,108,0.026537997587454766
4,151,0.0037564447401171094
33,54,0.00419761990623873
257,132,0.003799019607843137
98,33,0.021936696960200563
17,107,0.005712016039038414
167,87,0.004482359745517641
108,68,0.003101843873858349
101,140,0.0053806833467850415
183,229,0.0038119440914866584
32,100,0.008336989907854322
129,121,0.004550532264423709
3,226,0.008754863813229572
14,137,0.009238473493351752
129,142,0.004287685635431726
218,45,0.004746835443037975
8,132,0.022189349112426034
177,142,0.0032234741218292464
116,127,0.016503463568751348
21,50,0.0062138728323699426
173,186,0.00222000222000222
182,261,0.004268336060325817
139,238,0.002037936980717981
39,29,0.004771294335305144
39,14,0.0074734049027483625
71,215,0.002530416998856113
218,48,0.0020819453697534978
159,229,0.0029516261273572013
10,223,0.004809727192273654
149,145,0.003664077385314378
85,87,0.00735807758580543
188,215,0.0022306046207972146
10,92,0.005079071915040979
248,100,0.009671591029865022
227,10,0.0027328147992432207
124,50,0.008433079434167573
106,132,0.0028660594866569008
223,24,0.0033045608637438397
39,162,0.0024830205214343096
159,197,0.002623667668761957
126,88,0.005381552039608223
55,225,0.010412792859799182
51,242,0.025736010918307663
139,137,0.01128703558551497
108,174,0.005514389109081509
29,140,0.01593068753493572
250,45,0.011745140837750754
250,146,0.008626961854277103
193,87,0.003726457850740256
155,29,0.016855702583490863
210,65,0.006598046978094484
39,145,0.0030672606441247354
213,37,0.0036696178937558246
55,165,0.015309284740299987
225,107,0.0072513751083284695
22,33,0.005128720836685439
22,25,0.010156878519710378
112,244,0.00409624862907808
129,157,0.009429622815087397
127,233,0.004887541295198443
139,97,0.013168208183100799
89,234,0.00504992758594405
108,148,0.002929519214199552
131,121,0.02188476998660116
22,150,0.01257039420756235
77,117,0.00811817127510224
123,65,0.00837650170836548
56,234,0.009689659845507521
32,166,0.010530934620447565
22,107,0.0035197103781174576
112,229,0.007227896774534547
102,87,0.0021983107717227814
66,4,0.006908591721627026
136,107,0.009778968519758876
247,146,0.0020082074565615994
69,225,0.0036673604916245416
180,165,0.005071399973308422
108,33,0.003101843873858349
193,45,0.004003424312619599
22,165,0.019609814963797264
63,181,0.008083008484292593
129,244,0.007228282297279538
129,41,0.005043369693783677
60,242,0.015364916773367477
97,138,0.005204833059269322
97,232,0.01015228426395939
244,45,0.0024240922924481565
95,45,0.002936598831233665
196,164,0.006505881579812052
175,25,0.014161220043572984
89,67,0.0030109002210534338
85,165,0.006100684580636148
55,33,0.005144415520019834
10,28,0.006117972988572088
77,107,0.003235060733687359
177,232,0.0037054889437850213
89,37,0.013758670630383413
188,74,0.003300569438903195
210,22,0.0182985836192487
182,162,0.006402504090488725
37,72,0.0052337029744014925
252,98,0.007207207207207207
22,198,0.002413515687851971
131,161,0.006922733363108531
91,137,0.007575757575757576
179,112,0.009439352162356857
223,231,0.003617924393926445
177,197,0.005964933421702717
92,130,0.012979385681564573
10,209,0.003463003578437031
185,140,0.014342629482071713
202,225,0.002006593091586642
212,242,0.021670943826632448
67,55,0.0177020160629405
218,36,0.004497001998667555
56,130,0.01775308307358721
37,263,0.005985076173696756
37,179,0.004093688465125919
112,198,0.017812074683862103
55,106,0.0024792363951902812
220,127,0.03246214478323999
131,86,0.0044662795891022775
61,244,0.0027536561832590713
244,200,0.002255998301365985
21,123,0.03786127167630058
11,162,0.002347417840375587
213,143,0.003902609506057782
255,170,0.013136199742711675
184,75,0.009077155824508321
165,65,0.0043657723448166375
85,215,0.0021887952312206025
61,55,0.00598432367385436
147,237,0.00542043085476025
210,165,0.027711797307996833
35,102,0.0020678005591798694
136,162,0.006162089752176825
25,45,0.005735427168153031
91,130,0.004808357548083575
222,134,0.0030292539380301193
121,35,0.007256083947309667
150,45,0.002206423142927188
215,79,0.0022340267090304325
160,141,0.0062063615205585725
82,145,0.013841837814948126
181,239,0.004267719795531633
243,234,0.013458683819891144
7,177,0.0020242539045814993
80,233,0.005840084738484441
210,95,0.004926541743643881
17,141,0.004047587524351724
35,36,0.00966915191053122
189,88,0.0021761031634092284
52,143,0.0033507640757475757
145,232,0.006199489768611849
65,72,0.005943600246337167
136,35,0.0020093770931011385
235,153,0.00298932384341637
35,165,0.004339468779123952
165,14,0.013414827750436576
228,150,0.003405096660808436
232,244,0.0060647180183049255
193,244,0.0027193070802699164
254,141,0.004325032765399738
247,159,0.016065659652492795
248,186,0.004570092464661495
228,238,0.0025995899238429993
227,21,0.016186672272440614
33,228,0.007847097006851786
56,41,0.005895107738175904
243,237,0.01185551707075705
127,142,0.016608589401276193
124,140,0.005984766050054407
61,161,0.005106189221712688
52,76,0.006295374930192415
217,61,0.022433578000620284
25,86,0.002520356727413726
182,43,0.0022764458988404354
173,241,0.003552003552003552
175,222,0.002178649237472767
98,261,0.005640864932623002
83,75,0.006521589894968078
205,141,0.0021686888224605825
88,112,0.002297922720912711
33,225,0.010472412549585287
177,134,0.0020485629933120445
248,263,0.005420342225528749
250,90,0.007587568859785885
242,107,0.0031979533098816758
168,177,0.002993849001143106
81,61,0.006598240469208211
21,231,0.004624277456647399
60,63,0.004737516005121639
85,155,0.010105714152656825
185,51,0.025657370517928286
16,9,0.023994001499625092
169,50,0.005090963539717002
123,67,0.004518902237407693
260,142,0.003895112016293279
78,238,0.0066139699951605095
60,238,0.008322663252240717
134,48,0.0022341073725543293
254,51,0.03197903014416776
61,190,0.0021899155473162693
177,223,0.004338133397601977
181,107,0.007611828590537765
7,76,0.003129236540568648
225,236,0.0027590597973152224
32,140,0.01184730144800351
177,132,0.005904681568958245
226,37,0.008823048296732507
64,259,0.004719207173194903
62,82,0.00297955796937467
35,230,0.0029415191053122087
177,215,0.004970777851418931
63,100,0.002407704654895666
56,186,0.005827347879116412
6,228,0.06639676113360324
248,41,0.024019555744499946
153,243,0.0513338722716249
214,132,0.005703422053231939
265,163,0.002068645248448516
126,229,0.003551824346141427
165,258,0.002301952690903318
64,15,0.011326097215667769
25,164,0.008304252294170868
159,129,0.00426345996173818
241,228,0.004218106995884774
155,257,0.002284183994959042
122,121,0.019184237815416522
14,195,0.008072871697461579
195,106,0.0089625076251701
69,18,0.015858856179998018
65,190,0.002348796241926013
63,196,0.006649850951616602
37,71,0.004585967457767644
260,162,0.007942973523421588
72,191,0.0025665312108527605
215,68,0.005014148835823859
89,114,0.0026678862718194983
227,26,0.03836451545091444
149,257,0.002638135717426352
242,177,0.003091354866218953
121,215,0.013284215226613083
188,130,0.003935294330999963
62,139,0.003205853511352493
159,37,0.003990161246242143
242,61,0.0063959066197633516
108,177,0.008443908323281062
159,130,0.0023503689532659196
37,39,0.006075759146025495
56,89,0.0024393549261417535
40,257,0.005232500740448218
19,35,0.0062362435803374906
223,177,0.002934222146255306
49,222,0.0023184423502135973
146,265,0.002227476113249575
145,80,0.009071771359249282
130,222,0.002198101794264488
189,138,0.011928269192020955
168,94,0.006014914811387513
210,149,0.038796516231195566
213,42,0.035298229263746504
67,7,0.008195377806916898
217,138,0.004135221751266412
188,50,0.002212469623880164
121,135,0.021098459477561955
243,186,0.011400296882731321
194,116,0.00831758034026465
219,35,0.008791536283713307
98,56,0.015042306486994672
92,129,0.026193692370940273
258,160,0.007838258164852256
94,152,0.007215007215007215
139,69,0.003919109578303809
49,158,0.004314878818453083
117,75,0.013151340041845172
52,261,0.007818449510077676
130,191,0.027109922129262016
92,171,0.02954131673224878
77,55,0.0061649270585362875
130,74,0.005350418320922862
96,96,0.05170821791320406
96,102,0.034164358264081256
65,77,0.00236311817023044
7,17,0.004122792356120118
235,48,0.0076868327402135235
80,71,0.002190031776931665
250,69,0.0157987735162665
208,145,0.002839506172839506
182,129,0.0034858077825994167
106,62,0.010190433730335647
196,160,0.015114674377341132
77,49,0.009277910028688274
130,186,0.002146983147886244
85,48,0.004936431798071997
242,75,0.01726894787336105
188,86,0.002829059519059882
255,65,0.009449004366653984
255,25,0.01139678570781468
133,76,0.009436133486766397
127,24,0.0070597818708421954
215,56,0.0047659236459315895
219,164,0.007673968112054836
106,138,0.004776765811094835
33,145,0.004933285250631085
241,20,0.007304526748971194
181,66,0.008185104383967388
49,65,0.013738917630895391
52,256,0.010306137990556937
62,86,0.003658444595308139
180,53,0.002936073668757507
10,41,0.00400169302397168
129,255,0.0053555000657116575
61,26,0.004412354592860008
93,239,0.008060542062653995
95,93,0.008075646785892579
154,76,0.024943310657596373
154,132,0.02834467120181406
25,145,0.005977769161173581
49,198,0.01071206234033875
77,181,0.011719465299395715
149,201,0.005276271434852704
195,95,0.004223171132279105
154,257,0.003401360544217687
124,89,0.008161044613710556
157,160,0.012353092562408853
28,74,0.0028316133903850994
52,228,0.00817383357871757
10,42,0.005309938820270114
86,86,0.0927894283251939
25,125,0.0033443195036835984
255,232,0.011106883368665181
130,95,0.014807367900897985
112,261,0.004003752692292446
7,148,0.007632737199844002
189,238,0.004231311706629055
20,136,0.010516252390057362
216,225,0.005378724157775908
182,45,0.004268336060325817
51,71,0.0026645869890167023
35,112,0.0030288909599254427
222,60,0.0031158040505452657
97,257,0.003160077214556374
256,164,0.010531206442620412
80,237,0.004007901291116773
255,17,0.01695022739214727
97,74,0.00556230785729606
189,230,0.00459399556719726
130,41,0.003067118782694634
209,49,0.0024687225406920792
209,42,0.004117327084815264
255,106,0.00304397456106974
215,186,0.002929057240728789
130,68,0.0025729718677049433
15,219,0.0024752475247524753
116,262,0.007564905119802194
181,87,0.0068156122107744
65,166,0.0022915085287083053
181,114,0.005016163192509197
219,87,0.007673968112054836
4,43,0.002305482115308516
197,218,0.007598824432735842
177,219,0.0031632222690847742
169,61,0.004716627985326047
145,61,0.006083528089486736
36,4,0.0065517382580565905
198,28,0.0042844257366205655
80,151,0.003263576765623658
112,90,0.008562481005298696
39,26,0.00552593782711361
7,171,0.0030735231303508086
129,74,0.006045472466815613
85,227,0.005355562799795092
82,102,0.011618674571247089
56,173,0.025003387992952975
225,249,0.0037848640809324207
223,116,0.00806198900378885
208,68,0.01037037037037037
36,262,0.003316817493141149
169,18,0.02223553193082279
76,218,0.005564058414641923
77,163,0.0026246719160104987
167,68,0.011711972238288028
76,166,0.0028218863592883105
37,74,0.007824645040936884
92,236,0.002760321841780701
119,186,0.004555612858861956
52,144,0.013758440371630197
254,177,0.0020969855832241153
86,168,0.0030642535669826677
20,186,0.010516252390057362
63,49,0.007968355881678515
183,93,0.0025412960609911056
177,226,0.0058143037898415375
202,226,0.0123262147054608
205,188,0.011312349803645741
259,61,0.006905430711610487
14,234,0.004619236746675876
34,66,0.013565069944891903
167,186,0.008169462116830537
82,231,0.002911285200084692
117,85,0.0051808309255753715
7,198,0.007344884580385166
51,254,0.02632092025736011
10,157,0.002462580322444111
212,186,0.006178119950575041
203,91,0.009454668242444708
219,85,0.0020861272537624795
254,39,0.00235910878112713
181,246,0.006688217590012262
165,62,0.01190665184949992
165,210,0.027861565327829813
62,186,0.004978501923512107
95,163,0.003523918597480398
202,17,0.009172996990110363
260,48,0.006008146639511202
56,236,0.004336630979807562
213,170,0.008620689655172414
14,210,0.012907960628561562
149,150,0.018027260735746738
181,157,0.0021657085529563514
222,62,0.009260862039120651
89,35,0.01642655690220291
243,238,0.029015338941118258
196,90,0.0023000591443779984
26,71,0.00835102618542109
26,72,0.01019108280254777
98,48,0.007521153243497336
222,42,0.004240955513242167
102,76,0.02233020941802615
24,90,0.005242723755622086
62,130,0.0033944331296673455
220,153,0.005704210744658785
98,16,0.02287684111563773
86,210,0.007947907689361294
10,85,0.002154757782138597
200,116,0.01603241719520789
69,90,0.003617801566062048
247,152,0.008644023399982537
49,142,0.00461541764162892
241,233,0.004732510288065843
29,186,0.0030743432084963667
86,68,0.00995882409269367
76,219,0.0045118296027039095
223,216,0.0028487593652964135
55,35,0.013139952894508491
49,145,0.006826524697851147
198,170,0.006689717378232111
62,216,0.005657388549445576
159,35,0.0036075430445476906
248,159,0.017961526198320758
97,36,0.01281189676127833
258,14,0.002488335925349922
41,249,0.003307062941568063
213,151,0.004659832246039142
38,191,0.03188118811881188
259,75,0.018726591760299626
18,163,0.0031446540880503146
78,130,0.00564607194708824
213,100,0.00897017707362535
166,144,0.0031997994352518937
21,55,0.04710982658959537
258,71,0.003048211508553655
123,186,0.003857599470957787
227,36,0.0052554130754677315
159,79,0.0030609456135556163
195,216,0.0024869785556754726
193,107,0.004255212005237184
254,126,0.011009174311926606
56,230,0.009825179563626508
243,74,0.029094507669470557
39,86,0.0033837240439153825
18,232,0.0029699510831586303
18,168,0.022187281621243886
223,95,0.009087542375295559
34,34,0.020771513353115726
185,236,0.005418326693227091
254,81,0.01926605504587156
159,51,0.010166712216452583
159,235,0.014758130636786007
89,21,0.005431054196203979
159,169,0.015905985241869362
89,130,0.0029156185684884517
181,106,0.007165947417870281
108,62,0.005169739789763915
37,85,0.007306456627629806
152,174,0.0024803143723758723
173,235,0.002553002553002553
254,74,0.018676277850589777
183,262,0.007941550190597205
51,90,0.002729576915578085
189,177,0.007455168245013097
53,75,0.00461335676625659
191,237,0.002319468068656255
215,7,0.004815568683910043
139,61,0.018341432826461827
179,76,0.004545793278187644
35,159,0.0030288909599254427
169,232,0.003219285767762222
257,170,0.015931372549019607
258,63,0.03241057542768274
71,230,0.002461090505736767
82,74,0.003917001905568495
182,209,0.0033435299139218896
133,257,0.00820866896816264
213,238,0.004310344827586207
217,189,0.004135221751266412
35,189,0.005504426840633737
184,51,0.05446293494704992
193,75,0.010675798166985597
146,144,0.004884816037828015
244,158,0.004220043881378725
33,36,0.0072989542012261086
174,76,0.00513736877373241
183,140,0.016200762388818297
53,230,0.008347978910369069
127,159,0.003258360863465629
171,45,0.0032124827902707664
51,234,0.002924546695262234
102,82,0.03031354853638783
7,144,0.004549928501123554
213,61,0.0033783783783783786
28,7,0.012836647369745784
244,229,0.006564512704366905
167,230,0.006072874493927126
39,228,0.006061491272913167
175,265,0.008351488743645606
192,218,0.004622077215878194
80,35,0.003936331625203973
159,248,0.007105766602896966
116,249,0.005916521124825841
154,55,0.02947845804988662
185,74,0.017689243027888445
117,177,0.016638437780213212
62,40,0.0027155465037338763
215,218,0.014347415975773221
226,239,0.003987240829346092
82,131,0.0046051238619521494
92,73,0.01814764785340929
205,203,0.012191547974913546
40,14,0.012982525422055484
32,169,0.011408512505484861
97,228,0.0088796739829842
56,225,0.004404390838867055
56,91,0.0037267922482721234
127,51,0.0026700457075621124
92,63,0.0041111176366946615
80,97,0.010950158884658327
85,55,0.009593442928328599
214,45,0.005703422053231939
127,132,0.002262750599628909
32,116,0.010969723562966213
66,114,0.010250977349368827
244,51,0.0027337391181258405
179,181,0.003999304468788037
95,76,0.00798754882095557
112,132,0.0045190871972409785
102,55,0.0020826102047900035
76,48,0.002901600663223009
92,35,0.0049920714159863745
124,102,0.006936887921653972
241,48,0.010082304526748971
254,47,0.010222804718217562
78,244,0.020164542668172285
49,209,0.0024901788205997895
130,7,0.01298413618007395
135,121,0.03128744508054853
168,79,0.00424582221980295
80,102,0.0029343563024247805
69,51,0.008970165526811378
226,79,0.00831186357502147
147,51,0.008061153578874217
126,51,0.015391238833279518
135,51,0.006257489016109705
208,230,0.004074074074074074
190,65,0.014217018607568471
89,256,0.0055072795182559645
129,68,0.005322644237087659
256,261,0.005837433435389143
154,265,0.015873015873015872
259,250,0.007958801498127341
189,130,0.0021761031634092284
106,137,0.006687472135532769
185,263,0.006055776892430279
97,7,0.007135196968613713
54,52,0.005268703898840885
12,33,0.007128756306207502
29,86,0.02305757406372275
53,68,0.00461335676625659
223,90,0.0030766601145201266
25,256,0.014217396923872302
145,4,0.003015003657252957
130,39,0.006168316662974765
52,79,0.021119967507742296
168,226,0.0035381851831691254
74,148,0.007157957737641301
124,86,0.008841131664853102
86,45,0.0030642535669826677
222,145,0.0020772027003635105
35,168,0.004543336439888164
136,225,0.008573342263898191
146,93,0.003829695773657164
160,95,0.04102017067494181
127,48,0.022310720912341042
131,19,0.011612326931665922
25,238,0.00529921158071604
93,231,0.011826821541710665
177,14,0.003554859311923842
171,92,0.10486461679669573
129,258,0.008049678012879485
97,231,0.015128333452491599
25,148,0.014782861574253587
241,152,0.01316872427983539
179,74,0.01006036217303823
49,68,0.013051971749350622
10,215,0.015352649197737505
93,256,0.01379795846532911
112,230,0.00705611860621837
223,50,0.0037888499558442297
255,40,0.004149227229077204
134,37,0.005822219213323404
40,17,0.00957646361931089
243,143,0.012706580900544285
198,61,0.023714672279013832
120,120,0.034872761545711596
28,70,0.004341807198590486
16,87,0.0024993751562109472
145,74,0.004477904840062084
247,235,0.01824849384440758
65,68,0.015811408848087308
65,257,0.0026782005929278318
260,163,0.004022403258655804
157,100,0.0025735609505018442
82,68,0.003308278636459877
145,148,0.007965675342978967
4,17,0.002076080909805181
157,258,0.005833404821137514
35,215,0.006669384902143523
40,142,0.004985684667785566
250,182,0.0134081696289367
219,258,0.005215318134406199
92,82,0.0279555999295237
53,132,0.0041739894551845345
217,141,0.004031841207484751
179,164,0.009265469359366073
37,226,0.008938750129547103
40,48,0.009675190048375951
36,140,0.005487080791122394
196,93,0.004600118288755997
145,41,0.003826735411128753
80,255,0.022873665225730727
256,48,0.009756853027721852
157,260,0.024620399759800977
213,241,0.008504193849021435
37,142,0.003355269976163333
256,4,0.008756150153083713
64,191,0.009438414346389807
80,263,0.009304056568663937
256,163,0.005206037574010317
157,231,0.005962082868662606
157,255,0.017543107145920906
80,87,0.01050642695599897
157,263,0.004074804838294587
255,157,0.004729031907376203
93,65,0.006793382611756424
157,188,0.008020931629064082
157,166,0.004803980440936776
260,157,0.0240071283095723
19,139,0.010271460014673514
223,171,0.0027063213970315927
35,126,0.0020386766076421247
85,246,0.004517300796348904
157,246,0.005061336535986961
155,75,0.008427851291745432
256,231,0.011770171906458108
93,33,0.009538894755367828
157,229,0.0039032341082611307
126,226,0.003013669142180605
185,76,0.0031872509960159364
61,229,0.002450103533136024
193,215,0.0023164467720817807
185,161,0.009880478087649403
112,246,0.006646493743310561
212,75,0.029179735766562114
136,77,0.0026791694574681848
47,226,0.002904865649963689
56,49,0.006843745765008809
55,85,0.006012148258336432
86,35,0.016374604998563632
28,225,0.00534860307072741
22,79,0.004827031375703942
218,222,0.003914057295136575
181,263,0.005684984951510422
37,62,0.007202818944968391
195,11,0.0023462061845995028
195,25,0.020036600816479753
35,205,0.006290773532152842
62,138,0.005581956702119635
202,85,0.0030098896373799626
81,117,0.0021994134897360706
119,126,0.005587072374075984
157,4,0.004160590203311315
51,61,0.007798791187365958
124,62,0.003808487486398259
78,239,0.004113566704307146
241,18,0.017078189300411523
86,116,0.0029684956430144596
195,162,0.008587114635634179
15,93,0.004455445544554455
121,42,0.010939941951328422
81,185,0.013685239491691105
242,14,0.0027715595352307857
217,148,0.009511010027912747
25,230,0.006930981000387747
259,48,0.011118913857677902
62,218,0.002753262427396847
39,10,0.00370018744370603
39,215,0.003042917305679301
196,80,0.007557337188670566
117,25,0.00946497957557039
60,152,0.007810499359795134
97,157,0.002731107456924287
157,237,0.0032169511881273054
135,215,0.006790041272799894
185,61,0.004302788844621514
197,215,0.015224125605655432
259,151,0.0026919475655430712
32,45,0.005557993271902881
35,191,0.0037861136999068033
42,211,0.0020671319789052917
195,79,0.015297264323588756
38,42,0.013069306930693069
222,215,0.006750908776181409
25,55,0.004620654000258498
92,87,0.002760321841780701
122,41,0.0069132388524023505
196,141,0.004665834264309654
193,226,0.013319568939470238
195,232,0.010698700201773732
81,35,0.005865102639296188
81,159,0.013074291300097752
195,148,0.010933320820233683
108,195,0.0036188178528347406
10,62,0.002308669052291354
222,48,0.0026830534879695345
250,225,0.004573329175761355
165,195,0.002381330369899984
116,79,0.00883062854451618
52,113,0.010001523074579886
179,262,0.004893558884169213
152,261,0.002076889745543652
89,52,0.004173336382346215
258,55,0.0027371695178849144
152,220,0.0031377470975839346
133,25,0.01925584963559647
198,246,0.0034200240529164163
69,7,0.003617801566062048
129,246,0.002217768432119858
63,86,0.005789956432011007
193,77,0.0021150166179877126
254,50,0.0033420707732634337
95,49,0.003876310457228438
121,37,0.00647465952221478
10,63,0.005425372272884682
69,238,0.006194865695311726
124,35,0.015914036996735582
181,77,0.003137092536267656
67,33,0.012784789378790361
19,216,0.021460014673514306
223,194,0.002763296584337521
25,62,0.007593382447977252
169,244,0.03219285767762222
241,50,0.00565843621399177
106,80,0.012228520476402776
7,36,0.009007001318550709
60,185,0.010755441741357234
259,220,0.010182584269662922
181,68,0.01068522381642435
17,230,0.004312382969870061
65,22,0.0031508242269739197
222,108,0.003202354163060412
55,215,0.0049584727903805624
208,45,0.002839506172839506
171,48,0.0029830197338228544
260,234,0.005982688391038696
54,217,0.00228310502283105
215,42,0.00709924043091893
54,55,0.003161222339304531
241,161,0.007921810699588477
195,72,0.003566233400591244
77,225,0.02130256973692242
51,200,0.0024046272827711705
3,130,0.005447470817120622
121,131,0.012614422862246037
60,116,0.01382842509603073
20,164,0.006054811982154238
25,132,0.006220111154194132
60,213,0.017157490396927016
38,79,0.0029702970297029703
167,152,0.006289762868710237
145,189,0.002390594615810037
19,86,0.0022010271460014674
121,28,0.014847064076802858
91,108,0.0044278400442784
102,80,0.010991553858613907
55,159,0.0027271600347093094
244,232,0.0035830561256989172
53,163,0.003734622144112478
171,216,0.004359798072510326
171,132,0.0025240936209270305
62,117,0.0020743758014633777
80,230,0.005568120008015803
159,185,0.005629953539218365
52,107,0.013250748845001777
133,63,0.0020713463751438435
38,261,0.0025742574257425744
254,77,0.002621231979030144
215,161,0.0063545648612421185
191,78,0.0033245708984072984
85,117,0.003306477902482187
222,10,0.0059719577635450926
76,108,0.002487086282762579
218,225,0.00857761492338441
37,106,0.004145507306456628
134,219,0.005212917202626769
12,224,0.002632156174599693
51,182,0.009618509131084682
3,18,0.016926070038910505
101,89,0.0026903416733925207
72,197,0.003544257386415717
52,164,0.008833832563334518
169,3,0.004267425320056899
135,28,0.015310877379842897
177,66,0.004699644514068808
205,129,0.0037512455307426294
121,197,0.014400535833891493
56,90,0.0033879929529746578
160,196,0.02026764934057409
119,235,0.013151108818978855
33,261,0.006895059502344032
130,223,0.007395164176052618
205,170,0.005333802239024676
108,86,0.002067895915905566
85,150,0.003725608904205281
179,48,0.00772536453287627
52,211,0.010052292227242727
32,7,0.00307152259763054
210,133,0.005366411542183514
66,236,0.006311737145244562
133,29,0.00805523590333717
215,18,0.0034751526584917837
65,13,0.0061297853142947166
66,113,0.009564594586528993
150,133,0.005883795047805835
223,113,0.002364470273196023
55,244,0.002913102764348581
32,107,0.0035103115401491883
119,168,0.01796458655664432
154,40,0.003401360544217687
202,141,0.01691271320051598
202,188,0.0032965457933209117
124,228,0.0024483133841131663
80,13,0.002648077638773582
223,263,0.01165142580406233
255,244,0.0032523418673334422
25,209,0.003312007237947525
242,246,0.002238567316917173
212,68,0.009884991920920065
181,256,0.013822316352692007
10,7,0.003616914848589788
11,39,0.005216484089723527
112,237,0.007769658689993261
146,255,0.009867328396412592
145,92,0.016885804506449255
259,14,0.002106741573033708
226,171,0.00232077863656811
7,100,0.0065556112689657735
106,114,0.004076173492134259
171,229,0.0032124827902707664
217,45,0.003928460663703091
134,68,0.0028434093832509647
154,154,0.045351473922902494
7,130,0.009517707578880904
157,143,0.004375053615853135
49,114,0.007921344696563123
197,121,0.008048929015859567
192,70,0.008428493746601413
10,211,0.002270191234753165
56,211,0.0024393549261417535
215,146,0.0035744427344486917
93,25,0.008412530799014432
130,231,0.0028967232947671546
7,252,0.0037792263264434414
179,83,0.00553940929527784
157,230,0.008364073089130994
86,203,0.013023077659676339
152,213,0.002017123134161101
56,157,0.007995663369020193
93,79,0.012812390003519887
93,243,0.0031326997536078845
12,138,0.003564378153103751
96,140,0.0046168051708217915
159,238,0.005520634053019951
248,249,0.00201934318205973
69,250,0.005055010407374368
197,170,0.003309592522968572
222,181,0.014886619352605159
222,129,0.0024234031504240957
260,246,0.002036659877800407
55,80,0.003656873682905665
160,260,0.01638867339022498
71,77,0.012340115775243509
134,75,0.004535914968519396
200,235,0.005637773079633545
205,65,0.0070921985815602835
51,112,0.0021446675765256387
73,162,0.005896805896805897
235,234,0.005907473309608541
183,74,0.035578144853875476
225,164,0.005199766541094073
149,41,0.009233475010992233
203,61,0.01958466993077832
227,230,0.008198444397729661
73,74,0.0171990171990172
78,75,0.028391676076786578
218,260,0.002331778814123917
217,107,0.008890726765222784
40,186,0.008342383255997631
195,226,0.006710149687954577
254,35,0.0056356487549148095
86,244,0.004979412046346835
155,26,0.012051039697542534
222,226,0.0038082049506664357
29,75,0.005869200670765791
22,234,0.006436041834271922
56,226,0.024461309120477028
91,227,0.005638577556385776
169,242,0.011304933742606873
123,88,0.00628237628127411
62,13,0.0021875235724522894
76,227,0.002120400484662968
91,170,0.006607167566071675
188,226,0.004878314170686591
167,50,0.006434355118565645
29,45,0.0072666294019005035
52,100,0.002690765091130629
223,65,0.0029057345526023416
225,189,0.008790081533754266
65,55,0.0042965784913280725
136,236,0.009645010046885465
116,69,0.0024529523734767166
86,149,0.004404864502537585
98,65,0.005640864932623002
53,216,0.00812829525483304
205,72,0.008850594924095892
72,227,0.00485807693482844
247,209,0.0027940277656509213
257,231,0.01801470588235294
213,60,0.006756756756756757
81,53,0.007086999022482893
216,197,0.042963389260259416
29,246,0.009642258244829513
67,137,0.014096049827897066
257,229,0.006495098039215687
121,87,0.004688546550569324
196,107,0.004468686337648683
17,75,0.0074710143556959395
61,170,0.0063529233204323455
17,231,0.008794991583287625
122,137,0.006221914967162115
64,102,0.0066068900424728644
217,244,0.004445363382611392
9,132,0.012618296529968454
202,63,0.0035832019492618604
52,140,0.01604305224145809
7,209,0.0023956766393670955
213,90,0.004193849021435228
194,41,0.013610586011342156
25,88,0.004830683727542975
254,69,0.01402359108781127
102,188,0.0027768136063866713
167,242,0.01286871023713129
18,161,0.006813417190775681
136,161,0.008037508372404554
225,226,0.004704550680037495
81,186,0.006964809384164223
97,48,0.007592764710087939
197,231,0.004236278429399772
76,7,0.002614629169058096
139,140,0.013638501332497256
219,137,0.0047682908657428105
218,33,0.004497001998667555
218,95,0.009660226515656229
3,188,0.0023346303501945525
259,254,0.03300561797752809
7,168,0.002748528237413412
212,100,0.004467255964261952
101,162,0.009416195856873822
29,26,0.016349916154276133
35,42,0.005387931034482759
10,77,0.0030397475855169494
155,149,0.033947700063011975
86,177,0.009863066168725463
63,71,0.007509745471222197
3,185,0.01848249027237354
200,48,0.011804087385482734
91,177,0.013456482634564827
174,81,0.011168192986374805
149,177,0.0057159607210904295
42,132,0.0024718415530885565
81,182,0.007209188660801564
16,14,0.0032491877030742314
28,50,0.0020135917442738486
235,174,0.01608540925266904
62,26,0.01199366372482462
178,140,0.0159015901590159
244,231,0.0061221600962559275
71,165,0.007937883462165066
36,82,0.006654109168338725
95,236,0.004434264235162835
242,208,0.022918665387485344
80,141,0.00744324525493115
11,71,0.006259780907668232
77,186,0.0025636330342428126
14,226,0.0022880331548955275
77,198,0.007019471403283892
131,231,0.0027914247431889234
39,191,0.002921200613452129
254,142,0.005111402359108781
32,142,0.006435571156940178
194,168,0.005671077504725898
174,61,0.006365870002233639
250,223,0.0031181789834736516
182,39,0.0038415024542932347
112,82,0.004294454207904438
35,100,0.0028832712022367193
250,48,0.005093025673006964
42,229,0.005890080879651825
135,222,0.004393556117694049
135,11,0.0030621754759685795
36,97,0.011465541951599033
182,231,0.017144483175642027
47,37,0.005187260089220874
54,42,0.002107481559536354
20,153,0.002390057361376673
40,233,0.0110573600552868
69,24,0.003320448012687085
207,132,0.0028460543337645535
89,237,0.0038303224331122797
82,196,0.011062883760321829
174,237,0.005249050703596158
117,55,0.014845073229052506
86,14,0.006511538829838169
53,197,0.0048330404217926184
7,191,0.002163537430126098
54,177,0.003161222339304531
177,155,0.005332288967885762
133,39,0.007825086306098964
178,52,0.0033003300330033004
51,246,0.0031845064015077664
242,254,0.02078669651423089
37,188,0.01479427919991709
248,42,0.0310341162716548
189,227,0.0037477332258714488
10,102,0.0030012697679787604
235,225,0.003131672597864769
108,170,0.00861623298293986
121,203,0.002455905336012503
188,66,0.004878314170686591
54,88,0.0043905865823674044
39,161,0.0033837240439153825
14,186,0.0042738732515973064
228,40,0.006700351493848858
155,67,0.004332073093887839
193,234,0.005942189545775003
195,225,0.011731030922997513
121,143,0.0020093770931011385
135,161,0.005724936759419518
169,254,0.01355094706895261
49,261,0.005946375287121912
250,185,0.01205695873609812
159,71,0.002405028696365127
174,136,0.010721465266919812
127,145,0.002036475539666018
213,162,0.0060577819198508855
165,100,0.002857596443879981
250,51,0.0181893774035963
165,85,0.007937767899666614
149,72,0.011578484537593433
242,159,0.01481718366911843
39,133,0.00287251393656126
227,22,0.030481395837712845
235,140,0.010604982206405694
208,174,0.019012345679012346
34,256,0.015366680796947859
34,255,0.019817719372615516
122,21,0.0032837884548911167
129,113,0.0021192009462478643
9,16,0.04371338440739072
202,213,0.004156514261143758
198,216,0.0042844257366205655
122,95,0.024714828897338403
11,14,0.09181011997913406
174,90,0.00513736877373241
198,17,0.023226097414311486
82,37,0.009739572305737878
227,189,0.004834980029430313
252,28,0.005920205920205921
14,263,0.0021153514073562426
228,113,0.003771236086701816
182,136,0.005691114747101088
49,165,0.002769250584977352
80,14,0.003850448026108614
47,166,0.012864405021267766
121,92,0.02165661978120116
63,37,0.029179087365283192
155,225,0.0077977315689981095
260,74,0.004837067209775967
167,241,0.008458646616541353
83,70,0.009679412370426306
197,63,0.017580555482009055
112,137,0.010372758625246106
37,228,0.00856306352989947
181,144,0.005541666003153017
136,69,0.014601473543201607
102,10,0.004859423811176675
235,236,0.007046263345195729
188,210,0.0036814043741612563
22,40,0.00251407884151247
215,197,0.02462393883731321
216,124,0.0077249988932666346
135,175,0.004260418053521502
95,10,0.008222476727454263
167,140,0.01192886061307114
80,89,0.01029171795826057
149,232,0.0030778250036640775
181,210,0.002866378967148112
29,14,0.025992174399105644
124,181,0.00720892274211099
232,24,0.002734661663505075
173,18,0.002997002997002997
168,181,0.002231778346306679
135,179,0.004792970310211689
14,117,0.0035399758245553445
219,203,0.016465504395768143
256,35,0.0025374965749752803
201,55,0.006242197253433208
22,181,0.017900241351568785
215,82,0.0110211984312168
108,165,0.017921764604514907
3,74,0.01614785992217899
228,177,0.005601933216168717
173,170,0.003552003552003552
82,218,0.0021702307855176795
52,54,0.0031476874650962073
188,63,0.004225454281672772
36,186,0.005814667704025224
222,95,0.011424614851999308
181,195,0.006194563434558976
254,235,0.013040629095674968
149,155,0.05085739410816356
196,191,0.006308733653151081
180,130,0.024155878820232218
157,129,0.016470790083211805
10,61,0.00754165223748509
149,228,0.01319067858713176
220,100,0.0032151006015349514
39,203,0.002629080552106916
227,188,0.015556022703384485
16,225,0.02024493876530867
72,37,0.012221577194536955
150,108,0.02181907330227997
227,71,0.007883119613201598
20,174,0.021510516252390057
146,243,0.0020516227358877664
49,42,0.005946375287121912
81,243,0.008064516129032258
26,189,0.0031847133757961785
136,90,0.008707300736771601
168,90,0.004354689456208154
207,83,0.0028460543337645535
205,215,0.02326944493288787
95,39,0.002437377029923942
106,255,0.01477612890898669
63,198,0.02075212107314836
33,7,0.006101694915254237
159,262,0.0025690079256627495
106,163,0.005222597286797019
169,168,0.02844950213371266
52,125,0.006295374930192415
22,210,0.020716009654062752
146,107,0.0067605853963539735
73,73,0.04226044226044226
202,201,0.004729826573025656
145,97,0.00465630742333149
8,229,0.005917159763313609
208,42,0.02617283950617284
29,108,0.025013974287311346
181,63,0.002595665398028568
255,75,0.005761808990596293
96,36,0.018467220683287166
193,48,0.007729882163359855
220,69,0.009334163036714374
28,223,0.010948905109489052
56,164,0.005691828160997425
80,75,0.008330709112249864
78,212,0.008065817067268914
65,62,0.00671698437477622
247,229,0.005544398847463546
188,4,0.002937869500562185
134,230,0.0024372080427865414
223,82,0.01102469874369712
17,228,0.00888956138525846
196,134,0.013734638890714333
72,108,0.002199883895016652
42,148,0.008361922432740383
53,81,0.011862917398945518
226,88,0.002371897108739214
85,29,0.003399618125087319
33,72,0.0037504507753335736
119,169,0.014956162970603403
18,244,0.03249475890985325
241,169,0.015637860082304528
67,39,0.008195377806916898
129,229,0.0031213037192798004
215,130,0.11254530109715534
197,219,0.008790277741004528
83,260,0.0455138326354088
6,1,0.008097165991902834
131,75,0.005582849486377847
171,163,0.0027535566773749425
51,179,0.003639435887437447
98,87,0.015042306486994672
38,238,0.009108910891089108
32,143,0.010384671639608016
197,74,0.005268871296565967
71,100,0.0025650802454157857
182,152,0.005762253681439852
78,137,0.009678980480722698
72,121,0.0024748693818937334
201,140,0.01435705368289638
117,14,0.006675301384875959
193,261,0.00480914492899587
216,82,0.009960600292177609
36,231,0.00565087424757381
188,100,0.0038990243371658626
259,186,0.012172284644194757
20,87,0.005098789037603569
220,4,0.005185646131507986
94,209,0.016955266955266956
126,75,0.01829727693466796
32,170,0.00599678221442153
28,35,0.005600302038761641
222,89,0.01601177081530206
28,236,0.0033350113264535614
26,129,0.002618542108987969
18,4,0.0029699510831586303
139,107,0.016930553378272456
216,226,0.004847492142193103
69,4,0.003865596193874517
203,17,0.007428667904777984
47,163,0.004668534080298786
202,196,0.003869858105202809
205,28,0.009378113826856573
63,91,0.009000229305205228
98,93,0.004700720777185835
127,87,0.008417432230619542
241,142,0.009362139917695474
22,140,0.013475462590506838
116,137,0.009958986636315469
225,233,0.003307334500627863
181,22,0.004028854881602624
254,163,0.003931847968545216
20,170,0.01449968132568515
69,87,0.004856774705124393
18,48,0.007686932215234102
86,77,0.01005458201666188
86,117,0.0697117686488557
37,17,0.02067571769095243
63,137,0.004987388213712451
168,17,0.00225899515540798
51,49,0.0034444661077532982
36,129,0.008844846648376398
203,244,0.002532500422083404
108,71,0.006203687747716698
28,244,0.005096904102693179
202,48,0.010892933925756056
193,170,0.008611139087521402
202,41,0.009172996990110363
181,100,0.003439654760577735
69,100,0.007235603132124096
145,234,0.008144077926248373
25,161,0.008853560811684116
53,18,0.0028558875219683658
153,244,0.07841552142279709
178,170,0.024002400240024
247,242,0.009910067231293111
235,100,0.00797153024911032
153,174,0.020614389652384803
72,52,0.0022609917809893365
89,141,0.0029918438905404375
203,25,0.003714333952388992
254,164,0.002162516382699869
174,163,0.002457002457002457
35,228,0.006407269338303821
95,192,0.005608903767656301
167,170,0.004988432620011567
126,89,0.0034441933053492627
20,90,0.007966857871255577
225,143,0.002210785094002582
16,91,0.010247438140464884
47,233,0.002904865649963689
94,87,0.017857142857142856
217,36,0.011371859815982632
205,226,0.005275189027606823
260,137,0.008910386965376781
119,49,0.0022348289496303938
69,162,0.0053523639607493305
205,14,0.0027548209366391185
82,140,0.004525725174677112
152,211,0.0028687973463624545
243,263,0.010925284512617517
123,137,0.004298467981924391
216,101,0.0023241400681747754
182,242,0.022622181119726827
51,237,0.007148891921752129
85,140,0.005914404135425884
244,50,0.018348786184443345
254,232,0.00235910878112713
119,4,0.0028365136668385767
180,107,0.002669157880688643
63,130,0.01702591148819078
210,29,0.038532594352071785
14,162,0.006691417717147297
108,149,0.01637084266758573
153,42,0.025464834276475345
9,129,0.020279405137449302
228,188,0.01369361452841242
3,87,0.003696498054474708
10,225,0.004886682827350033
210,188,0.011524588721738366
19,16,0.014123257520176083
36,91,0.0028868596699561854
94,225,0.006132756132756133
218,192,0.0020819453697534978
77,86,0.00750778245742538
95,215,0.008339940680703609
17,198,0.013107374553157686
168,242,0.009852484894670948
86,165,0.005266685818251461
257,87,0.007107843137254902
127,244,0.08087070643073721
205,219,0.015356661391477639
205,237,0.002227302033878436
165,217,0.00349261787585331
72,33,0.007332946316722173
35,7,0.0020678005591798694
210,181,0.01090877100378288
165,141,0.0045245277028099695
92,53,0.027015915898279202
191,225,0.008118138240296892
177,80,0.010754955714888232
21,29,0.034248554913294794
47,186,0.004668534080298786
195,52,0.004786260616582986
72,29,0.0022304378380029943
134,137,0.005280617426037506
21,181,0.02875722543352601
136,78,0.010984594775619558
184,242,0.02118003025718608
219,67,0.0028311727015347937
14,123,0.009670177862199966
67,177,0.0029503360104900836
82,216,0.014132966334956596
37,231,0.006904860607316821
189,50,0.0034253475720330447
29,149,0.028367803242034657
184,127,0.009077155824508321
197,131,0.005321824776933464
42,140,0.017053838825968656
257,149,0.003553921568627451
33,42,0.0026397403534078614
123,39,0.02303537969800507
61,95,0.0024934681974393166
14,35,0.004835088931099983
29,55,0.06288429290106205
97,63,0.002845499392292843
106,133,0.007706515508566334
181,249,0.005796455244677294
252,142,0.002574002574002574
168,246,0.006287082902400523
167,166,0.01098901098901099
178,71,0.0042004200420042
195,137,0.00844634226455821
198,82,0.013567348165965123
165,71,0.018177488490236544
49,170,0.009939248223600884
106,68,0.014139226800840711
258,61,0.014121306376360809
174,7,0.003127094036184945
131,63,0.006364448414470746
72,90,0.0034220416144703472
181,170,0.009076866729302356
177,82,0.003825992649273965
98,51,0.0021936696960200563
174,108,0.002345320527138709
40,106,0.007898114325204857
191,77,0.004406989330446884
29,161,0.003353828954723309
124,165,0.013873775843307944
146,88,0.005041130151038512
25,90,0.006090862091249838
86,71,0.008426697309202336
28,56,0.00843191542914674
160,10,0.0032001551590380138
65,224,0.0033799750798447505
38,89,0.008118811881188119
243,116,0.029035131123206333
147,75,0.02404447533009034
86,69,0.0029684956430144596
89,79,0.00712706761186066
14,7,0.0040580210671731995
51,188,0.0028595567687008513
188,148,0.0069275688223133
235,78,0.012455516014234875
20,69,0.019439133205863608
47,174,0.014524328249818447
31,37,0.0029784065524944155
92,246,0.003288894109355729
174,247,0.016863971409425953
150,102,0.0029418975239029173
25,163,0.003085821377795011
174,202,0.003127094036184945
214,195,0.045627376425855515
194,61,0.004914933837429111
127,238,0.0188713400009051
146,196,0.003829695773657164
165,86,0.0030957294808699794
217,168,0.0021709914194148663
52,71,0.005279991876935574
180,132,0.03162952088616042
193,76,0.003122167388458052
146,42,0.005177905000097696
29,243,0.005030743432084964
85,91,0.025427280771201044
222,86,0.006750908776181409
169,69,0.025829153252975967
222,261,0.0023368530379089493
258,75,0.0063452566096423016
207,162,0.0129366106080207
174,60,0.008041098950189859
80,234,0.006598723197160115
14,49,0.004446554999136591
174,47,0.012955103864194774
82,198,0.016541393182299385
165,72,0.017383711700269883
242,238,0.005223323739473404
200,41,0.024841437632135307
173,76,0.006771006771006771
252,134,0.003861003861003861
69,3,0.003568242640499554
17,161,0.004596092375782565
56,36,0.007114785201246782
197,47,0.002700627498742355
252,97,0.0023166023166023165
64,93,0.0033034450212364322
34,114,0.006782534972445952
152,144,0.0037055299057181705
52,234,0.011524597654465146
256,87,0.014319581610893365
244,90,0.006582206808691344
36,61,0.03327054584169362
255,143,0.004049573299994565
189,35,0.006729800523876688
119,94,0.007134261646897026
197,18,0.004792289973258493
197,135,0.005824882840424687
120,24,0.008482563619227144
130,86,0.008230102066897269
87,166,0.0025502037450013293
94,119,0.01443001443001443
119,69,0.015128072889805742
160,230,0.005139643134212568
49,182,0.002296975291415323
223,37,0.009315443124519271
147,35,0.005698401667824878
258,222,0.0041057542768273714
56,4,0.004268871120748069
65,210,0.0021053234607507553
77,108,0.0020142830983336385
86,225,0.0070860863736474195
197,42,0.002329953136169875
66,49,0.009952550061177593
25,107,0.010856921287320668
256,25,0.010138073170441143
216,218,0.006994554871840276
215,124,0.0030779923546641512
216,89,0.0057328788348311125
28,108,0.002454064938333753
61,41,0.0044774015893149464
228,63,0.0023799062683069715
171,70,0.006424965580541533
152,237,0.013163596157006888
196,222,0.004468686337648683
81,81,0.03396871945259042
51,4,0.0030545265483850003
220,200,0.023335407591785935
25,22,0.003522036965232002
67,165,0.006064579577118505
77,129,0.0021973997436366965
196,145,0.012354603404087533
226,4,0.0027195027195027195
152,262,0.005618061469959807
219,63,0.007599463567277604
256,90,0.007934144220345243
215,113,0.004120538152211687
192,48,0.004622077215878194
136,193,0.0020093770931011385
208,248,0.009753086419753086
16,191,0.02074481379655086
16,38,0.0029992501874531365
65,52,0.0033513312232358963
255,249,0.013489518218550127
127,116,0.03552518441417387
7,92,0.008422010511263395
207,232,0.0038809831824062097
25,142,0.003635129895308259
160,56,0.012703646237393328
56,160,0.0067759859059493156
168,162,0.0057971803385771055
198,160,0.014394167167769091
178,149,0.035703570357035704
136,119,0.011654387139986604
51,231,0.010593358029505427
250,263,0.002806361085126286
169,231,0.008160515085722842
259,241,0.009948501872659176
200,75,0.01744186046511628
35,250,0.003349254426840634
235,249,0.00298932384341637
205,45,0.0034581794736533614
71,48,0.00311969219037055
71,205,0.0075565877500086654
247,254,0.01052126080502925
208,87,0.006172839506172839
210,145,0.005718307381015219
89,226,0.003963716746703255
188,42,0.004896449167603642
65,265,0.002033713819228621
202,168,0.004156514261143758
182,168,0.016646510635270683
183,249,0.0044472681067344345
217,160,0.002067610875633206
55,49,0.0049584727903805624
210,130,0.003255036509193279
131,140,0.012728896828941492
248,146,0.005632904665745563
225,26,0.002263843936258644
38,222,0.005544554455445544
131,244,0.005359535506922733
155,100,0.004332073093887839
29,33,0.006428172163219676
139,88,0.005643517792757485
29,137,0.013135830072666294
93,40,0.003871876099964801
175,137,0.0039941902687000725
171,107,0.005736576411197797
145,90,0.004335182773446559
133,140,0.01802838511699271
165,137,0.00595332592474996
227,55,0.01608156401093126
72,225,0.015429741208102905
86,140,0.008522455233170545
150,140,0.006128953174797744
69,209,0.0048072157795618995
39,150,0.00469826431996884
155,232,0.002284183994959042
62,45,0.0022629554197782305
97,244,0.0030742832630299565
169,48,0.007486711087819121
235,33,0.003416370106761566
83,140,0.008786984279535937
203,55,0.0054026675671112615
248,20,0.01041555957062387
159,78,0.014102213719595517
203,37,0.0062468343744723955
62,66,0.004525910839556461
21,14,0.04566473988439306
228,257,0.00757908611599297
47,69,0.02832244008714597
202,263,0.010606277769815107
254,75,0.016120576671035388
129,236,0.004008411092127744
171,137,0.01330885727397889
106,90,0.005604738551684606
210,48,0.002903140670361573
82,226,0.027974804149904723
38,265,0.013465346534653465
120,169,0.002827521206409048
217,37,0.027292463558358317
225,89,0.01505102491996958
167,234,0.01156737998843262
38,87,0.011089108910891089
19,170,0.002751283932501834
108,233,0.004480441151128727
218,196,0.0037475016655562957
222,112,0.002250302925393803
36,137,0.006776954260677286
150,149,0.025496445207158616
62,17,0.01946141661009278
19,228,0.00293470286133529
108,95,0.0025848698948819577
71,170,0.006412700613539464
119,68,0.01272133402097301
97,227,0.0028169014084507044
182,174,0.012093618837589812
38,203,0.018613861386138613
219,88,0.0035017136045298763
222,231,0.006231608101090531
81,174,0.028347996089931573
55,22,0.02299491756538986
89,148,0.00739385623904261
247,168,0.024185802846415787
207,48,0.012677878395860284
173,162,0.003108003108003108
29,233,0.004332029066517608
53,170,0.0048330404217926184
173,130,0.016095016095016096
243,7,0.0036615536862939137
205,100,0.0032823398393998005
78,107,0.004839490240361349
205,196,0.004454604067756872
219,148,0.004544777231411116
208,242,0.028148148148148148
183,75,0.01747141041931385
136,259,0.004554588077695914
256,244,0.003466720672853552
67,228,0.04736928372397967
69,145,0.0022301516503122213
210,39,0.018210609659540775
227,87,0.0052554130754677315
212,174,0.01454234388366125
225,155,0.0026706283935551195
25,239,0.003780535091120589
98,88,0.004387339392040113
198,177,0.008305772699939868
174,185,0.014518650882287246
213,45,0.004659832246039142
147,49,0.007505211952744961
85,26,0.009081171704000373
35,124,0.003465750232991612
218,82,0.005579613590939374
174,78,0.014183605092696002
205,74,0.007795557118574527
35,14,0.0032618825722274
77,41,0.005249343832020997
191,145,0.0024740992732333383
51,125,0.0022096575030870215
159,208,0.006723148401202515
197,82,0.015674230188779156
129,140,0.00905178078591142
210,236,0.0024632708718219406
200,220,0.03699788583509514
250,244,0.021203617087620828
192,89,0.01984774333877107
258,225,0.007029548989113531
235,81,0.004555160142348754
212,169,0.014352247885182016
80,226,0.009948183561879133
73,244,0.0029484029484029483
98,17,0.005954246317768724
119,237,0.00507134261646897
183,51,0.028589580686149935
218,26,0.0022485009993337777
51,235,0.009423539351400534
51,169,0.011828166634171704
92,7,0.01885241087684266
32,174,0.02427965481936522
25,143,0.0023911076644694326
189,170,0.010638726576667338
60,246,0.0038412291933418692
33,177,0.0041543454742156505
14,233,0.004446554999136591
63,92,0.004643430405870213
80,41,0.006527153531247316
259,136,0.008426966292134831
210,88,0.00545438550189144
18,100,0.0041928721174004195
257,106,0.00784313725490196
188,209,0.0022306046207972146
119,185,0.0046415678184631255
62,55,0.005242513389152901
92,25,0.0032301638574029484
3,244,0.021206225680933853
203,82,0.0054026675671112615
153,95,0.0064672594987873885
185,159,0.011155378486055778
51,76,0.004679274712419575
228,48,0.006663737551259519
116,141,0.009115171019839479
220,137,0.008297033810412777
155,210,0.029458097038437304
69,94,0.007929428089999009
77,14,0.0061038881767686015
72,162,0.0022304378380029943
243,125,0.0023750618505690253
207,226,0.011901681759379043
63,180,0.01049071313918826
257,72,0.0058823529411764705
91,48,0.0023868825238688254
175,65,0.013435003631082063
35,141,0.002329916123019571
45,243,0.0027228938502236047
252,76,0.006435006435006435
185,247,0.012908366533864542
127,4,0.006199936642983211
77,254,0.0029909052066166147
32,60,0.007605675003656574
149,21,0.023743221456837167
53,70,0.013400702987697716
63,165,0.002293052052281587
94,56,0.005952380952380952
210,108,0.01891440133720419
56,233,0.005081989429461987
52,37,0.011676905112453673
165,56,0.004207016986823305
92,162,0.0037587361249779763
217,132,0.004445363382611392
152,233,0.004258371061006769
222,168,0.005625757313484508
49,4,0.006032243522315008
76,36,0.008497544799438811
120,42,0.0527803958529689
26,14,0.02951167728237792
35,80,0.006552889095992544
17,129,0.003934103761986722
242,241,0.01055324592260953
95,188,0.00587319766246733
92,230,0.006342867210900335
254,18,0.014613368283093054
61,162,0.005453106536139027
123,35,0.008156067452882177
97,211,0.006134267534138843
205,35,0.011957095129242132
130,188,0.0044302826861144715
165,63,0.0026988410858866485
119,254,0.009197180677325082
212,213,0.0290846877673225
121,51,0.0106050457691449
25,227,0.004992245056223342
49,82,0.0032844599961359294
119,212,0.004899432697266632
51,127,0.005199194124910639
194,142,0.01285444234404537
25,77,0.002665761923226057
11,7,0.003912363067292645
97,222,0.0020161578608708084
85,235,0.0022819354538257345
72,42,0.0037275810443337712
86,56,0.0022024322512687925
26,225,0.0061571125265392785
155,150,0.012051039697542534
145,202,0.0037107737320036392
194,162,0.01058601134215501
178,178,0.041704170417041705
255,89,0.007954195430414378
212,238,0.007984031936127744
7,116,0.004828495552212751
56,141,0.004065591543569589
26,178,0.01840056617126681
18,76,0.006376659678546471
228,55,0.009483011130638546
227,49,0.008093336136220307
69,32,0.006789572802061651
51,248,0.007083901995190745
219,232,0.0026076590672030994
32,63,0.003217785578470089
242,200,0.002664961091568063
63,173,0.0033822517771153406
218,86,0.010992671552298468
174,4,0.002345320527138709
254,152,0.004849279161205766
215,51,0.0024326068609442485
177,246,0.0029824667108513587
94,69,0.026695526695526696
195,234,0.006147060203650697
69,55,0.002527505203687184
65,85,0.005213181902811394
97,223,0.002888396368056052
191,142,0.003092624091541673
191,35,0.0085047162517396
227,150,0.0026277065377338657
207,113,0.004139715394566624
189,77,0.0031029619181946405
33,71,0.0035340786152181754
95,100,0.005726367720905647
131,42,0.005024564537740062
145,181,0.004433304194244733
243,239,0.024898565066798616
97,263,0.005462214913848574
102,148,0.0032396158741177833
60,61,0.0030729833546734955
52,142,0.006143067472203889
77,203,0.0026246719160104987
147,76,0.008339124391938846
80,189,0.00742893132174859
25,42,0.006107018224117875
191,89,0.008350085047162517
61,211,0.0027644973493348947
243,140,0.01615042058386937
93,10,0.0050334389299542415
121,19,0.005135074793480687
255,257,0.002545704915656538
219,33,0.005513336313515124
66,226,0.004312274314363305
64,161,0.002831524303916942
255,74,0.003714373720352956
196,39,0.002694354997699941
255,224,0.0035150658621876754
256,209,0.004288726605592023
133,21,0.010510164940544688
112,138,0.004149103450098442
129,132,0.003564857405703772
18,233,0.0022711390635918936
7,4,0.0029063828996972905
17,195,0.004633920296570899
169,107,0.003668488433031369
213,88,0.004193849021435228
177,193,0.003283725974573718
133,41,0.005216724204065977
67,146,0.00885100803147025
248,261,0.006589435646721225
93,13,0.004857444561774023
131,219,0.003907994640464493
131,100,0.0032380527020991513
81,166,0.014051808406647116
127,236,0.008372177218626963
135,231,0.006790041272799894
28,231,0.0032720865844450037
81,209,0.002565982404692082
108,65,0.006376012407375496
86,169,0.002872737719046251
16,75,0.0049987503124218945
86,231,0.016374604998563632
85,231,0.008522330368369581
160,231,0.004363847944142746
69,168,0.020765189810684904
182,259,0.005193142206729743
259,100,0.01100187265917603
203,15,0.00219483369913895
191,74,0.0053347765579093865
205,143,0.002696207725221265
136,234,0.007367716008037508
235,186,0.00597864768683274
41,209,0.0023750724762170634
91,231,0.0062266500622665
130,82,0.012626305655426244
35,226,0.003494874184529357
83,100,0.0047367337131873416
182,37,0.006331365156149961
40,209,0.004294599664330141
201,170,0.00749063670411985
3,261,0.005642023346303502
242,261,0.003624347084532566
108,17,0.004652765810787524
37,234,0.005518706601720385
189,68,0.012371549466048761
52,90,0.007209219678123572
243,132,0.003978228599703117
127,140,0.015341449065484002
218,65,0.002664890073284477
150,97,0.003677371904878647
150,65,0.003187055650894827
16,161,0.005998500374906273
208,74,0.01728395061728395
182,107,0.008821227858006687
78,61,0.008146475237941604
78,60,0.008872398773995805
218,181,0.004913391072618255
18,220,0.01222921034241789
63,244,0.0020637468470534283
17,7,0.0064118325736225905
112,14,0.0037526922924457245
121,209,0.004688546550569324
134,88,0.0036558120641798117
71,148,0.0027383964782141494
216,48,0.002589756075966178
95,14,0.0020556191818635657
149,188,0.014949435732082662
35,244,0.005358807082945014
61,163,0.0022115978794679156
89,29,0.005755011814924918
86,90,0.0027769797950780426
212,107,0.0036118239711054084
247,163,0.005631712215140138
69,142,0.005947071067499257
242,141,0.003091354866218953
60,107,0.005377720870678617
203,192,0.0033766672294445383
80,144,0.009604649165497695
82,98,0.0031494812619098033
139,231,0.002194701363850133
36,162,0.00499570042176815
76,121,0.0035233722339136535
49,227,0.0026189811733894337
212,231,0.007223647942210817
139,136,0.003919109578303809
218,135,0.0033311125916055963
98,157,0.004387339392040113
92,95,0.02002701591589828
63,121,0.003840862187571658
165,261,0.003889506270836641
10,95,0.01058139982300204
60,159,0.023303457106274007
72,141,0.003635919215374744
241,140,0.012037037037037037
196,129,0.026746402050338437
63,230,0.004356798899335015
254,237,0.002424639580602883
254,79,0.0033420707732634337
218,131,0.006495669553630913
71,164,0.0025997434919754585
28,122,0.0061036999748301035
129,196,0.006735444867919569
188,246,0.004207319284755722
188,165,0.008287693591092089
258,141,0.0028615863141524104
98,95,0.031651519899717956
247,236,0.007334322884833668
129,237,0.005601918780391641
188,256,0.009140038446193464
92,243,0.0025254008339695776
235,7,0.003131672597864769
244,249,0.006184089461391464
169,116,0.015272890619151007
14,112,0.0032809532032464167
133,216,0.002761795166858458
241,226,0.0031893004115226336
78,3,0.005968704629778996
182,170,0.008750088923667923
33,224,0.003678326721961774
85,42,0.003492758347692451
19,76,0.013022743947175348
191,198,0.003247255296118757
181,143,0.0026115897256238354
205,98,0.003223726627981947
95,130,0.022200687164126508
22,143,0.002413515687851971
67,244,0.0024586133420750698
226,56,0.007698441908968225
72,130,0.005988572825323108
55,198,0.0021693318457914963
242,41,0.012898411683189425
212,152,0.008269175933846592
46,233,0.002280501710376283
19,188,0.003668378576669112
106,107,0.007706515508566334
95,139,0.002731036913047309
89,90,0.0030680692125924234
26,85,0.006794055201698514
134,256,0.0035881118407690748
174,55,0.004467277194549922
51,243,0.005264184051472022
182,79,0.003912641388631999
37,170,0.009521712094517567
196,177,0.0028915029243609123
175,230,0.008714596949891068
258,76,0.041804043545878695
18,242,0.01694619147449336
212,182,0.01283147989734816
255,130,0.002264862024605461
202,88,0.0030098896373799626
128,243,0.04851752021563342
184,231,0.0030257186081694403
228,246,0.005235793790275337
77,121,0.0025025941524751266
82,36,0.009077916578445902
147,141,0.004169562195969423
95,91,0.002026253193551229
167,95,0.0021688837478311164
18,219,0.002707896575821104
210,63,0.0036069323480249845
183,254,0.014294790343074968
181,21,0.0037103683296972785
22,232,0.007441673370876911
254,212,0.007339449541284404
146,61,0.004513570018953086
51,174,0.01982192760122181
183,42,0.017789072426937738
193,74,0.007100412931815893
63,48,0.004987388213712451
18,141,0.0029699510831586303
18,231,0.003930817610062893
244,148,0.005768278009767145
152,158,0.004512379159382611
250,169,0.011849080137199874
179,33,0.002633082445289018
169,236,0.006213970202889871
241,166,0.013065843621399178
257,225,0.01053921568627451
180,116,0.006539436807687175
126,230,0.004951027876439565
124,123,0.002312295973884657
183,90,0.0022236340533672173
92,225,0.003817466376930757
117,49,0.008369034572083291
39,170,0.0074734049027483625
169,209,0.002096279104589354
241,159,0.01286008230452675
92,37,0.008868268044869912
95,53,0.0035826505741050714
49,55,0.002168172938625679
208,65,0.0025925925925925925
155,177,0.009766855702583491
169,47,0.015048289286516433
72,215,0.003605365272388402
18,74,0.017645003494060098
26,195,0.0036801132342533615
82,63,0.00915731526572094
61,50,0.0021790743812404464
146,258,0.002501025811367944
77,42,0.005249343832020997
121,152,0.003460593882563072
147,236,0.005281445448227936
188,112,0.007199593776069058
78,121,0.002258428778835296
69,78,0.012835761720685896
60,151,0.0046094750320102434
108,137,0.009305531621575047
201,137,0.008426966292134831
227,117,0.0021021652301870925
14,177,0.0032377827663615955
165,246,0.0020638196539133195
252,53,0.0380952380952381
33,179,0.002120447169130905
194,76,0.004158790170132325
25,179,0.002374951531601396
225,146,0.002122353690242479
78,163,0.003871592192289079
256,157,0.004610381101011425
168,127,0.010070219367481356
14,232,0.0029355897081678466
26,39,0.011111111111111112
26,29,0.009412597310686483
83,87,0.002677284272671106
49,161,0.008028679990554495
250,259,0.00665211516474379
169,243,0.016919967058471215
228,25,0.01611013473930873
227,61,0.01839394576413706
180,76,0.0452422260776725
192,226,0.013866231647634585
117,130,0.01574175550463286
20,205,0.0025493945188017845
65,71,0.006015209887859301
202,37,0.006593091586641823
92,141,0.0022317495742056733
97,234,0.008593694144562809
65,262,0.0036520917176288614
210,189,0.0026392187912377936
52,225,0.011524597654465146
185,71,0.0031872509960159364
168,208,0.008600511676011105
7,49,0.0028878117629580107
194,262,0.02003780718336484
190,189,0.011289985364833787
17,168,0.002080535643358363
166,232,0.0023322249491990604
42,7,0.0020733582800465727
189,66,0.009631271408422326
49,40,0.004873022347208209
108,77,0.0022402205755643633
10,80,0.0020778021470622184
10,256,0.002270191234753165
101,132,0.007532956685499058
52,62,0.0064984515408437835
57,265,0.003484320557491289
38,161,0.005940594059405941
146,17,0.0027941147736376248
179,148,0.0099113197704747
112,65,0.007254324185044728
189,257,0.005762643562361475
66,223,0.0035363633650661017
201,47,0.010923845193508116
209,112,0.003171680823465417
136,205,0.004554588077695914
130,196,0.005145943735409887
157,249,0.005576048726087329
89,198,0.004173336382346215
34,209,0.003391267486222976
106,7,0.007833895930195529
169,119,0.01489855506476005
189,148,0.0156357042111626
8,42,0.011834319526627219
179,142,0.008271853342275877
219,56,0.0028311727015347937
223,186,0.006979460444976213
80,142,0.0051100741461738855
248,213,0.02051227548092252
82,77,0.002884818970993013
47,169,0.022823944392571842
116,90,0.008310602641339116
248,79,0.0038261239239026465
227,161,0.00882909396678579
260,100,0.00420061099796334
226,61,0.005674150410992516
200,209,0.005990133897110641
7,256,0.006992032982338849
196,226,0.023592035223762898
71,68,0.0049915075045928806
86,197,0.005745475438092502
126,231,0.003767086427725756
108,140,0.011201102877821816
62,227,0.0045636267632194315
182,97,0.005406559009746034
56,74,0.006843745765008809
157,140,0.006047868233679334
28,198,0.0057261515227787566
119,25,0.0034381983840467596
63,201,0.002121073148360468
32,37,0.002047681731753693
91,233,0.004047322540473225
14,132,0.0027629079606285617
219,197,0.010430636268812398
38,76,0.01900990099009901
254,68,0.01055045871559633
22,237,0.002614641995172969
22,197,0.007441673370876911
134,56,0.006499221447430777
82,188,0.0031494812619098033
25,244,0.0027950109861703504
73,14,0.010810810810810811
126,68,0.008287590140996663
153,116,0.041632983023443815
126,168,0.02486277042298999
219,90,0.008120995380718223
243,100,0.009183572488866898
218,121,0.010076615589606928
95,7,0.019146624379643498
189,87,0.00850292161998791
62,88,0.002904126122048729
180,37,0.009875884158547978
102,83,0.004743723244243897
40,170,0.014068516141771152
134,102,0.005822219213323404
31,140,0.016381236038719285
205,236,0.002403141668131997
191,33,0.002706046080098964
220,20,0.006015349512549264
36,234,0.004811432783260309
94,242,0.011363636363636364
250,170,0.01091362644215778
258,7,0.010699844479004666
160,170,0.0062063615205585725
95,260,0.008839162482013331
134,231,0.0028434093832509647
108,210,0.036532827847665
62,29,0.002036659877800407
177,107,0.00557329637886365
81,45,0.0020772238514173997
56,92,0.016601165469575824
216,134,0.014763823099738812
225,85,0.007764277250137069
71,142,0.0024264272591770944
133,225,0.007671653241273495
177,89,0.01687051876845213
169,159,0.021112525267649923
222,91,0.01601177081530206
33,262,0.005178507032095204
76,145,0.0029494292455838275
119,7,0.0031803335052432526
117,197,0.006077513201155724
179,170,0.011550786198673522
152,113,0.004138837838241666
126,76,0.0031213001829727693
254,100,0.0060288335517693315
171,9,0.017668655346489214
77,155,0.00964414331929439
86,25,0.014746720291104088
91,37,0.010516120105161201
179,171,0.002484040042725489
9,92,0.06894997746732763
16,15,0.03124218945263684
17,87,0.005541790395490912
220,126,0.004874507363617507
226,246,0.005050505050505051
202,237,0.01103626200372653
257,123,0.005392156862745098
248,169,0.014560527154851738
201,86,0.04400749063670412
119,170,0.00764999140450404
51,87,0.003314486254630532
218,77,0.00957694870086609
136,239,0.007903549899531145
38,37,0.006534653465346534
20,119,0.010516252390057362
95,70,0.0038175784806037645
196,246,0.002760070973253598
210,178,0.0044866719451042494
25,7,0.00534767997932015
97,262,0.003817830842925574
155,197,0.003780718336483932
69,263,0.007879869164436514
250,140,0.013616048227834944
244,4,0.0034326562389411846
191,132,0.0037884645121385495
200,18,0.011099365750528542
182,246,0.003912641388631999
149,230,0.0020518833357760515
222,189,0.002596503375454388
61,90,0.0033065556531260503
51,145,0.0025346071358939366
61,263,0.0027753385154107176
17,138,0.005749843959826748
36,56,0.002927808034069039
95,234,0.004023140398790121
61,227,0.0028945913422447718
92,18,0.002877782345686263
160,113,0.004266873545384018
62,38,0.005317945236478841
37,66,0.005324385946730231
155,11,0.0029930686830497793
33,227,0.0031878831590335375
147,137,0.012091730368311328
228,71,0.007725541886350322
36,138,0.0038900945907211007
259,182,0.0053838951310861425
159,239,0.0050833561082262915
183,216,0.0031766200762388818
235,25,0.002562277580071174
78,261,0.002903694144216809
69,92,0.0021805927247497275
135,230,0.0035947277326587672
32,188,0.0035103115401491883
101,138,0.003228410008071025
130,9,0.003220474721829366
80,42,0.006784804328533394
169,42,0.03848169499139028
106,145,0.006878542767976562
226,70,0.005050505050505051
61,256,0.011383224379614271
77,256,0.0029298663248489287
81,162,0.004765395894428153
133,181,0.037591100882240124
122,130,0.10888351192533702
254,89,0.0020314547837483616
102,226,0.015041073701261136
255,179,0.006178543603123698
205,134,0.006271613621710334
25,170,0.011341605273361768
159,20,0.006668488658103307
92,142,0.002877782345686263
117,196,0.002988940918601176
17,48,0.00518242514800174
257,41,0.003553921568627451
157,83,0.009007463326756456
177,222,0.008585889016087245
169,35,0.006738039979037209
256,100,0.004205334699372178
228,76,0.008384592852958407
242,248,0.01097963969726042
56,191,0.004878709852283507
185,235,0.011474103585657371
260,95,0.013085539714867617
215,203,0.006553145013155935
49,74,0.003649399995706588
216,7,0.004449068130505999
223,130,0.0073782867561177105
265,230,0.004179507746865369
193,112,0.0078054184711451305
39,75,0.006256237980476642
61,74,0.004585813250073178
54,114,0.009308043554618898
201,76,0.02153558052434457
25,41,0.00534767997932015
19,205,0.015223771093176816
194,163,0.006805293005671078
134,86,0.0030465100534831763
106,257,0.009171390357302084
37,55,0.0025909420665353924
35,254,0.0028832712022367193
108,61,0.011028778218163018
12,137,0.009267383198069752
123,100,0.005731290642565855
49,186,0.009960715282399158
20,3,0.007010834926704908
167,238,0.006434355118565645
54,132,0.00597119775201967
11,225,0.003390714658320292
49,36,0.015456282334757316
92,22,0.0025841310859223586
210,163,0.002111375032990235
92,173,0.011804780642508957
129,177,0.0020863451176238667
112,146,0.004254813092139167
257,155,0.0045343137254901964
136,127,0.020093770931011386
9,49,0.009914375844975214
93,95,0.014009151707145371
130,135,0.007667796956736586
149,22,0.02462260002931262
181,262,0.004665827985413316
223,234,0.006352733384611002
112,238,0.006091518122596757
78,50,0.005807388288433618
112,233,0.0073864612375956346
49,144,0.012944636455359251
146,79,0.01270052169835284
80,179,0.0061979330680484385
202,39,0.005589795040848502
168,216,0.002993849001143106
112,49,0.010940947951215
256,158,0.005515778939969741
130,171,0.0040894917102595124
168,248,0.006069348429590115
91,56,0.002040957520409575
175,170,0.00907770515613653
255,90,0.009693609465311373
7,216,0.003435660296766765
36,151,0.0031325498546333074
196,192,0.004140106459880397
94,18,0.01966089466089466
126,20,0.011301259283177269
80,146,0.004193982422490052
80,100,0.003134751366980619
36,141,0.0052618647885016995
80,181,0.013784317654805187
47,236,0.004357298474945534
145,238,0.0044511444525716735
36,100,0.0036648785881004055
77,91,0.017029848013184398
248,239,0.006376873206504411
47,161,0.003734827264239029
56,82,0.04445046754302751
22,222,0.0035197103781174576
85,17,0.019559446747077727
191,143,0.003633833307561466
55,69,0.0025412173050700384
121,229,0.0020093770931011385
52,237,0.01233690409707062
212,143,0.005988023952095809
9,162,0.00405588102748986
97,142,0.003817830842925574
205,42,0.007443877850067405
86,159,0.0043091065785693765
86,85,0.0041175907306329595
36,65,0.007780189181442201
56,174,0.002100555630844288
177,100,0.0037356148701572574
183,100,0.008259212198221092
150,48,0.002451581269919098
150,107,0.003922530031870556
171,90,0.0025240936209270305
196,186,0.003942958533219426
71,74,0.002045131547020694
72,36,0.00485807693482844
202,89,0.004729826573025656
241,186,0.005452674897119342
195,163,0.0057247430904227865
259,234,0.004798689138576779
169,75,0.020738189713258966
91,87,0.00228310502283105
119,90,0.0035241533436479286
86,18,0.0029684956430144596
240,166,0.016181229773462782
133,72,0.005983889528193326
78,148,0.002097112437489918
146,70,0.0033607534340256745
225,148,0.012256592561150316
146,28,0.0030285859434533696
37,138,0.003692092444812934
208,148,0.0032098765432098763
213,168,0.0244641192917055
254,148,0.0020969855832241153
195,87,0.00830556989348224
117,225,0.011656869582544586
259,45,0.0028089887640449437
185,141,0.0038247011952191236
7,157,0.00489349453080023
20,56,0.00207138304652645
258,100,0.00223950233281493
126,213,0.03616402970616726
126,254,0.012700462813475406
95,258,0.013361524682113176
77,258,0.00689739363974852
254,78,0.01651376146788991
197,173,0.005321824776933464
106,225,0.017514807974014394
69,77,0.002279710575874715
195,227,0.005020881235042935
92,137,0.007106360486286486
28,192,0.004530581424616159
85,225,0.022167372980021423
17,158,0.00351799663331505
179,75,0.01443227264823509
3,48,0.006420233463035019
174,213,0.015188742461469734
208,213,0.025185185185185185
135,98,0.009186526427905739
61,113,0.0032631909888227576
80,163,0.003120437433798059
215,177,0.006304919823263665
182,78,0.01045742334779825
29,155,0.025712688652878703
146,166,0.005646847339729186
259,212,0.0050327715355805245
10,166,0.002654969410135057
78,226,0.0026617196321987416
7,125,0.002265678682192137
159,65,0.0029516261273572013
39,216,0.007522091579639231
22,162,0.004827031375703942
167,24,0.0020965876229034125
28,260,0.0076768185250440475
98,42,0.005954246317768724
72,22,0.0023526536099483636
247,51,0.008163799877761285
235,51,0.009822064056939502
18,212,0.007337526205450734
51,163,0.003509456034314681
69,151,0.007879869164436514
257,25,0.016666666666666666
153,238,0.012530315278900566
232,243,0.0030738981736614006
55,217,0.0028511218544688237
147,41,0.03168867268936762
129,80,0.004616243921671704
51,212,0.007473841554559043
55,205,0.003099045493987852
28,79,0.0033350113264535614
71,113,0.002010468300461021
80,62,0.005696945406658841
157,146,0.005275799948528781
130,97,0.0028967232947671546
131,37,0.007927646270656542
29,95,0.004471771939631079
101,39,0.013451708366962604
130,157,0.0040042939662957725
119,247,0.02054323534467939
208,53,0.005308641975308642
180,86,0.011477378886961164
243,220,0.0031469569520039585
102,36,0.03482587064676617
153,75,0.016976556184316895
119,116,0.01444043321299639
198,102,0.027886349969933853
67,210,0.009178823143746927
19,48,0.010271460014673514
200,246,0.011451726568005638
89,113,0.003792209772086287
196,237,0.0059144377998291385
203,181,0.003883167313861219
14,227,0.020160594025211535
82,130,0.0172824475968664
189,211,0.004956679427765465
247,13,0.0033179079717104687
154,95,0.003401360544217687
29,216,0.00810508664058133
21,33,0.004624277456647399
191,17,0.0042523581258698
195,113,0.005020881235042935
112,125,0.0037923334082109964
192,134,0.006797172376291463
56,265,0.002236075348963274
195,88,0.0033316127821312936
74,114,0.0036248322730739156
256,188,0.009018239001203226
86,181,0.003638801110791918
34,24,0.0028613819415006358
235,89,0.00398576512455516
131,141,0.007034390352836087
72,51,0.0024137614959210485
54,65,0.013874253600280998
155,86,0.0037019533711405168
136,238,0.007769591426657736
130,38,0.01064971799546748
16,223,0.013996500874781305
25,255,0.018417991469561846
259,51,0.03277153558052434
243,233,0.00809500247402276
16,226,0.005748562859285179
3,50,0.004085603112840467
195,77,0.0022523579372155226
205,51,0.002696207725221265
92,50,0.002877782345686263
241,212,0.004423868312757201
116,213,0.002070291803214349
108,91,0.015164570049974152
31,230,0.026061057334326135
92,76,0.00863334703705879
181,113,0.004856919916556524
32,90,0.003802837501828287
153,241,0.02223120452708165
257,40,0.006004901960784314
24,232,0.0022351638436615673
212,170,0.007888983936888128
216,62,0.0027004294125459296
97,133,0.0029741903195824692
235,168,0.020711743772241994
260,239,0.0025458248472505093
210,117,0.004662619864520102
207,68,0.009573091849935317
135,163,0.006124350951937159
189,249,0.007132782591174692
255,238,0.006015473537352104
225,260,0.002228471374754603
42,114,0.0033497500140091774
54,14,0.011766772040744644
255,146,0.004756210251671468
260,107,0.005397148676171079
189,263,0.005601450735442273
52,4,0.005483068487586942
83,179,0.0105031921466328
36,161,0.003951517136890381
36,148,0.01803775439171205
85,189,0.008010059144041353
145,228,0.0023192335825022747
189,224,0.0030223655047350393
82,215,0.0068282871056531864
189,79,0.020431190812008865
54,89,0.008605549701440113
39,22,0.002750797244334088
256,142,0.005873172823769076
34,113,0.007842306061890632
157,158,0.0021446341254182035
145,143,0.0037464542486575205
259,259,0.04119850187265917
36,75,0.006203677163097335
193,263,0.004053781851143116
256,7,0.012842353557856113
232,151,0.004250841168081306
36,233,0.003746775316326113
33,133,0.0024954922466642626
83,56,0.01263128990183291
80,49,0.0118519366751596
71,191,0.002357100766057749
126,142,0.0038747174685179204
193,196,0.0020394803102024373
135,198,0.00692317933697244
36,230,0.004709061872978175
36,106,0.003992465501003235
213,164,0.005475302889095993
69,166,0.01352958667856081
56,243,0.002913673939558206
223,151,0.0054126427940631855
92,65,0.005050801667939155
219,188,0.009909104455371777
102,37,0.029850746268656716
135,142,0.009053388363733192
60,49,0.002560819462227913
89,48,0.005964631450567879
78,140,0.007259235360542023
21,222,0.007080924855491329
7,90,0.004308503723512916
7,121,0.0031849499507864876
169,241,0.012128471962266976
178,181,0.019201920192019203
77,131,0.0029298663248489287
14,223,0.0027629079606285617
131,177,0.0052478785171951765
258,36,0.016049766718506997
241,42,0.042078189300411524
86,72,0.007373360145552044
145,28,0.00247979590744474
241,116,0.017181069958847738
168,152,0.009008763812530619
14,216,0.0023312035917803487
213,152,0.006989748369058714
150,79,0.0029418975239029173
193,144,0.003122167388458052
36,102,0.006920273535072274
94,74,0.031746031746031744
154,14,0.022675736961451247
117,165,0.0030885722825545483
155,205,0.007640201638311279
215,61,0.00709924043091893
149,181,0.008207533343104206
117,17,0.013749128225565408
26,205,0.0031847133757961785
223,97,0.00296270973990827
216,177,0.0033423347647084864
177,48,0.0025908296680122915
179,68,0.008868022952529996
21,257,0.0072254335260115606
14,150,0.006130202037644621
218,61,0.015073284477015322
55,186,0.002231312755671253
203,152,0.0033766672294445383
49,87,0.00916643410686302
189,262,0.004392504533548257
219,177,0.005960363582178513
159,86,0.0024596884394643345
212,69,0.015777967873776257
29,230,0.005589714924538848
53,166,0.0028558875219683658
36,166,0.0036239302239875516
61,34,0.002807862013638187
247,76,0.0030996245525189907
122,39,0.009160041479433114
185,234,0.0031872509960159364
33,209,0.004601514605120808
149,161,0.0020518833357760515
258,227,0.002363919129082426
72,95,0.0025665312108527605
201,235,0.002184769038701623
131,91,0.0036846806610093793
119,142,0.007306171566099364
222,70,0.002163752812878657
77,45,0.006470121467374718
223,148,0.007292823975158819
69,265,0.00351868371493706
61,4,0.0032415086566711117
179,42,0.007501800929030976
76,41,0.002694343472992794
169,51,0.014449352399490904
63,159,0.0021783994496675074
63,14,0.00343957807842238
202,143,0.004013186183173284
121,61,0.008372404554588079
196,229,0.0031543668265755407
112,66,0.006765417090606377
15,265,0.009900990099009901
47,119,0.012656914617698932
20,48,0.008922880815806247
200,265,0.004933051444679351
21,61,0.010115606936416185
241,177,0.0033950617283950617
86,41,0.003160011490950876
131,129,0.010495757034390353
49,256,0.015778288216731426
38,91,0.012277227722772278
180,89,0.008941678900306954
6,33,0.004858299595141701
177,91,0.013948303910345242
11,108,0.02034428794992175
72,45,0.0030553942986342388
255,62,0.005743690094399449
7,41,0.005608483295262503
145,144,0.004549265873369846
94,41,0.01875901875901876
20,127,0.011790949649458253
224,112,0.0020490031642833675
149,55,0.03737358933020665
120,144,0.00471253534401508
17,42,0.006638800098352594
200,68,0.01127554615926709
257,239,0.008088235294117648
124,117,0.017410228509249184
28,191,0.01352881953183992
195,4,0.005349350100886866
153,220,0.016976556184316895
96,256,0.010156971375807941
37,262,0.004417556223442844
89,74,0.0022486470005335774
130,16,0.005571932455228586
260,261,0.0020875763747454177
202,139,0.003869858105202809
145,224,0.0028455212031470215
106,17,0.013566014903509331
250,213,0.034923604614904895
121,205,0.014623799955347176
181,88,0.0024364221220758956
183,77,0.0022236340533672173
92,219,0.0022904798261584544
28,97,0.002139441228290964
168,166,0.010995590876925589
28,237,0.002894538132393657
215,173,0.002730477088814973
223,196,0.0037318747685383016
119,241,0.00764999140450404
255,226,0.006903299450997445
130,48,0.004515480430078211
26,164,0.0024062278839348905
139,191,0.02241730678789779
95,17,0.0042580683052888145
124,17,0.006528835690968444
123,161,0.004849553620632646
203,49,0.010298835049805841
185,75,0.022151394422310757
127,239,0.01864506494094221
225,106,0.004863727206805681
71,149,0.005303476723629935
155,22,0.012523629489603024
208,225,0.002962962962962963
189,137,0.009550674994962724
260,134,0.0037423625254582485
60,234,0.003969270166453265
129,168,0.0023656196609278487
83,162,0.004187547195716345
127,193,0.0024890256595917998
69,17,0.002279710575874715
95,162,0.00534460987284527
93,146,0.005350228792678634
130,53,0.005350418320922862
207,100,0.007503234152652005
257,232,0.003676470588235294
124,22,0.004488574537540806
254,140,0.008060288335517694
121,170,0.007032819825853985
69,230,0.006293983546436713
86,155,0.005170927894283252
227,92,0.004940088290939668
69,143,0.0023292695014372087
35,95,0.0026502795899347622
223,174,0.0020511067430134177
134,82,0.015435650937648095
189,158,0.003465645778762845
235,159,0.013736654804270462
192,49,0.0035345296356715608
112,95,0.005510115091372772
210,51,0.004750593824228029
250,237,0.007171811661989398
185,79,0.0022310756972111555
147,74,0.02974287699791522
220,136,0.01140842148931757
243,148,0.0066501731815932705
117,97,0.007671615024409684
160,33,0.0023273855702094647
181,232,0.006194563434558976
64,95,0.02406795658329401
20,68,0.007966857871255577
201,26,0.005305867665418227
179,43,0.0033037732568249
53,254,0.005931458699472759
121,210,0.002902433578923867
89,42,0.0044591813400411615
95,138,0.0026429389481102987
259,117,0.0022237827715355803
235,169,0.013807829181494662
131,61,0.007592675301473872
207,90,0.006727037516170763
223,48,0.008517790502236276
182,68,0.018780678665433592
63,41,0.0040701673927998165
252,203,0.0023166023166023165
223,164,0.007007948038629177
56,87,0.004268871120748069
41,144,0.0029248180041660404
194,129,0.010964083175803403
227,45,0.003153247845280639
157,232,0.00579051213862915
260,228,0.0023930753564154784
95,37,0.008516136610577629
102,77,0.0061321300474372325
207,142,0.0033635187580853816
28,234,0.0031462371004278883
207,181,0.004915912031047865
96,197,0.036011080332409975
194,134,0.0030245746691871457
194,95,0.005671077504725898
82,223,0.013391911920389583
130,141,0.0022492204406427316
180,72,0.006005605231549446
121,113,0.003014065639651708
207,255,0.002328589909443726
65,223,0.002950317230711943
28,175,0.003460860810470677
208,169,0.01345679012345679
57,258,0.013937282229965157
157,75,0.0049326584884618685
16,129,0.01949512621844539
260,186,0.0036914460285132383
7,37,0.009796274629970101
149,216,0.002784698812838927
200,230,0.013389711064129669
222,102,0.002163752812878657
197,86,0.003892080807011041
85,149,0.004563870907651469
247,208,0.008338426613114468
64,140,0.0066068900424728644
198,162,0.00375826819001804
36,142,0.00454526841652676
242,39,0.006715701950751519
19,69,0.0020176082171680116
193,66,0.0028452009265787087
258,161,0.005723172628304821
258,186,0.0041057542768273714
248,163,0.008715060048889361
149,107,0.014656309541257512
159,209,0.002405028696365127
258,85,0.0026749611197511665
80,162,0.007099710858549713
226,113,0.0025559236085551875
18,170,0.006551362683438155
225,162,0.006862276931784015
37,243,0.0034459529484920717
179,188,0.0023349976401619596
121,145,0.009935253404777852
169,238,0.007636445309575504
208,237,0.006666666666666667
20,100,0.004302103250478011
200,153,0.004404510218463707
7,255,0.009684847809534422
155,37,0.00630119722747322
181,67,0.0033759574501966653
95,72,0.0030246967961706753
258,65,0.0032970451010886468
37,145,0.008770338895222303
89,80,0.005354828874151994
21,113,0.005780346820809248
72,236,0.0023832075529347063
258,80,0.006842923794712286
81,231,0.004521016617790812
160,137,0.011927851047323506
89,257,0.004706913636710115
177,63,0.010483822377538109
28,100,0.0039642587465391396
243,18,0.002474022761009401
130,192,0.00327159336820761
188,232,0.005222879112110551
126,83,0.002583144979011947
133,71,0.009742999616417338
192,53,0.015497553017944535
133,66,0.005293440736478711
152,4,0.0031377470975839346
248,262,0.002125624402168137
82,160,0.02019373279695109
146,37,0.007249067000136775
133,107,0.005523590333716916
49,133,0.0025760470557928856
201,61,0.013420724094881398
179,161,0.012643763817472738
177,141,0.0020184370669398084
106,65,0.010954716260110822
256,26,0.002573235963355214
191,65,0.003711148909850008
95,97,0.0036413825507297447
101,238,0.002421307506053269
69,241,0.008970165526811378
51,159,0.009943458763891596
14,170,0.009540666551545502
46,174,0.021664766248574687
217,90,0.003204796857231469
46,75,0.020524515393386546
60,140,0.005761843790012804
216,258,0.01283810704325114
49,13,0.002726316467380804
17,45,0.005787671880615082
192,130,0.022294725394236
220,143,0.005289359054138146
188,90,0.002393819593050669
217,198,0.011165098728419311
220,242,0.006637627048330222
212,79,0.0037068719703450244
168,97,0.002177344728104077
210,67,0.0048385677839359546
188,41,0.002974139494396286
192,95,0.034801522566612286
11,261,0.004694835680751174
78,213,0.01500241974512018
146,186,0.009398386056781102
35,258,0.005475302889095993
147,142,0.002640722724113968
149,25,0.006888465484391031
69,47,0.013133115274060858
11,227,0.025821596244131457
117,191,0.003785991830228156
92,242,0.0020555588183473307
241,143,0.004423868312757201
92,39,0.002819052093733482
102,222,0.0024297119055883376
106,189,0.011018406470925418
201,117,0.07365792759051186
240,107,0.005177993527508091
85,123,0.003539328458995017
47,148,0.0022823944392571845
260,66,0.0026985743380855396
81,161,0.0050097751710654935
157,137,0.007506219438963713
36,170,0.009438597928012776
7,28,0.004141363492859398
121,91,0.002790801518196026
205,197,0.015298048180059785
174,140,0.00971632789814608
92,223,0.009807952076114406
174,254,0.027138708956890776
92,215,0.004346038644505785
220,50,0.005289359054138146
250,231,0.005924540068599937
108,26,0.018094089264173704
49,195,0.003971405877680699
210,100,0.0023752969121140144
152,114,0.004348020978080595
77,230,0.003296099615455045
25,14,0.010032958511050795
135,192,0.007722007722007722
121,79,0.004242018307657959
7,25,0.0025906735751295338
208,116,0.006913580246913581
37,141,0.004961654057415276
155,227,0.0052772526780088215
157,61,0.015741614480569616
61,255,0.014397068548693097
123,181,0.011131929901906756
247,140,0.009298873657556972
242,119,0.006502505063426074
35,167,0.0020386766076421247
155,68,0.002756773787019534
42,209,0.002042226774340168
33,116,0.0024954922466642626
32,182,0.004972941348544683
3,61,0.0062256809338521405
174,166,0.007929417020326112
228,117,0.0031487990626830695
147,159,0.02738012508686588
250,61,0.002182725288431556
37,116,0.006270079801015649
146,151,0.00246194728306532
52,246,0.013859978676955882
7,87,0.004977064646126989
145,261,0.0024441153907908586
150,68,0.008090218190733023
117,210,0.004383780013948391
3,234,0.0029182879377431907
174,28,0.002680366316729953
33,82,0.002336819329246304
36,41,0.0058760902501945045
94,137,0.00468975468975469
29,76,0.010760201229737284
180,61,0.014146536767649806
32,56,0.004387889425186486
28,37,0.008494840171155298
65,26,0.0038382767855864113
155,108,0.008427851291745432
7,16,0.0030363808568722494
82,83,0.0215699767097184
131,62,0.002121482804823582
33,239,0.006130544536602957
190,188,0.020071085093037844
255,228,0.005172944864198873
219,218,0.015124422589777977
247,162,0.0063302191565528685
232,166,0.004271610750335775
147,17,0.005559416261292564
219,16,0.003278199970198182
181,151,0.0020701625873847476
200,243,0.03770260747004933
189,63,0.0026596816441668346
185,20,0.016733067729083666
112,106,0.00295986997714029
36,197,0.0030916014905204535
93,92,0.033509327701513554
112,224,0.003171289261221739
129,193,0.004566960178735708
8,179,0.01775147928994083
77,228,0.0062870048220716596
226,258,0.004723346828609987
64,243,0.0023596035865974517
168,233,0.004844592020031572
83,92,0.02086908766389785
56,48,0.006098387315354384
37,233,0.005298476526064877
259,205,0.006554307116104869
130,25,0.0020447458551297562
177,88,0.0037356148701572574
182,232,0.004695169666358398
108,28,0.004480441151128727
212,209,0.005797927953616577
205,49,0.0054510286618603835
21,233,0.0036127167630057803
210,61,0.015395442948887129
16,140,0.008747813046738315
219,9,0.0023096408880941737
219,121,0.004842795410520042
191,72,0.005102829751043761
192,64,0.0035345296356715608
192,19,0.0027188689505165853
169,100,0.006738039979037209
52,209,0.004416916281667259
36,261,0.0023135825723762334
216,260,0.0028775067510735312
78,209,0.005484755605742862
49,48,0.005366764699568512
259,91,0.003043071161048689
86,174,0.0030642535669826677
201,75,0.00717852684144819
56,102,0.00514974928852148
94,233,0.0036075036075036075
86,62,0.007277602221583836
177,244,0.0035849852382960775
177,256,0.006055311200819425
175,205,0.010893246187363835
175,236,0.006535947712418301
250,164,0.005300904271905207
258,188,0.007776049766718507
198,97,0.011988875526157546
131,65,0.005917820455560518
69,177,0.002527505203687184
193,42,0.006999697854768859
108,87,0.006203687747716698
157,197,0.004375053615853135
64,92,0.03539405379896177
152,170,0.006678918822000089
208,143,0.005185185185185185
203,76,0.019415836569306094
7,88,0.003240663361004327
222,69,0.0020772027003635105
213,141,0.00483457595526561
69,89,0.002279710575874715
177,210,0.002620955594384527
179,157,0.004148346871351566
147,161,0.005142460041695622
247,188,0.0021391775080764866
95,107,0.004434264235162835
136,169,0.011386470194239785
123,141,0.005400639259340902
174,119,0.00971632789814608
155,233,0.004332073093887839
130,161,0.0023514577333992198
171,231,0.0029830197338228544
160,91,0.002812257564003103
160,97,0.0032971295577967417
62,198,0.00599683186241231
39,197,0.002629080552106916
135,131,0.011050459326321396
191,223,0.0031699396938302147
258,39,0.0051632970451010885
21,188,0.008815028901734105
14,257,0.005137281989293732
72,79,0.002199883895016652
25,63,0.0024395760630735426
200,92,0.004933051444679351
242,68,0.004903528408485236
71,95,0.002357100766057749
226,102,0.003476056107635055
155,170,0.005198487712665407
259,142,0.0038623595505617976
129,145,0.013076619792351163
192,82,0.03262642740619902
258,95,0.034836702954898914
222,26,0.0046737060758178985
31,220,0.00967982129560685
26,170,0.005803255484784147
9,260,0.008562415502478594
123,162,0.004849553620632646
91,117,0.00394354503943545
47,212,0.006224712107065048
193,148,0.004708429851948837
7,239,0.00688060616190317
168,234,0.007076370366338251
258,86,0.0026127527216174185
198,142,0.0027059530968129887
174,181,0.002457002457002457
213,230,0.007863466915191053
9,258,0.006309148264984227
16,130,0.016495876030992253
242,230,0.004477134633834346
169,237,0.003818222654787752
259,230,0.004564606741573034
136,170,0.008037508372404554
207,234,0.0054333764553686935
36,134,0.0020269440235862577
62,209,0.0031681375876895226
247,234,0.0046276084868593385
243,170,0.01371598218703612
53,161,0.0048330404217926184
155,65,0.003938248267170762
96,7,0.012003693444136657
29,228,0.016489659027389605
25,82,0.002148765671448882
29,61,0.006148686416992733
106,170,0.006751162346347366
33,226,0.003577353047241255
37,88,0.002292983728883822
98,175,0.01347539956126606
241,230,0.008641975308641974
212,180,0.0038969679688242564
227,222,0.003678789152827412
32,20,0.013894983179757204
139,76,0.021319956105972725
106,42,0.004458314757021846
185,208,0.013227091633466135
259,179,0.0022237827715355803
52,238,0.003909224755038838
77,10,0.007263626930354636
133,55,0.010740314537782892
10,17,0.004078648659048059
39,117,0.0033106940285790795
173,75,0.008325008325008326
26,186,0.0029016277423920735
228,100,0.0027460456942003516
222,196,0.0060585078760602385
153,215,0.010509296685529508
250,179,0.00363787548071926
69,169,0.01744474179799782
26,45,0.0024769992922859165
124,201,0.011153427638737758
89,178,0.002725055263358488
22,68,0.006134352373290426
169,170,0.005165830650595194
98,76,0.007834534628643058
37,146,0.003653228313814903
201,231,0.005930087390761548
18,35,0.003581411600279525
227,41,0.0024174900147151566
223,225,0.004330114235250549
60,91,0.003585147247119078
168,145,0.003075499428447009
243,114,0.004512617516081148
35,121,0.002533783783783784
202,249,0.006306435430700874
215,262,0.002035446557116616
28,117,0.0027686886483765417
92,220,0.002407940330064016
95,168,0.002026253193551229
86,217,0.0022024322512687925
121,188,0.003683858004018754
121,114,0.0020093770931011385
222,117,0.006145057988575385
150,85,0.012257906349595489
26,162,0.0024062278839348905
39,258,0.002677767228997785
55,197,0.004462625511342506
51,181,0.004224345226489894
119,37,0.0033522434244455906
95,159,0.0025842069714856254
171,76,0.004130335016062414
248,242,0.02051227548092252
91,38,0.0028711775287117752
242,151,0.0031979533098816758
62,4,0.002526966885419024
62,205,0.0030172738930376404
153,51,0.005658852061438965
89,50,0.00228675966155957
260,121,0.0036405295315682282
128,24,0.007547169811320755
85,37,0.020956550086154706
39,189,0.004381800920178193
47,143,0.0024898848428260194
32,205,0.002047681731753693
228,235,0.002489748096074985
46,232,0.009122006841505131
225,195,0.004739923241541536
197,160,0.004342185390134767
202,95,0.007739716210405618
126,10,0.002044989775051125
153,202,0.00444624090541633
145,66,0.002738479653185378
10,78,0.0022317134172149754
129,197,0.0074582730976475225
78,181,0.0020164542668172285
40,66,0.010316911837298845
219,161,0.007599463567277604
153,232,0.003637833468067906
219,129,0.0026076590672030994
226,255,0.00736105999263894
167,47,0.012796414112203586
255,83,0.002092732510735446
191,218,0.012370496366166692
218,9,0.002831445702864757
76,68,0.0020725719023021493
80,228,0.007028141192636912
257,238,0.009926470588235294
182,186,0.005050864338052216
208,244,0.019753086419753086
86,87,0.012065498419994254
124,209,0.009385201305767138
119,45,0.0020629190304280558
123,62,0.005951724898049157
248,230,0.012647465192900414
194,48,0.00945179584120983
42,13,0.002036000473198887
37,186,0.007513731992952638
85,211,0.0023750756764308665
196,144,0.0038115265821121115
17,40,0.0032910291085850468
259,244,0.02785580524344569
22,100,0.002413515687851971
121,100,0.0035722259432909133
192,231,0.002175095160413268
29,107,0.004052543320290665
203,75,0.01789633631605605
208,141,0.005185185185185185
14,45,0.004446554999136591
159,49,0.0023503689532659196
152,164,0.008322500635020246
126,140,0.00893337638574965
14,13,0.0033672940770160596
94,258,0.0021645021645021645
71,52,0.0032583451766092413
218,122,0.00916055962691539
218,134,0.003997335109926716
252,162,0.003088803088803089
185,33,0.007330677290836653
62,217,0.004148751602926755
136,33,0.005492297387809779
78,161,0.011211485723503792
108,161,0.007237635705669481
183,233,0.00349428208386277
258,140,0.006656298600311042
227,130,0.0026277065377338657
86,256,0.0045006224265057935
131,192,0.006587762393925859
222,140,0.01090531417690843
235,163,0.004412811387900356
259,170,0.0043305243445692886
29,87,0.0029346003353828954
92,107,0.0034650848652140716
95,137,0.0073708630663964995
62,261,0.002300671343441201
7,192,0.002302820955670697
243,137,0.009084611578426521
51,161,0.004289335153051277
3,143,0.004474708171206225
240,137,0.003883495145631068
17,148,0.014942028711391879
17,232,0.007716895840820109
71,55,0.011404208118132345
258,56,0.00926905132192846
106,37,0.023119546525699
195,13,0.0051616536061189055
167,174,0.011784268363215732
193,82,0.007452915701480512
185,232,0.00844621513944223
62,233,0.0027155465037338763
19,130,0.04475421863536317
135,93,0.00998535481294102
81,116,0.010508308895405669
196,17,0.0028257869488072553
12,4,0.006690063610440886
136,235,0.016476892163429336
126,255,0.002583144979011947
159,263,0.0074883848045914185
222,227,0.0031158040505452657
159,141,0.004427439191035802
174,167,0.011503238775966049
183,35,0.005717916137229987
63,36,0.025108919972483375
18,143,0.004979035639412998
92,69,0.002466670582016797
173,213,0.003996003996003996
78,65,0.005726730117760929
247,50,0.005719025582816729
177,106,0.003976622281135145
178,49,0.0027002700270027003
56,76,0.007656864073722727
195,62,0.004504715874431045
173,140,0.003663003663003663
18,237,0.004804332634521314
195,210,0.0024869785556754726
67,11,0.017538108506802163
180,140,0.004671026291205125
213,239,0.003320130475302889
244,213,0.0025921862835303275
135,162,0.00346158966848622
54,231,0.0230066736916052
135,75,0.013713220609772333
78,143,0.005565413776415551
98,137,0.006267627702914447
76,28,0.003332057904470378
195,244,0.0030500680399793536
61,233,0.0025910386921217245
25,21,0.0020679850071086987
222,21,0.00441405573827246
149,39,0.017294445258683865
136,65,0.0020093770931011385
244,88,0.002503715761908132
40,140,0.018609931878763947
168,119,0.010913940449621686
131,17,0.0024564537740062527
106,33,0.016113623336093244
220,75,0.02862476664592408
124,137,0.002856365614798694
150,83,0.008335376317724933
101,76,0.015065913370998116
256,107,0.01335461812463516
51,92,0.0022746474296484044
248,152,0.005420342225528749
52,95,0.002792303396456313
14,222,0.004187532377827664
257,261,0.006495098039215687
77,97,0.01287920405298175
218,63,0.005496335776149234
195,49,0.009478672985781991
3,237,0.005447470817120622
152,88,0.002076889745543652
22,137,0.004827031375703942
139,265,0.002508230130114438
259,168,0.01673689138576779
235,237,0.004128113879003558
247,233,0.004016414913123199
136,186,0.006162089752176825
257,145,0.0030637254901960784
240,143,0.011650485436893204
127,234,0.012580893333936733
39,38,0.0031159473210156043
38,164,0.0039603960396039604
55,219,0.0029750836742283376
82,234,0.0025936904509845436
191,170,0.004020411319004175
98,162,0.0025070510811657787
241,17,0.0021604938271604936
175,191,0.01815541031227306
112,88,0.003263785198007373
69,167,0.012439290316185946
175,38,0.00980392156862745
175,132,0.0036310820624546117
133,75,0.008131952435749904
167,235,0.012651821862348178
83,35,0.005285920230658337
220,174,0.01918689068657955
174,259,0.013066785794058521
146,211,0.002911350358545497
53,126,0.008787346221441126
174,152,0.007147643511279875
63,222,0.005044714515019491
98,173,0.008461297398934503
235,141,0.003487544483985765
260,238,0.002291242362525458
134,122,0.0029788098300724394
193,56,0.0034998489273844295
171,258,0.0032124827902707664
131,218,0.009602501116569897
220,259,0.005911636589919104
56,159,0.002236075348963274
123,108,0.019067563099305632
127,254,0.0031225958274878943
128,235,0.0026954177897574125
18,235,0.015024458420684835
242,60,0.010020253704295917
29,238,0.0072666294019005035
15,162,0.005445544554455445
47,89,0.002593630044610437
38,85,0.0049504950495049506
228,17,0.011496777973052139
11,215,0.0036515388628064684
213,119,0.007921714818266543
18,17,0.004891684136967156
135,76,0.00865397417121555
49,190,0.0024257776442049676
165,177,0.006191458961739959
195,157,0.0024400544319834825
250,37,0.002806361085126286
71,228,0.008873791119276232
225,121,0.002086981128738438
73,205,0.0029484029484029483
52,257,0.004416916281667259
36,89,0.013410589246959584
55,50,0.004028759142184207
247,127,0.012223871474722781
117,39,0.017136594599980074
80,91,0.002061206378288626
26,232,0.006935598018400566
173,98,0.002553002553002553
222,180,0.004500605850787606
62,226,0.002602398732744965
189,256,0.015756598831352005
243,246,0.017417120237506186
92,218,0.0025254008339695776
175,28,0.00944081336238199
247,94,0.005762682266655025
8,265,0.014792899408284023
209,7,0.0023934055818235073
259,218,0.004447565543071161
241,243,0.023662551440329218
49,226,0.004443681171242728
207,256,0.005692108667529107
189,244,0.004755188394116462
208,265,0.005679012345679012
194,159,0.0030245746691871457
255,246,0.007446866336902756
106,229,0.004139863702948857
154,165,0.022675736961451247
80,63,0.0028627866365119807
101,218,0.013451708366962604
258,180,0.01984447900466563
202,145,0.036548659882470975
256,198,0.0146769754946927
94,81,0.005952380952380952
36,68,0.007002170263297981
69,88,0.005798394290811775
126,53,0.0033365622645570984
78,237,0.002984352314889498
182,49,0.004054919257309526
213,18,0.009494408201304753
183,244,0.028589580686149935
139,202,0.005016460260228876
218,89,0.009660226515656229
174,231,0.007706053160598615
28,45,0.002894538132393657
32,225,0.006289308176100629
227,225,0.009039310489804499
31,185,0.018615040953090096
117,231,0.009166085483710272
177,195,0.004368259323974212
167,97,0.0025303643724696357
26,137,0.0070063694267515925
139,82,0.004546167110832419
91,257,0.002040957520409575
89,236,0.0021343090174555986
77,193,0.0029909052066166147
225,88,0.003961726888452627
97,26,0.002788303424608565
38,68,0.002376237623762376
213,186,0.0042520969245107175
136,185,0.006697923643670462
71,123,0.00523415023051059
257,161,0.006127450980392157
22,49,0.00251407884151247
216,160,0.0033866040993403867
117,180,0.00787087775231643
29,237,0.005449972051425377
3,152,0.0048638132295719845
248,145,0.0030821553831437984
21,92,0.003323699421965318
181,141,0.004490660381865376
17,88,0.0030073197026725426
55,86,0.007499690095450601
227,140,0.004624763506411604
135,82,0.018106776727466384
133,161,0.007057920981971615
17,237,0.00400975960356339
36,226,0.008967691740714958
7,232,0.004698497595037792
56,210,0.0023715950670822605
101,161,0.0026903416733925207
181,125,0.002595665398028568
28,137,0.009375786559275108
3,233,0.003501945525291829
106,61,0.031017132666709128
106,35,0.006050570027386791
218,189,0.0021652231845436377
9,28,0.009013068949977467
95,131,0.009485214224884738
250,126,0.016734227211308596
17,246,0.0064118325736225905
150,137,0.003922530031870556
196,263,0.00203719524216337
260,92,0.01135437881873727
63,39,0.012841091492776886
92,19,0.002407940330064016
71,195,0.003639640888765642
134,140,0.00616072033037709
92,9,0.011687320138603395
85,25,0.012806780608205653
14,256,0.004446554999136591
202,142,0.010319621613874157
53,41,0.0026362038664323375
18,240,0.002882599580712788
167,126,0.015182186234817813
21,244,0.004046242774566474
165,77,0.004286394665819971
219,196,0.0029801817910892563
157,14,0.0038603414257527666
219,246,0.002235136343316942
212,49,0.0037068719703450244
81,237,0.004887585532746823
168,50,0.005906047574982309
98,101,0.008774678784080225
185,229,0.0020717131474103584
80,209,0.003406716097449257
129,151,0.0020534892889998687
121,191,0.014177271712435812
18,69,0.025593990216631727
220,141,0.008400746733042938
189,140,0.011283497884344146
133,227,0.011660912926735711
20,244,0.021669853409815167
179,97,0.002906326849988822
92,132,0.005755564691372526
177,123,0.0034644815328071336
149,108,0.013337241682544335
247,182,0.006723129311097529
98,9,0.023816985271074897
202,231,0.01977927475992547
179,229,0.012494721414909208
56,116,0.002236075348963274
215,92,0.008439656456337189
108,231,0.004997415130105118
175,48,0.0039941902687000725
11,140,0.01904016692749087
135,130,0.042204766342697375
155,195,0.0030718336483931945
171,16,0.030059660394676457
17,249,0.005371564751943409
85,234,0.003585898570297583
135,92,0.029290374117960326
181,132,0.004554357692246445
182,238,0.0069716155651988335
67,13,0.004261596459596787
21,236,0.002167630057803468
51,129,0.0025995970624553195
212,74,0.0332667997338656
228,61,0.024934094903339192
22,201,0.0023129525341914724
133,97,0.011584196394322977
7,246,0.0039463665570969595
167,229,0.0026026604973973396
127,136,0.002760555731547269
112,100,0.005166558754740417
28,138,0.0022023659702995217
77,74,0.0022584386254043826
61,148,0.00859704469812773
250,226,0.00426151127741399
86,80,0.0024897060231734176
133,49,0.008438818565400843
29,102,0.0057294577976523195
106,231,0.012101140054773581
52,262,0.004619992892318627
25,114,0.006187798888458058
193,41,0.004078960620404875
257,35,0.0058823529411764705
14,158,0.00237437402866517
227,29,0.006832036998108052
81,51,0.04142228739002932
80,7,0.016933382954968365
55,95,0.003284988223627123
131,95,0.03695846359982135
222,198,0.004846806300848191
112,161,0.007677162753207627
33,236,0.00861161197259286
188,87,0.004243589278589823
217,93,0.002067610875633206
225,74,0.006561610158999664
40,55,0.002616250370224109
259,252,0.0025749063670411983
36,232,0.008353466279022153
71,36,0.004956844258033207
20,47,0.009878903760356916
212,130,0.0049424959604600326
95,42,0.003288990690981705
76,159,0.0022320005101715452
52,190,0.0020307661065136822
40,112,0.013673610425510909
219,223,0.002011622708985248
93,112,0.009010911650827173
86,48,0.006128507133965335
216,198,0.004692549470981451
112,113,0.0072014693640243665
129,171,0.005996188723879616
220,107,0.003422526446795271
46,37,0.0068415051311288486
195,74,0.0037070057716672143
129,134,0.004156262320935734
34,157,0.00476896990250106
255,211,0.007338152959721694
127,13,0.003258360863465629
190,190,0.02195274932051014
168,182,0.006749768657122639
37,4,0.00703440771064359
218,71,0.006412391738840773
255,233,0.007329093511623272
121,64,0.0021210091538289796
243,24,0.009500247402276101
180,258,0.03977045242226078
112,48,0.009593150015195761
37,161,0.004015960203129858
36,158,0.0030506531264076
36,112,0.02246017771590025
197,77,0.004633429532156001
127,152,0.016246549305335565
36,256,0.020167069325580444
80,238,0.005181643812086685
157,196,0.007077292613880072
4,138,0.0028388399181037698
256,40,0.003371415637173729
133,189,0.004602991944764097
37,151,0.0024225308322105917
202,13,0.0032965457933209117
255,41,0.004638437426391984
250,107,0.005612722170252572
226,186,0.00586840060524271
40,236,0.005429953598578339
220,164,0.008504459655673096
205,101,0.0065060664673817475
213,65,0.003145386766076421
20,220,0.00940089228808158
7,151,0.0032870912028525267
97,41,0.004303996568241939
225,87,0.00857784616473002
78,170,0.0026617196321987416
160,237,0.0062063615205585725
149,76,0.012750989300894034
20,238,0.005576800509878904
101,160,0.0026903416733925207
222,139,0.0025099532629392417
38,75,0.004356435643564357
254,130,0.0022280471821756226
195,35,0.0051616536061189055
128,161,0.008086253369272238
47,170,0.0041498080713766984
188,38,0.0032642994450690944
198,196,0.005261575466025256
95,88,0.0028485008662966554
227,159,0.0022072734916964475
202,233,0.01461946395298839
219,222,0.002533154522425868
117,78,0.003287835010461293
225,256,0.013140906598751348
235,85,0.002704626334519573
247,151,0.006286562472714572
37,157,0.006049849725360141
69,237,0.008028545941123996
225,138,0.004421570188005164
94,49,0.002344877344877345
147,209,0.002779708130646282
167,127,0.008820127241179873
223,246,0.0036464119875794093
198,244,0.002254960914010824
228,190,0.0023799062683069715
257,75,0.006372549019607843
200,3,0.0028188865398167725
49,230,0.005495567052358157
81,130,0.003787878787878788
47,238,0.003319846457101359
102,14,0.0024297119055883376
47,7,0.002593630044610437
15,243,0.0024752475247524753
136,51,0.009511051574012056
95,239,0.002026253193551229
209,166,0.0021172433993054103
179,130,0.007203716123903917
47,243,0.01359062143375869
86,123,0.0068945705257110025
86,230,0.006415780905869961
225,82,0.0024937655860349127
248,168,0.021681368902114997
128,230,0.00862533692722372
128,200,0.005390835579514825
6,214,0.04939271255060729
177,79,0.005693800084352594
127,174,0.002760555731547269
56,77,0.0020327957717847945
15,35,0.006435643564356435
255,230,0.007483104129296443
32,233,0.0045341524060260345
173,177,0.002664002664002664
177,166,0.0025908296680122915
189,246,0.0076969574853919
122,49,0.004320774282751469
256,195,0.002561322833895236
78,55,0.002258428778835296
63,7,0.0041274936941068565
258,244,0.0026127527216174185
220,247,0.01120099564405725
195,191,0.0021115855661395524
71,37,0.012548095254601545
193,166,0.0020898378487259543
98,196,0.007521153243497336
69,208,0.005897512141936762
259,235,0.01100187265917603
81,71,0.002688172043010753
19,37,0.004952311078503301
136,240,0.0020093770931011385
252,262,0.005662805662805663
119,239,0.007478081485301702
159,250,0.006012571740912818
67,150,0.0027864284543517455
112,231,0.009276021089073588
78,94,0.00750120987256009
205,25,0.002520368090967704
53,164,0.005052724077328647
173,56,0.04351204351204351
129,116,0.003466289919831778
38,86,0.006930693069306931
122,28,0.014863463532665053
9,215,0.009013068949977467
117,216,0.008169771844176547
150,177,0.004658004412846286
32,117,0.002193944712593243
254,168,0.01998689384010485
160,76,0.009309542280837859
190,97,0.0204892326991428
200,127,0.018322762508809022
250,127,0.005300904271905207
85,216,0.005914404135425884
185,169,0.014183266932270917
235,250,0.005765124555160143
219,215,0.012814781701683802
159,55,0.0029516261273572013
182,65,0.0038415024542932347
106,256,0.015221960384688874
167,49,0.0027472527472527475
247,145,0.004583951803021042
181,90,0.004872844244151791
147,244,0.024322446143154968
55,117,0.007561671005330358
82,53,0.01053355917848825
223,61,0.005498105575022078
134,215,0.007582425022002573
216,131,0.004360529461242197
61,112,0.011263971552780217
33,151,0.002120447169130905
146,160,0.0027745755094863126
179,173,0.0045209528777603895
25,263,0.005476929042264444
80,246,0.005725573273023961
256,263,0.00926841471986276
97,141,0.005176235075427182
255,125,0.004212643365766157
36,62,0.0069612218991851275
94,169,0.0193001443001443
36,50,0.003582981859874698
112,164,0.010412399741011377
157,50,0.006991507248863344
37,34,0.0024743496735413
63,164,0.004643430405870213
225,157,0.0033957659043879662
80,261,0.0035498554292748563
157,113,0.004246375568328044
202,50,0.004013186183173284
189,142,0.004029820672980053
258,219,0.0051632970451010885
60,166,0.010243277848911651
179,88,0.005415207293141566
131,47,0.0029030817329164806
198,116,0.0025932050511124475
220,215,0.0022816842978635138
179,238,0.004222868072633331
191,258,0.004870882944178135
241,225,0.0024691358024691358
117,215,0.004981568197668626
129,102,0.003302010776711789
254,230,0.0067496723460026215
133,61,0.017644802454929037
47,48,0.005498495694574126
212,159,0.018724455850204352
80,244,0.0048953651484354875
52,138,0.006752297304157994
21,79,0.0039017341040462426
126,238,0.004197610590894414
35,148,0.0023881640260950605
64,246,0.0023596035865974517
77,189,0.0028077885613135567
259,225,0.0031601123595505617
61,145,0.004499083921466593
258,177,0.01219284603421462
179,61,0.004769356882032939
80,39,0.0032206349660759783
60,71,0.0028169014084507044
242,81,0.011725828802899478
150,117,0.008825692571708753
205,216,0.01781841627102749
56,113,0.002981433798617699
89,45,0.0038303224331122797
133,149,0.008438818565400843
117,181,0.010959450034870977
218,216,0.02614923384410393
248,246,0.004144967584227867
147,232,0.006671299513551077
117,150,0.004084885922088274
56,256,0.005556308442878439
213,130,0.0037861136999068033
182,169,0.010172867610443196
203,71,0.010130001688333615
73,171,0.04226044226044226
78,246,0.003952250362961768
225,246,0.006402433632231478
20,236,0.0041427660930529
215,196,0.0051630839497592215
10,196,0.004117126476586248
241,74,0.02417695473251029
210,148,0.002111375032990235
243,79,0.01037110341415141
259,232,0.0024578651685393258
72,186,0.0021082220660576245
198,211,0.0024804570054119063
260,258,0.005855397148676171
119,51,0.007907856283307547
35,255,0.002096924510717614
252,50,0.003861003861003861
117,247,0.0038856231941815284
69,81,0.006194865695311726
49,246,0.00890882940128373
136,231,0.005224380442062961
146,181,0.002325172434006135
248,76,0.00403868636411946
130,17,0.0034760679537205854
81,69,0.014540566959921798
81,242,0.025537634408602152
81,225,0.0030547409579667643
203,56,0.002363667060611177
177,218,0.003886244502018437
241,94,0.007304526748971194
190,112,0.016516830441145724
97,129,0.003674840923714878
51,250,0.011178267368557874
26,149,0.012314225053078557
15,241,0.004455445544554455
36,63,0.008005405184062897
207,198,0.00258732212160414
122,78,0.005012098167991704
85,232,0.0063335351371489775
129,215,0.003170587462215797
260,68,0.0053207739307535645
181,138,0.004713600968199118
254,159,0.010943643512450852
198,129,0.010898977751052315
53,116,0.0021968365553602814
81,20,0.010386119257086998
198,124,0.0028938665063138907
47,18,0.01556178026766262
259,47,0.009480337078651686
252,42,0.003861003861003861
166,87,0.002454279154461246
255,234,0.008579297349205487
134,124,0.004332814298287184
190,40,0.010453690152623877
168,47,0.00963475042186054
159,18,0.012626400655916917
217,255,0.01788483407422723
198,68,0.005411906193625977
175,15,0.008351488743645606
223,125,0.002592371022419736
167,168,0.030147484094852517
83,80,0.004187547195716345
139,203,0.020849662956576268
223,100,0.006210295416346181
95,83,0.005579537779343964
168,147,0.006586467802514833
256,95,0.004467423547491691
191,117,0.0029379928869645894
217,13,0.002067610875633206
177,237,0.003283725974573718
256,88,0.004395944770731824
34,48,0.015366680796947859
145,56,0.004130019802686743
225,244,0.003661060115668276
106,228,0.025603464747468316
14,141,0.004835088931099983
77,100,0.0026246719160104987
61,257,0.002829544345789833
51,141,0.004224345226489894
188,138,0.003862754343331762
165,205,0.002857596443879981
72,226,0.0026887469827981303
193,197,0.0020898378487259543
139,218,0.016460260228876
40,7,0.005824859314838582
63,232,0.003152946571887182
7,80,0.007725592883540401
202,112,0.010892933925756056
208,112,0.005679012345679012
119,141,0.005673027333677153
198,49,0.01236470234515935
18,88,0.0053284416491963665
169,249,0.002096279104589354
165,170,0.011668518812509921
228,237,0.0030755711775043936
52,148,0.011626135959790831
254,236,0.004390563564875491
135,164,0.0027958993476234857
29,141,0.004332029066517608
225,125,0.0031304716931076565
133,36,0.005293440736478711
3,137,0.007587548638132296
198,140,0.005825315694527961
56,197,0.012806613362244207
202,244,0.007023075820553246
119,130,0.004555612858861956
139,91,0.014735852014422323
147,36,0.002779708130646282
259,41,0.018375468164794007
85,170,0.005867834024123318
72,257,0.0020165602370985974
159,231,0.0038261820169445205
182,69,0.01636195489791563
18,246,0.004280223619846262
220,68,0.010060153495125493
77,26,0.004211682841970335
213,126,0.02615330848089469
47,237,0.003112356053532524
25,87,0.007609538580845289
97,116,0.0024737256023450345
241,236,0.004320987654320987
177,162,0.004488763029463156
10,198,0.002462580322444111
193,173,0.0023668043106052977
242,71,0.0037309455281952886
126,61,0.006780755569906361
123,228,0.010360410007715199
52,227,0.0031476874650962073
159,48,0.006504509428805685
222,100,0.003981305175696728
202,92,0.006019779274759925
133,67,0.004296125815113157
91,63,0.004116507541165076
201,161,0.002184769038701623
108,236,0.0025848698948819577
67,234,0.005572856908703491
93,53,0.010770855332629356
139,141,0.0026649945132465906
28,216,0.024351875157311857
35,85,0.013397017707362536
218,228,0.0029147235176548965
135,95,0.06869924111303422
71,112,0.0025650802454157857
12,140,0.0047159464794911165
180,219,0.008007473642065928
254,182,0.007011795543905635
95,186,0.0034064546442310515
86,142,0.0032557694149190847
179,116,0.00544004769356882
33,37,0.010746483952398125
47,17,0.002178649237472767
242,186,0.002025370429591728
63,82,0.013127722999312084
55,234,0.0028511218544688237
10,131,0.003616914848589788
228,164,0.0048330404217926184
227,48,0.0045196552449022495
165,244,0.0026988410858866485
242,152,0.005649717514124294
154,22,0.013605442176870748
155,42,0.002835538752362949
124,149,0.002584330794341676
220,167,0.006948765816220701
200,237,0.0153276955602537
20,237,0.00207138304652645
69,243,0.012736643869560908
235,79,0.002918149466192171
133,90,0.005063291139240506
33,74,0.0024666426253155426
33,165,0.002005048683736026
179,65,0.003924783267506273
33,85,0.00289938694554634
81,3,0.018206256109481917
54,181,0.02247980330172111
83,261,0.0021967460698839843
220,151,0.013482679941920763
119,166,0.01280728898057418
213,7,0.003087138863000932
216,55,0.004117048120766745
189,132,0.012774531533346766
3,200,0.006809338521400778
29,71,0.008244829513694802
247,43,0.002924997817165808
102,198,0.0893208376721046
150,22,0.03236087276293209
121,73,0.00647465952221478
85,197,0.0023285055651283007
210,242,0.003255036509193279
228,67,0.011716461628588167
242,243,0.016309561880396548
63,10,0.007968355881678515
38,97,0.007722772277227723
77,22,0.003357138497222731
248,65,0.0023381868423849508
259,77,0.0035112359550561797
202,240,0.004299842339114232
124,39,0.011969532100108813
197,19,0.0035214064444385605
71,197,0.0030503656972512045
171,162,0.004589261128958238
167,32,0.006000578368999422
191,39,0.008582031854028144
101,175,0.011568469195587839
16,218,0.0034991252186953262
136,48,0.008439383791024782
108,100,0.003101843873858349
255,82,0.003089271801561849
223,224,0.002364470273196023
131,139,0.008709245198749441
16,28,0.0094976255936016
32,239,0.003949100482667837
254,161,0.007404980340760157
154,231,0.01020408163265306
258,102,0.016858475894245724
131,122,0.01652523447967843
123,197,0.004739336492890996
157,173,0.005447370678562238
119,107,0.010400550111741447
112,68,0.010914520540704818
38,53,0.004752475247524752
203,242,0.004220834036805673
130,193,0.0030841583314873823
248,130,0.008927622489106175
56,158,0.002236075348963274
169,127,0.014449352399490904
124,265,0.004352557127312296
54,256,0.012118018967334035
54,80,0.008078679311556024
146,157,0.002911350358545497
207,233,0.00646830530401035
122,205,0.04044244728655375
177,129,0.0037657407965294935
154,261,0.012471655328798186
180,129,0.007073268383824903
61,157,0.0024067388688327317
56,145,0.016601165469575824
241,168,0.01934156378600823
183,48,0.01747141041931385
147,146,0.002640722724113968
47,107,0.004564788878514369
38,215,0.01405940594059406
60,161,0.006145966709346991
14,33,0.010404075289241928
259,78,0.010650749063670412
95,238,0.003935042433853111
85,52,0.0031667675685744887
63,17,0.014904838339830313
200,42,0.03294573643410853
168,141,0.005824397147678406
122,100,0.005703422053231939
92,192,0.015622247019439713
157,130,0.0061336535986960625
149,236,0.002638135717426352
169,140,0.0069626413116717824
8,48,0.005917159763313609
32,25,0.002047681731753693
66,71,0.0027007669581306515
85,22,0.0038653192381129793
235,185,0.006334519572953737
102,107,0.004975124378109453
126,174,0.012700462813475406
213,226,0.0023881640260950605
258,236,0.0025505443234836705
33,232,0.007053732419761991
241,78,0.009362139917695474
196,179,0.006308733653151081
78,250,0.0066139699951605095
128,162,0.009164420485175202
195,26,0.0030031439162873635
117,170,0.003686360466274783
168,229,0.003510968374067824
168,164,0.005525012247564095
89,41,0.0033539141702873696
122,258,0.006221914967162115
225,231,0.009727454413611362
85,36,0.010105714152656825
182,185,0.01067084015081454
133,163,0.0037591100882240123
81,215,0.003787878787878788
207,146,0.01034928848641656
36,160,0.003419188403423283
55,37,0.006322052807735217
147,107,0.005003474635163308
97,155,0.002101951812397226
86,79,0.002393948099205209
168,259,0.005742746720374503
15,170,0.009405940594059406
175,17,0.002541757443718228
92,89,0.002995242849591825
169,142,0.003668488433031369
171,82,0.02547039926571822
14,149,0.004964600241754447
126,143,0.0024755139382197826
165,135,0.0024607080488966504
259,37,0.0028089887640449437
222,228,0.00441405573827246
92,191,0.005461913431608622
192,140,0.008428493746601413
134,196,0.009410331054092478
95,16,0.004639826153349191
56,95,0.03028865699959344
117,123,0.006077513201155724
98,170,0.00407395800689439
243,43,0.006175160811479466
54,45,0.006322444678609062
21,137,0.006647398843930636
18,107,0.0033193570929419985
205,192,0.0029306605708926793
108,178,0.006376012407375496
62,79,0.00973070830504639
62,123,0.0036961605189711096
241,137,0.006172839506172839
196,140,0.01380035486626799
147,222,0.002501737317581654
205,222,0.004220151222085458
82,112,0.0050285835274190135
260,171,0.0048625254582484725
218,88,0.0030812791472351764
130,122,0.014500656022628521
228,133,0.007688927943760984
129,127,0.0021356288605598635
159,179,0.0024596884394643345
124,177,0.008297062023939063
198,229,0.0021046301864101023
203,107,0.0040520006753334455
31,246,0.004467609828741623
194,225,0.003780718336483932
98,218,0.011281729865246004
139,230,0.005329989026493181
225,52,0.0022461576555066233
21,35,0.01069364161849711
119,238,0.010314595152140279
208,263,0.005061728395061729
174,177,0.005472414563323654
178,108,0.011401140114011402
15,230,0.005940594059405941
223,16,0.002592371022419736
242,263,0.006502505063426074
213,216,0.002096924510717614
179,244,0.006458504111086271
175,175,0.0457516339869281
108,121,0.008960882302257453
242,226,0.0029847564225562308
131,49,0.003907994640464493
121,39,0.007256083947309667
83,142,0.002265394384567859
40,234,0.011995261131404877
77,79,0.0020142830983336385
77,255,0.0031129829701519868
203,230,0.008104001350666891
185,216,0.002390438247011952
226,135,0.002402568192041876
36,258,0.005139019696163138
145,211,0.0029436426239451948
64,17,0.004719207173194903
29,232,0.005589714924538848
131,35,0.005582849486377847
96,196,0.020313942751615882
95,252,0.0036120165624174082
225,243,0.002228471374754603
243,232,0.00615536862939139
165,232,0.0037307509128433084
67,219,0.0049172266841501396
61,246,0.004368989928556715
33,41,0.0023512441399206633
203,169,0.005233834205639034
223,112,0.007435261943423639
181,236,0.00441103874388904
6,264,0.0024291497975708503
82,9,0.0024348930764344695
129,42,0.004336969378367722
250,233,0.0064442365658455465
248,90,0.004251248804336274
35,10,0.0048636999068033555
241,25,0.0023662551440329217
218,49,0.004080612924716855
78,25,0.0031456686562348767
254,45,0.0020314547837483616
14,79,0.0060870316007598
227,100,0.0033634643682993485
242,188,0.003091354866218953
69,79,0.00351868371493706
167,177,0.00578368999421631
101,157,0.005649717514124294
8,209,0.0029585798816568047
188,244,0.0029922744913133364
131,16,0.012952210808396605
220,170,0.009334163036714374
95,205,0.00622558952221537
35,186,0.0028250232991612304
169,186,0.006588305757280827
213,185,0.010426374650512582
54,140,0.013523006673691605
135,244,0.006656903208627347
53,223,0.012082601054481546
81,142,0.004154447702834799
252,170,0.004118404118404118
171,198,0.004589261128958238
133,40,0.005983889528193326
210,33,0.0022873229524060876
122,233,0.002938126512270999
21,114,0.0023121387283236996
60,142,0.00409731113956466
20,45,0.002708731676226896
259,79,0.003043071161048689
36,72,0.002559272757053356
254,32,0.010484927916120577
153,254,0.01131770412287793
174,89,0.002233638597274961
131,239,0.003796337650736936
69,239,0.005501040737436813
60,263,0.0023047375160051217
92,74,0.005226992423797498
257,48,0.007352941176470588
198,14,0.0036455201443174987
136,182,0.006430006697923644
81,263,0.0021994134897360706
259,50,0.004096441947565543
217,97,0.013439470691615838
259,242,0.019662921348314606
86,130,0.020970985349037633
18,166,0.010394828791055206
47,230,0.005809731299927378
11,75,0.0036515388628064684
16,98,0.014496375906023495
159,254,0.010767969390543865
247,138,0.0020955208242381907
122,131,0.04061527825786381
225,159,0.002051608567234396
71,189,0.005823425422025027
165,233,0.003333862517859978
193,232,0.003525027696646188
78,24,0.002177770608162607
197,72,0.0034154994837035666
136,263,0.004956463496316142
11,76,0.006259780907668232
160,144,0.002230411171450737
198,35,0.004697835237522549
210,225,0.004926541743643881
220,239,0.013586392864550923
112,160,0.003012724798160652
198,230,0.003307276007215875
174,17,0.002680366316729953
86,55,0.010150339940630087
86,107,0.0030642535669826677
119,140,0.011174144748151968
102,177,0.007289135716765012
14,36,0.0038853393196339146
225,116,0.0029712951663394705
169,213,0.014524219510369096
227,75,0.0040992221988648304
174,230,0.005584096493187403
252,15,0.014671814671814672
29,85,0.0037730575740637226
223,114,0.002791784177990485
46,42,0.04789053591790194
216,77,0.005002434813404754
183,86,0.01207115628970775
56,112,0.006098387315354384
241,173,0.0022633744855967077
208,234,0.005679012345679012
256,217,0.004300639735052001
67,178,0.0032781511227667594
60,167,0.020870678617157492
147,119,0.010701876302988186
260,144,0.0026731160896130346
133,170,0.008438818565400843
22,155,0.011363636363636364
145,13,0.0021051504825789877
242,191,0.006502505063426074
106,39,0.006114260238201388
193,225,0.003122167388458052
178,197,0.008100810081008101
188,22,0.003282434441986145
20,152,0.004620777565328234
169,76,0.004492026652691473
133,237,0.00698120444955888
198,181,0.014807576668671076
116,114,0.0035518750367942854
235,152,0.012313167259786477
46,142,0.009122006841505131
95,41,0.002084985170175902
179,202,0.0032044116551158803
7,69,0.002256393113822497
92,79,0.004580959652316909
201,129,0.0028089887640449437
171,260,0.015374024782010096
203,42,0.0028701671450278576
130,83,0.0028626441971816587
259,35,0.003979400749063671
17,113,0.004236727128293393
145,188,0.003362888694628298
126,119,0.012269938650306749
194,43,0.004914933837429111
192,75,0.0076128330614464385
117,133,0.0021918900069741957
260,56,0.011328920570264765
133,188,0.01626390487149981
220,208,0.0031113876789047915
226,125,0.002535476219686746
256,143,0.0034071550255536627
51,184,0.0034444661077532982
145,173,0.0036126523112054664
174,168,0.018650882287245922
192,260,0.015225666122892877
196,70,0.004468686337648683
71,162,0.0037782938750043327
124,97,0.003264417845484222
258,28,0.008522550544323484
21,161,0.006791907514450867
260,65,0.0023930753564154784
92,260,0.01010160333587831
180,162,0.005338315761377286
51,33,0.0022746474296484044
250,166,0.009874233447666563
241,232,0.00360082304526749
179,232,0.0045209528777603895
94,107,0.005230880230880231
123,163,0.005180205003857599
54,100,0.0043905865823674044
198,197,0.006313890559230307
171,129,0.027535566773749427
146,65,0.0030676644717559935
242,47,0.009380663042319583
54,107,0.01510361784334387
258,205,0.005225505443234837
180,222,0.0064059789136527425
134,145,0.0053483176494482434
123,233,0.0031962967045078804
17,112,0.015585103364793554
51,226,0.0024046272827711705
81,212,0.0074535679374389055
10,19,0.0031936588556697064
258,25,0.002488335925349922
46,140,0.012542759407069556
131,223,0.007704332291201429
159,90,0.002186389723968297
85,233,0.002607926232943697
241,119,0.013065843621399178
242,213,0.02782219379597058
182,177,0.0024187237675179626
26,33,0.003963198867657466
106,71,0.006241640659830584
190,66,0.014426092410620948
37,166,0.0037439112861436417
152,125,0.0033021052788859504
82,228,0.0022760957018843953
39,149,0.004941697704423185
131,216,0.017306833407771328
54,227,0.005093080435546189
20,250,0.007170172084130019
201,155,0.02965043695380774
213,51,0.017183131407269337
55,216,0.008057518284368414
177,255,0.008947400132554077
213,142,0.005999534016775396
83,137,0.0073453696711745725
26,86,0.0024769992922859165
61,238,0.002439262367060201
222,135,0.0031158040505452657
247,82,0.0030559678686806952
67,140,0.009014915587608589
169,166,0.01048139552294677
194,237,0.019281663516068054
242,216,0.004263937746508901
225,55,0.0033250207813798837
258,89,0.005349922239502333
228,85,0.006151142355008787
218,98,0.0033311125916055963
131,215,0.017753461366681555
55,236,0.0029750836742283376
63,117,0.0030956202705801424
220,179,0.0020742584526031943
194,7,0.01625708884688091
228,75,0.005382249560632689
86,10,0.011299435028248588
40,39,0.002468160726626518
121,244,0.004018754186202277
192,186,0.002990755845568244
95,232,0.002965964819546002
131,233,0.004354622599374721
101,243,0.002421307506053269
165,36,0.0031751071598666455
121,15,0.004911810672025006
72,69,0.0022304378380029943
203,77,0.005740334290055715
77,95,0.004944149423182567
37,82,0.004456420354440875
203,246,0.0028701671450278576
62,74,0.004827638228860225
182,7,0.003414668848260653
78,141,0.00379093402161639
60,243,0.010627400768245839
62,87,0.00373387644263408
77,38,0.0024415552707074406
242,174,0.020893294957893615
61,7,0.0044557192571633005
235,205,0.002277580071174377
226,65,0.002617265775160512
40,114,0.0065653075328265375
201,89,0.02028714107365793
167,4,0.003903990746096009
169,124,0.0030695515460058397
201,189,0.002184769038701623
189,75,0.006004432802740278
181,158,0.003662595346911477
29,177,0.0023756288429290107
29,80,0.003353828954723309
28,61,0.006795872136924239
167,17,0.0022411798727588203
56,144,0.0035912725301531375
3,75,0.0245136186770428
173,61,0.008547008547008548
185,152,0.0046215139442231075
139,77,0.005800282175889638
102,132,0.012495661228740022
188,234,0.0036632693772442057
124,222,0.010609357997823721
133,48,0.005983889528193326
168,243,0.01156714386805291
218,197,0.013657561625582945
34,161,0.006146672318779143
212,232,0.004182111966543104
177,112,0.006356570464541785
78,152,0.0066139699951605095
228,66,0.007908611599297012
168,130,0.002884981764737902
10,205,0.01854630805340721
215,98,0.0036737328104056
243,159,0.0023354774863928746
15,169,0.01287128712871287
250,3,0.006236357966947303
85,10,0.0029804871233642246
210,17,0.0025512448315298674
194,263,0.02608695652173913
193,231,0.003877530466310807
89,218,0.002420153975150545
64,132,0.005663048607833884
252,256,0.0023166023166023165
177,180,0.0021690666988009883
153,153,0.009296685529506871
223,66,0.0024784206478078797
52,236,0.005076915266284206
194,151,0.00945179584120983
25,67,0.0027788548533023137
157,42,0.0030882731406022134
207,112,0.004915912031047865
18,185,0.009958071278825996
46,46,0.03078677309007982
19,64,0.008987527512839325
61,198,0.007708069079910235
241,254,0.012242798353909465
255,129,0.005435668859053107
193,80,0.003751636620002014
117,259,0.002291521370927568
35,169,0.0028541472506989746
37,258,0.003381179396828687
11,65,0.008085550339071466
40,88,0.005923585743903643
63,89,0.01226782847970649
254,76,0.005242463958060288
194,249,0.004914933837429111
9,142,0.002253267237494367
85,65,0.009593442928328599
37,100,0.005998030884029433
202,161,0.0123262147054608
11,262,0.0028690662493479394
134,49,0.003926612957822761
119,50,0.005501117414474815
69,163,0.0063931013975617006
191,130,0.07337250657182619
160,107,0.005721489526764934
85,161,0.002887346900759093
77,7,0.0026857107977781847
117,124,0.009265716847663644
133,177,0.0037591100882240123
139,95,0.010189684903589905
197,55,0.0024093833567211207
180,168,0.002669157880688643
36,189,0.007616395724990787
208,48,0.008765432098765432
40,161,0.010070095764636192
177,28,0.0025305778152678194
136,179,0.0053583389149363695
9,82,0.01982875168995043
78,47,0.014921761574447492
9,134,0.009013068949977467
40,45,0.004245236449797611
66,143,0.0028201378734071443
241,47,0.008847736625514403
63,53,0.004643430405870213
11,149,0.01486697965571205
250,161,0.0044693898763122335
207,25,0.0038809831824062097
248,161,0.010202997130407057
106,54,0.003439271383988281
254,127,0.00891218872870249
179,69,0.002633082445289018
78,247,0.019357960961445396
189,26,0.00306266371146484
257,244,0.004411764705882353
174,162,0.002903730176457449
51,168,0.016052511860661596
93,7,0.011263639563533967
146,244,0.0036343031321440433
193,142,0.004683251082687078
92,93,0.006871439478475363
29,106,0.007546115148127445
155,164,0.0021266540642722116
182,234,0.005762253681439852
51,205,0.0024696172093325534
32,79,0.004241626444346936
258,82,0.03315707620528771
131,98,0.013510495757034391
242,137,0.004583733077497068
112,97,0.009038174394481957
155,10,0.0033868935097668557
83,233,0.002677284272671106
235,167,0.009822064056939502
201,141,0.002184769038701623
67,71,0.0031142435666284217
78,254,0.01516373608646556
38,71,0.007326732673267326
22,144,0.0023129525341914724
21,42,0.003179190751445087
55,79,0.0026651791248295527
182,61,0.003130113110905599
182,226,0.0022764458988404354
259,166,0.010650749063670412
121,219,0.005135074793480687
15,9,0.02128712871287129
15,196,0.006930693069306931
3,145,0.0033073929961089494
19,85,0.003668378576669112
196,89,0.0023657751199316554
69,127,0.010407374368123699
19,225,0.004218635363169479
46,76,0.0068415051311288486
139,71,0.02570935883367299
193,162,0.009391680934635915
34,68,0.01483679525222552
149,86,0.006888465484391031
175,92,0.03522149600580973
208,166,0.005555555555555556
215,38,0.006304919823263665
191,86,0.007035719808257307
89,229,0.0031252382041314125
173,244,0.003774003774003774
216,95,0.013147992385674443
78,76,0.0044361993869979025
28,101,0.007488044299018374
53,73,0.010325131810193322
51,81,0.019756937674660427
25,166,0.0021164534057128087
18,89,0.00253319357092942
250,130,0.01028999064546305
195,36,0.007085542677490498
117,95,0.002490784098834313
127,69,0.0020817305516585964
47,130,0.006120966905280631
160,39,0.004072924747866563
152,51,0.0021366563569262032
66,106,0.0028201378734071443
95,244,0.003876310457228438
122,256,0.0024196335983408227
89,211,0.0024010976446375487
255,188,0.009322172093276078
112,188,0.007333606416575272
252,197,0.0069498069498069494
21,49,0.004335260115606936
198,33,0.003983764281419122
49,106,0.00519502822918232
49,179,0.0028336517613721745
190,49,0.015680535228935814
95,36,0.007576424984582856
37,261,0.0029666286661830243
15,107,0.0034653465346534654
36,83,0.0023340567544326606
98,7,0.013162018176120338
131,130,0.0643144260830728
129,232,0.002628466289919832
126,239,0.003982348509310085
159,32,0.00573927302541678
130,56,0.008877604921021692
83,186,0.0027459325873549806
95,179,0.007429595043021173
129,225,0.0040905506636877385
235,259,0.004768683274021353
185,130,0.0020717131474103584
124,215,0.008025027203482046
242,127,0.006928898838076964
213,235,0.009377912395153775
195,177,0.004927032987658955
56,73,0.005895107738175904
179,198,0.005067441687159997
223,181,0.0036464119875794093
252,261,0.0023166023166023165
56,7,0.02269955278493021
49,239,0.0037352682308996843
51,213,0.021446675765256384
47,147,0.007469654528478058
92,56,0.013214306689375697
177,10,0.00475989636681328
258,228,0.0050388802488335925
221,6,0.09195402298850575
69,212,0.005501040737436813
106,239,0.004012483281319661
150,154,0.003432213777886737
49,236,0.004443681171242728
126,48,0.005166289958023894
69,126,0.009663990484686292
213,159,0.017649114631873252
260,70,0.009317718940936864
181,45,0.003184865519053458
197,91,0.0021446159548836347
180,83,0.004537568397170693
101,7,0.007263922518159807
213,80,0.0029706430568499534
195,112,0.009290976491014031
81,259,0.026881720430107527
240,182,0.004530744336569579
112,223,0.007320392711320181
22,148,0.002916331456154465
216,16,0.002124928062331223
175,198,0.01670297748729121
60,247,0.017157490396927016
112,257,0.002180261367089946
37,48,0.010001036376826615
197,122,0.0038391273266435437
197,260,0.003918557547194789
53,82,0.03031634446397188
248,75,0.025826336486342864
112,195,0.0024445354721917573
175,7,0.014887436456063908
83,171,0.006521589894968078
152,148,0.004781328910604091
181,4,0.005095784830485533
227,232,0.004940088290939668
255,45,0.004430070120128282
101,122,0.011030400860909336
146,171,0.002520565075519256
173,197,0.013098013098013098
7,61,0.005385629654391145
53,260,0.013181019332161687
260,67,0.002138492871690428
37,164,0.006917815317649498
102,124,0.011338655559412242
36,90,0.004627165144752467
157,192,0.0025306682679934805
171,112,0.002294630564479119
112,151,0.0034619907768337317
257,37,0.012377450980392156
189,143,0.002780576264356236
181,224,0.003280411484625062
192,197,0.011963023382272975
160,258,0.021625290923196275
36,130,0.005487080791122394
102,179,0.004049519842647229
36,243,0.0035420334957618443
189,198,0.008744710860366713
256,140,0.008160493680084821
26,40,0.0024062278839348905
53,145,0.014718804920913884
36,229,0.004094836411285369
168,80,0.0020412606825975723
37,143,0.0027982174318582236
37,211,0.0038993678101357653
92,98,0.006871439478475363
212,200,0.0036118239711054084
16,145,0.0034991252186953262
169,37,0.003893089765665943
198,66,0.004058929645219483
196,98,0.005257278044292568
126,41,0.02174147024001722
136,213,0.008707300736771601
37,7,0.01483314333091512
181,166,0.0022294058633374205
157,262,0.0026164536330102084
226,63,0.002085633664581033
106,198,0.011655308579071396
188,7,0.002974139494396286
78,248,0.007259235360542023
175,95,0.03558460421205519
34,145,0.014624841034336583
183,235,0.008894536213468869
216,191,0.00825623090884944
89,66,0.004135223721320223
189,55,0.002256699576868829
36,133,0.0026206953032226364
124,155,0.005576713819368879
217,129,0.003204796857231469
243,4,0.006194952993567541
145,49,0.004718748327475782
80,106,0.0031776931665282986
83,256,0.004324843825084094
189,90,0.004352206326818457
17,162,0.0051067693064250725
134,129,0.012659941777807866
213,169,0.01223205964585275
256,166,0.0030616742712143053
196,175,0.0024314910954853124
212,82,0.003516775971865792
134,236,0.0024372080427865414
10,258,0.005232983185193735
189,145,0.006205923836389281
202,224,0.0025799054034685394
223,188,0.0021935447112782385
248,32,0.006589435646721225
112,33,0.007809299805758532
54,90,0.008605549701440113
248,247,0.016579870336911467
168,241,0.008818246148821512
18,153,0.003843466107617051
174,208,0.010833147196783561
181,223,0.0029778492603149834
58,7,0.002898550724637681
200,238,0.022727272727272728
112,17,0.013781894581059474
145,70,0.0028098406864931406
28,10,0.01321419582179713
213,188,0.002271668219944082
66,227,0.0027455310513593363
36,7,0.019000040948364112
82,146,0.005452043192885878
28,82,0.017367228794361943
112,234,0.010980589066980273
247,147,0.005457085479786955
198,4,0.0031569452796151535
191,37,0.007035719808257307
64,129,0.01557338367154318
235,119,0.013238434163701067
3,51,0.031906614785992216
149,61,0.011285358346768283
93,198,0.007391763463569166
197,129,0.013053032910588049
173,119,0.002109002109002109
17,144,0.008114089009097615
64,205,0.010382255781028787
212,129,0.004657351962741184
91,10,0.002594437525944375
225,239,0.002086981128738438
124,258,0.029515778019586505
135,124,0.0033284516043136734
92,146,0.008398426029247666
196,92,0.0176118814483801
37,114,0.005725981967043217
82,192,0.00566377302561931
73,7,0.011793611793611793
146,49,0.0024424080189140076
216,129,0.0045376067997697994
260,216,0.0042260692464358455
241,200,0.008024691358024692
174,226,0.0020102747375474648
9,173,0.0076611086074808476
167,78,0.015471370734528629
47,127,0.007677144932046893
64,135,0.008494572911750826
65,92,0.002692522521232259
259,169,0.011587078651685394
36,238,0.0039719913189468084
215,71,0.00392195800029787
189,232,0.007858150312311102
228,255,0.009043643819566492
65,146,0.002133967317359609
85,7,0.0037721790155078472
150,14,0.030399607746996814
108,21,0.030329140099948304
83,36,0.009473467426374683
40,80,0.010267548622766314
218,7,0.002748167888074617
217,181,0.010131293290602708
228,11,0.006151142355008787
157,85,0.0021446341254182035
191,129,0.008272769444873975
131,7,0.0073693613220187585
119,147,0.004039883101254942
235,208,0.006405693950177936
116,37,0.002050668184226535
17,145,0.006506402375593426
40,36,0.010070095764636192
80,85,0.0035355414960922963
34,223,0.005086901229334464
61,66,0.005355536041456619
189,112,0.01458795083618779
248,208,0.013072590073334042
260,63,0.0020875763747454177
173,226,0.022977022977022976
258,129,0.01698289269051322
160,157,0.024146625290923197
37,239,0.0037698207068089956
200,213,0.003171247357293869
197,198,0.0074134872514496014
80,129,0.006326758466691477
198,130,0.007779615153337342
56,146,0.006708226046889822
16,192,0.010497375656085979
66,130,0.0031484078904175
260,135,0.003895112016293279
198,148,0.010936560432952495
34,92,0.002755404832556168
259,213,0.013459737827715356
10,134,0.0050021162799646
145,130,0.003853495798619164
40,227,0.004788231809655445
106,49,0.016877905865868417
95,148,0.0033183566792940418
179,258,0.003750900464515488
129,252,0.004172690235247733
258,215,0.00640746500777605
252,82,0.023938223938223938
195,17,0.010417155459621791
198,100,0.0024804570054119063
258,121,0.006842923794712286
145,17,0.006431413126862077
190,33,0.018189420865565544
34,170,0.020347604917337857
198,87,0.0030441972339146123
208,47,0.008024691358024692
82,121,0.007384077916578446
256,258,0.002323060244695679
112,75,0.005959381070045852
240,169,0.01488673139158576
121,129,0.013395847287340924
183,259,0.0054002541296060995
175,16,0.08460421205519245
223,102,0.002079594336666382
112,130,0.0031052207349462862
37,148,0.015597471240543061
225,113,0.0035372561504041313
82,180,0.006643023502011434
235,151,0.007829181494661922
34,146,0.006782534972445952
66,243,0.0021337551105673103
145,121,0.002140830999232869
157,114,0.0038174487432444024
254,259,0.019003931847968544
198,56,0.004848165965123271
139,219,0.026649945132465904
83,16,0.0030205258460904785
168,60,0.007430188884655163
37,223,0.005466887760389678
80,74,0.004966934814348287
15,223,0.011386138613861386
40,238,0.0048869582387205054
157,89,0.008235395041605902
62,112,0.010711322320283623
145,65,0.00592296576454427
36,263,0.0072273862659186765
212,250,0.013591863891265089
139,198,0.002037936980717981
227,37,0.00840866092074837
34,144,0.013035184400169564
160,256,0.005721489526764934
260,244,0.003385947046843177
95,225,0.0041112383637271314
60,169,0.016133162612035852
196,121,0.010120260235263193
40,223,0.002073255010366275
228,36,0.009556239015817224
260,197,0.005142566191446029
56,260,0.01633012603333785
112,4,0.0073864612375956346
248,47,0.010734403230949091
228,144,0.003771236086701816
49,262,0.0028551188201704483
168,212,0.008899896576125416
259,147,0.003979400749063671
85,80,0.007684068364923392
40,145,0.00419587323526508
18,47,0.014587700908455625
159,68,0.004646078163432632
256,236,0.005170298185630383
179,87,0.004968080085450978
36,113,0.0032144465828590147
226,97,0.0028115159694107063
17,223,0.0036314803956800515
36,179,0.006387944801605176
198,180,0.0025932050511124475
7,102,0.0027670993741526918
179,144,0.004396750875624115
36,227,0.003337291675197576
37,45,0.004339827961446782
212,146,0.002756391977948864
139,122,0.008151747922871924
171,193,0.0034419458467186783
226,188,0.0025661473029894083
56,119,0.00257487464426074
85,66,0.0037721790155078472
34,263,0.008054260279779568
173,70,0.024864024864024864
112,163,0.0051401313442302355
217,137,0.01436989558565078
83,63,0.0026086359579872314
228,41,0.003038957234915056
134,7,0.012186040213932705
119,213,0.009970775313735603
106,263,0.005541048340870008
179,121,0.002633082445289018
179,255,0.009836798569192935
247,185,0.006242905788876277
36,246,0.004197207321567503
126,18,0.01377677322139705
32,69,0.015211350007313149
157,95,0.010337136484515742
7,152,0.0021078240199082585
54,21,0.0028099754127151387
40,158,0.00957646361931089
126,69,0.01958884942417393
255,260,0.0041129894366835175
260,97,0.003335030549898167
252,260,0.006177606177606178
36,25,0.00941812374595635
129,61,0.003975555263503745
189,164,0.006004432802740278
93,209,0.003590285110876452
157,53,0.002916702410568757
80,82,0.004938306947983167
89,7,0.0023629849836115558
78,185,0.008227133408614293
228,21,0.010618043350908025
54,148,0.016684229012996137
183,78,0.01207115628970775
80,133,0.0024333686410351837
173,73,0.00876900876900877
73,129,0.03587223587223587
49,146,0.0020393705858360346
212,244,0.021480847828153217
195,179,0.0029562197925953734
135,129,0.02076953801091732
56,28,0.007047025342187288
149,80,0.004250329766964678
223,77,0.0020511067430134177
198,83,0.004171677690920024
65,145,0.008951205190266818
106,75,0.004394624546207248
171,223,0.014685635612666361
173,171,0.01221001221001221
157,70,0.0026164536330102084
192,7,0.0255573681348559
82,73,0.004816853694685581
63,124,0.009458839715661546
80,66,0.004923993014800607
34,95,0.0052988554472234
129,148,0.004747667236167696
260,102,0.0032077393075356417
7,134,0.0035006592753542443
216,28,0.007459382885475231
36,116,0.005220916424388846
95,173,0.006871641265086777
52,224,0.003756917297050312
36,146,0.0041767331395110765
217,68,0.01416313449808746
173,7,0.03552003552003552
256,52,0.002632801610655103
217,233,0.003928460663703091
153,223,0.002425222312045271
223,127,0.0026208586160727004
112,25,0.008839968815655599
180,215,0.012011210463098892
112,62,0.004717292776067337
83,89,0.0038443056222969728
18,250,0.007948986722571627
60,18,0.013188220230473752
123,22,0.029097321723795876
157,189,0.005661834091104058
124,7,0.003944504896626768
56,192,0.006098387315354384
80,229,0.005410666743007644
34,41,0.00476896990250106
198,90,0.0024804570054119063
36,33,0.005589451701404529
18,116,0.009346610761705102
198,92,0.004434756464221287
185,167,0.009880478087649403
146,25,0.0021102405283417026
62,132,0.010221015312665007
36,244,0.0061013062528152
3,169,0.012062256809338522
213,32,0.005417054986020503
34,100,0.007630351844001695
182,47,0.008536672120651633
36,144,0.006531264076000164
95,129,0.016944175256218247
37,189,0.007047362420976267
53,28,0.0057117750439367315
36,228,0.007698292453216494
34,129,0.004980924120389996
252,198,0.005662805662805663
136,241,0.01634293369055593
193,36,0.0027696646187934334
37,162,0.005026427609078661
129,90,0.002792745433039821
147,247,0.02029186935371786
167,259,0.004988432620011567
147,182,0.006810284920083391
240,185,0.009708737864077669
57,129,0.03571428571428571
196,173,0.010843135966353421
63,225,0.017713827103875257
160,83,0.010667183863460047
83,121,0.006796183153703577
53,196,0.006810193321616872
223,83,0.004472552203515369
248,258,0.0024444680624933573
182,167,0.009959450807426905
169,147,0.007711312420453695
228,74,0.005272407732864675
46,153,0.0034207525655644243
102,173,0.005437926645840564
257,256,0.008455882352941176
256,116,0.0028710641998546597
49,7,0.0056243694051478004
34,262,0.005510809665112336
198,89,0.009433253156945279
62,107,0.008486082824168364
32,78,0.010969723562966213
92,135,0.010865096611264462
179,36,0.006135578905531957
134,65,0.002369507819375804
121,63,0.005023442732752847
98,121,0.023816985271074897
198,141,0.00375826819001804
37,92,0.002668670328531454
36,260,0.005405184062896687
36,85,0.006306048073379468
40,133,0.003603514660874716
256,50,0.004181508440452222
225,132,0.0058718452096708585
136,248,0.006430006697923644
34,90,0.011975413310724884
34,148,0.021513353115727003
210,87,0.004310724025688396
256,13,0.004646120489391358
34,186,0.012081390419669352
146,148,0.008773129603939115
62,148,0.006638002564682809
169,259,0.005465299094107958
17,261,0.002799266138336706
180,85,0.004003736821032964
225,263,0.0029182363240834084
197,92,0.00950514972596574
34,162,0.010173802458668928
198,114,0.0025180396873120867
82,168,0.0021437645564260006
80,258,0.0023045432423921446
37,260,0.0035366359208208104
69,248,0.006244424620874219
208,212,0.013209876543209877
248,238,0.007439685407588479
86,216,0.011012161256343963
198,236,0.002931449188214071
3,147,0.006031128404669261
129,228,0.002628466289919832
212,20,0.009694895922440832
36,87,0.006428893165718029
208,126,0.01493827160493827
147,235,0.01417651146629604
250,147,0.006963933063091155
255,85,0.0022920403689007268
28,180,0.0033979360684621195
184,247,0.007564296520423601
183,167,0.009212198221092757
112,179,0.006104731827851848
146,225,0.0033607534340256745
37,249,0.006360762773344388
160,177,0.0032971295577967417
126,94,0.008287590140996663
37,160,0.0021634366255570527
119,78,0.009455045556128588
80,116,0.004580458618419169
255,177,0.004538783497309344
195,145,0.006240908451034677
7,188,0.002581388006759894
35,132,0.004776328052190121
80,257,0.002261601442844465
185,244,0.01609561752988048
61,138,0.0050953480556368645
247,18,0.012398498210075963
119,81,0.0024926938284339007
167,232,0.003976286871023713
167,18,0.01344707923655292
127,43,0.0034846359234285197
157,65,0.007034399931371708
157,25,0.007120185296388436
112,50,0.005364764333566775
255,95,0.004602199633998297
56,16,0.0038623119663911097
256,189,0.006361611131628167
198,85,0.002743535778713169
40,42,0.00414651002073255
126,50,0.0021526208158432892
134,160,0.006228420553787827
168,7,0.00394643731968864
34,189,0.004451038575667656
258,146,0.005349922239502333
197,226,0.006566231565569647
248,140,0.01009671591029865
157,133,0.0020159560778931114
63,256,0.004528777803256134
157,49,0.00875010723170627
17,50,0.002534470692818369
223,53,0.0027063213970315927
129,175,0.002168484689183861
89,129,0.00228675966155957
126,129,0.004412872672478743
167,147,0.007952573742047426
159,147,0.009674774528559716
220,78,0.009437875959344534
37,56,0.002137527204891699
188,186,0.004134779297087519
208,168,0.020864197530864197
168,163,0.0037014860377769312
223,198,0.0061818078226932175
94,32,0.007395382395382395
56,180,0.002236075348963274
18,167,0.014063591893780572
18,152,0.0053284416491963665
102,7,0.00856184195302557
95,171,0.005139047954658914
94,60,0.006132756132756133
147,243,0.010979847116052814
213,208,0.01374650512581547
57,223,0.0156794425087108
82,10,0.005240313360152445
241,153,0.004732510288065843
80,24,0.002089834244653746
36,74,0.005835141886081651
36,143,0.0021702632979812455
80,114,0.0070424551258194724
258,157,0.006034214618973561
198,255,0.02348917618761275
83,145,0.015926409006658888
102,91,0.003355316441050561
139,173,0.002194701363850133
77,145,0.0031129829701519868
7,135,0.0027949560792616115
179,233,0.006210100106813722
126,130,0.004843396835647401
258,10,0.008149300155520995
81,247,0.011363636363636364
178,21,0.021902190219021903
210,209,0.0036069323480249845
25,226,0.003570505363836112
10,121,0.005425372272884682
57,157,0.006097560975609756
193,37,0.004280390774498943
83,197,0.006796183153703577
182,113,0.0021341680301629083
191,92,0.009355187876913562
259,243,0.009948501872659176
147,162,0.0029186935371785963
250,116,0.01039392994491217
29,37,0.0036333147009502517
258,226,0.015489891135303266
29,188,0.00796534376746786
40,232,0.009132194688518116
33,26,0.002293544897223224
102,157,0.015850977669790583
136,183,0.0024112525117213662
213,247,0.011999068033550792
31,259,0.010424422933730455
17,114,0.004785231979724234
198,62,0.005862898376428142
122,117,0.0025924645696508816
196,137,0.008674508773082736
83,146,0.008031852818013318
22,149,0.015285599356395816
212,254,0.010550327915597377
63,80,0.010834670947030497
131,258,0.006476105404198303
217,230,0.007753540783624522
175,41,0.002904865649963689
248,136,0.00807737272823892
14,80,0.0040580210671731995
129,49,0.0022999080036798527
248,174,0.01647358911680306
82,61,0.0041551979673936056
72,132,0.012740994225304775
102,260,0.007520536850630568
102,197,0.022098808284160592
191,216,0.020875212617906293
235,254,0.010391459074733097
20,18,0.030911408540471638
10,122,0.00400169302397168
212,61,0.0024712479802300163
169,185,0.0069626413116717824
119,136,0.007993811242908716
244,43,0.004573925967867506
126,237,0.003982348509310085
60,174,0.014852752880921895
215,219,0.009482202253884724
18,119,0.010918937805730259
250,168,0.022970585178255898
78,220,0.006533311824487821
168,48,0.007729573784769473
157,56,0.005747619456120786
126,100,0.0036594553869335918
198,71,0.0021046301864101023
248,259,0.007120841747263258
131,117,0.0024564537740062527
77,112,0.0023805163889397546
198,173,0.004058929645219483
56,70,0.009960699281745493
106,186,0.0061779504490159865
130,35,0.004924429601104163
36,211,0.002375005118545514
150,155,0.031135082127972544
62,48,0.003507580900656257
198,121,0.0024804570054119063
77,102,0.003601294024293475
133,261,0.009512850019179134
14,246,0.005137281989293732
9,68,0.009013068949977467
77,148,0.0025025941524751266
106,112,0.013948156168396918
119,230,0.013752793536187038
213,50,0.0037861136999068033
228,262,0.0027826596367896894
257,100,0.006372549019607843
28,203,0.004027183488547697
179,256,0.006433663710659016
254,55,0.004259501965923985
173,65,0.002109002109002109
179,79,0.010308766177310778
217,48,0.0022743719631965263
168,88,0.0033748843285613195
217,209,0.0023777525069781868
252,171,0.03191763191763192
89,40,0.004497294001067155
255,52,0.0024732293308691636
73,95,0.019164619164619166
112,45,0.005377978038821866
47,94,0.007988380537400145
72,255,0.003299825842524978
54,233,0.0091324200913242
247,92,0.0028376844494892167
145,249,0.0036840133445132286
101,80,0.003497444175410277
257,79,0.012254901960784314
232,152,0.002326193212500519
77,17,0.014893487151315388
112,260,0.005087276523209873
243,231,0.007263730826323602
174,263,0.004802322984141166
8,61,0.0029585798816568047
153,213,0.008488278092158448
40,141,0.0074044821798795535
258,255,0.002986003110419907
69,183,0.002031915948062246
195,114,0.0037070057716672143
54,188,0.007024938531787847
225,92,0.0022992164977626854
62,113,0.0034698649769932866
126,244,0.03067484662576687
134,252,0.002640308713018753
247,141,0.005282458744433773
7,224,0.0021171095882778984
248,260,0.002231905622276544
179,95,0.009290309759793327
168,170,0.00451799031081596
31,151,0.006701414743112435
35,256,0.0027376514445479963
168,43,0.002122911109901475
47,247,0.02718124286751738
119,200,0.0036960632628502666
177,198,0.009339037175393144
198,179,0.004960914010823813
80,223,0.007228536257192751
34,217,0.003391267486222976
203,191,0.012662502110417018
76,139,0.0029972578279446466
147,32,0.008895066018068103
51,60,0.0064989926561382985
3,212,0.007782101167315175
49,141,0.004701285876822016
10,124,0.0035399592135134097
195,66,0.007320163295950448
60,47,0.015749039692701666
77,80,0.006775315876213148
77,63,0.014954526033083074
36,223,0.007186437901805823
165,11,0.0030957294808699794
168,61,0.0025855968646235914
34,85,0.009114031369224248
179,134,0.004123506470924312
129,50,0.0030720199763438036
195,37,0.011684106799305522
256,177,0.004300639735052001
82,193,0.00457865763286047
227,106,0.0064116039520706325
179,225,0.0041980276722060755
160,171,0.002230411171450737
92,45,0.002349210078111235
146,89,0.002129779792493015
92,252,0.015563516767486933
173,216,0.006993006993006993
106,36,0.014521368065728298
147,69,0.018763029881862403
67,209,0.004425504015735125
92,145,0.03688259822634639
223,157,0.00427313904794462
92,148,0.0035825453691196336
218,258,0.006329113924050633
220,41,0.015868077162414437
83,258,0.008649687650168188
243,249,0.004789708065314201
73,148,0.002457002457002457
19,131,0.03209831254585473
133,195,0.006060606060606061
124,197,0.022850924918389554
208,179,0.0044444444444444444
136,50,0.008171466845277964
247,200,0.004103728280799791
126,167,0.016790442363577657
124,92,0.00367247007616975
130,180,0.005180022832995382
208,241,0.007160493827160494
67,211,0.0021307982297983936
208,235,0.011358024691358024
78,81,0.008953056944668495
179,63,0.002012072434607646
180,28,0.005471773655411717
83,69,0.002402691013935608
83,72,0.002059449440516235
18,32,0.007686932215234102
10,35,0.007426218784870522
34,4,0.007736328952946164
124,191,0.002720348204570185
177,139,0.00207868891968428
92,160,0.004757150408175251
227,67,0.020075677948286734
58,242,0.021739130434782608
147,254,0.013620569840166782
217,75,0.006099452083117957
98,226,0.005014102162331557
248,94,0.006589435646721225
106,142,0.005031526654353226
95,61,0.006166857545590697
34,226,0.009643916913946587
134,180,0.004739015638751608
31,20,0.02531645569620253
135,256,0.002130209026760751
160,191,0.0030062063615205587
235,32,0.005266903914590748
101,53,0.0026903416733925207
134,101,0.004535914968519396
95,9,0.0029072328429213287
192,73,0.012506797172376292
78,116,0.011856751088885304
185,78,0.01689243027888446
121,193,0.0020093770931011385
213,47,0.009902143522833178
136,254,0.011654387139986604
241,238,0.005967078189300412
260,41,0.0021130346232179228
160,17,0.005139643134212568
34,188,0.008690122933446376
215,258,0.006503499975177481
258,77,0.006780715396578538
168,32,0.007484622502857765
205,92,0.004044311587831897
173,225,0.00444000444000444
124,91,0.008977149075081611
250,183,0.005612722170252572
212,136,0.007698887938408896
95,145,0.01086541567556456
192,223,0.00734094616639478
112,13,0.004254813092139167
174,159,0.009604645968282331
83,28,0.006109700006864832
215,36,0.0023333167849873405
28,258,0.010885980367480494
182,126,0.008180977448957814
126,250,0.010655473038424281
222,132,0.005366106975939069
131,260,0.005024564537740062
212,119,0.007223647942210817
32,161,0.00599678221442153
212,90,0.004562303963501569
254,20,0.012385321100917432
83,237,0.005766458433445459
78,162,0.0037102758509437008
192,42,0.0038064165307232192
203,48,0.008104001350666891
197,157,0.004077417988297281
222,258,0.0024234031504240957
77,168,0.0021363608618690105
20,60,0.011153601019757807
257,68,0.015318627450980392
51,208,0.012673035679469683
213,136,0.005067567567567568
119,182,0.0032662884648444216
254,147,0.005439056356487549
78,169,0.026697854492660107
213,20,0.009610904007455732
215,19,0.004021248076254778
133,244,0.003912543153049482
228,65,0.008897188049209139
64,171,0.016989145823501653
21,75,0.0037572254335260114
227,13,0.005045196552449022
96,146,0.0046168051708217915
22,37,0.0022123893805309734
21,25,0.004479768786127168
63,85,0.005388672322861729
91,132,0.00422028504220285
181,163,0.003503352070958804
258,74,0.0026127527216174185
28,92,0.013843443241882709
127,137,0.009232022446485948
133,211,0.0022247794399693132
130,160,0.0035783052464770735
218,203,0.011575616255829447
102,95,0.040958000694203404
18,24,0.0020090845562543676
196,29,0.002102911217717027
196,225,0.003548662679897483
179,168,0.0030056884516978413
67,76,0.0037698737911817733
130,63,0.006866938163477431
51,3,0.010723337882628192
190,79,0.014217018607568471
217,178,0.002481133050759847
52,141,0.00593999086155252
154,35,0.0022675736961451248
126,32,0.007857065977828006
192,196,0.012234910277324634
19,77,0.0031181217901687453
34,80,0.014518863925392115
130,203,0.009269514543254895
179,252,0.0023101572397347045
131,265,0.003573023671281822
49,132,0.0090161646952751
256,138,0.006707091885967525
38,132,0.010693069306930694
135,101,0.004792970310211689
19,191,0.05062362435803375
203,117,0.010298835049805841
134,63,0.004739015638751608
212,94,0.006368215949054273
20,208,0.010834926704907584
259,20,0.011587078651685394
218,101,0.005662891405729514
28,15,0.0020135917442738486
92,17,0.0025254008339695776
212,18,0.012356239901150081
196,234,0.004600118288755997
72,150,0.0023526536099483636
92,263,0.004639689904269689
212,147,0.008174127934606977
254,185,0.01435124508519004
117,86,0.07771246388363057
149,37,0.004250329766964678
55,21,0.01754059749597124
63,26,0.0026943361614308646
254,60,0.0056356487549148095
10,117,0.0030012697679787604
190,228,0.010871837758728832
197,124,0.00743996399163335
222,130,0.00882811147654492
174,242,0.018539200357382175
133,232,0.0044495588799386265
216,196,0.0047146841382974015
130,179,0.005571932455228586
131,56,0.009379187137114784
10,203,0.0053484166378083035
215,9,0.0022836717470088863
10,53,0.0026164915925968677
89,138,0.0023629849836115558
51,47,0.009033599792032235
95,180,0.0042580683052888145
191,188,0.00595330137621772
86,132,0.008043665613329504
196,180,0.005585857922060853
196,258,0.017743313399487416
190,225,0.02299811833577253
168,20,0.0062054324750966195
247,213,0.011132454378765389
133,52,0.004909858074415036
95,175,0.004434264235162835
227,97,0.011246583981500946
130,19,0.0063387121509022445
95,223,0.009074090388512025
196,161,0.006505881579812052
228,141,0.003551552431165788
121,89,0.002790801518196026
214,14,0.11216730038022814
71,21,0.002322437519498076
83,130,0.011189675293471545
3,174,0.020038910505836578
167,237,0.004410063620589937
127,68,0.01688011947323166
40,90,0.007848751110672327
26,107,0.002689313517338995
182,81,0.006402504090488725
67,97,0.006720209801671857
235,238,0.006903914590747331
15,7,0.019801980198019802
124,82,0.008841131664853102
179,17,0.004347070074769605
147,18,0.015288394718554551
190,181,0.0455780890654401
56,93,0.0037267922482721234
112,239,0.007677162753207627
160,124,0.0075640031031807605
259,238,0.005500936329588015
101,38,0.007263922518159807
129,216,0.00530621632277566
38,122,0.009306930693069307
14,148,0.004878259367984804
52,22,0.0021323044118393662
40,113,0.007750024681607267
95,157,0.007899450856018559
3,41,0.014007782101167316
213,81,0.006116029822926375
247,3,0.004103728280799791
184,235,0.015128593040847202
64,262,0.002831524303916942
14,87,0.0057416681056812295
101,56,0.005918751681463546
150,210,0.05736700171610689
36,28,0.0020883665697555382
36,209,0.002559272757053356
129,25,0.002628466289919832
173,72,0.00222000222000222
235,68,0.011601423487544484
81,78,0.014540566959921798
160,148,0.00504266873545384
243,164,0.011083621969322117
102,65,0.004280920976512785
101,73,0.00645682001614205
258,164,0.0027993779160186624
81,169,0.012585532746823069
242,231,0.0021319688732544507
58,75,0.020289855072463767
28,121,0.014409765919959728
47,136,0.006535947712418301
192,145,0.013050570962479609
94,254,0.013888888888888888
254,220,0.009501965923984272
247,186,0.006417532524229459
248,241,0.008715060048889361
9,234,0.0027039206849932404
254,241,0.011598951507208388
200,186,0.008456659619450317
51,32,0.010398388249821278
14,40,0.004791918494215161
174,94,0.0085995085995086
22,17,0.0023129525341914724
92,161,0.0035825453691196336
40,68,0.01663540329746273
180,39,0.009608968370479113
136,159,0.01259209645010047
247,212,0.005849995634331616
208,51,0.01950617283950617
194,179,0.009073724007561436
191,36,0.0031699396938302147
200,239,0.024312896405919663
183,50,0.004129606099110546
129,87,0.004714811407543699
92,121,0.01409526046866741
83,53,0.006315644950916455
180,10,0.02495662618443881
19,132,0.00586940572267058
73,130,0.018673218673218674
18,239,0.005241090146750524
174,235,0.014183605092696002
247,143,0.004016414913123199
215,16,0.0036737328104056
77,85,0.011597387535860343
188,211,0.0024119545899677197
83,77,0.0021280977552001097
135,15,0.0027958993476234857
168,239,0.005579445865766698
63,77,0.013471680807154322
185,243,0.011792828685258964
248,162,0.005207779785311935
122,63,0.00414794331144141
20,182,0.0058954748247291265
17,164,0.006998165345841766
248,167,0.010628122010840685
255,88,0.0035150658621876754
175,164,0.008714596949891068
54,62,0.0035124692658939235
160,186,0.004654771140418929
216,102,0.003962105449555093
34,234,0.01112759643916914
16,175,0.02699325168707823
130,124,0.0034419888561350895
54,161,0.013523006673691605
133,138,0.0021480629075565786
212,168,0.026708487786332096
134,255,0.0022341073725543293
17,106,0.0044636946530233965
195,158,0.004504715874431045
89,255,0.005907462459028889
190,25,0.022370896926615095
173,223,0.024642024642024644
193,79,0.00614361969986907
213,183,0.003727865796831314
171,93,0.005966039467645709
82,205,0.0034935422401016305
198,189,0.005223992784125075
92,198,0.006577788218711458
181,229,0.004729525295794385
130,232,0.002027706306337008
174,32,0.00915791824882734
124,205,0.006120783460282916
16,112,0.0034991252186953262
106,79,0.01617731354690784
196,63,0.007294473286455937
28,219,0.0076768185250440475
19,197,0.019442406456346296
119,163,0.0041258380608561115
81,107,0.003421309872922776
227,261,0.004729871767920959
20,161,0.0041427660930529
189,237,0.004231311706629055
19,198,0.006052824651504035
219,175,0.0023096408880941737
213,234,0.004368592730661696
135,87,0.0026627612834509385
54,238,0.004741833508956797
63,28,0.005388672322861729
217,236,0.0043419828388297325
102,161,0.0061321300474372325
178,227,0.019201920192019203
40,230,0.00962582683384342
52,163,0.006143067472203889
102,160,0.027536734930001156
222,28,0.0025099532629392417
108,237,0.0022402205755643633
14,189,0.0040580210671731995
94,151,0.004329004329004329
117,82,0.005579356381388861
83,229,0.002539987643303357
18,247,0.020090845562543674
58,140,0.010144927536231883
155,231,0.0020478890989287964
227,256,0.0054656295984864415
60,97,0.0029449423815621
252,16,0.030373230373230375
248,254,0.011690934211924752
182,94,0.0029166963078893077
28,135,0.00931286181726655
180,95,0.012011210463098892
203,180,0.0028701671450278576
216,203,0.00369648944176369
200,169,0.00616631430584919
167,143,0.004916136495083863
182,20,0.005548836878423561
197,80,0.002700627498742355
248,148,0.002231905622276544
215,95,0.015836767115126844
6,55,0.012955465587044534
39,106,0.002215243798534531
19,252,0.004768892149669846
167,51,0.009759976865240024
81,60,0.00635386119257087
72,80,0.0037581349873201135
3,78,0.014980544747081713
201,29,0.006242197253433208
259,81,0.022237827715355804
26,106,0.003467799009200283
25,100,0.004410624272974021
215,139,0.009233977063992455
47,140,0.010582010582010581
9,87,0.003605227579990987
86,205,0.011873982572057839
94,130,0.002886002886002886
184,208,0.024205748865355523
57,130,0.02003484320557491
72,198,0.0026887469827981303
66,179,0.0025067892208063504
52,67,0.0022338427171650506
82,191,0.004658056320135507
81,250,0.009775171065493646
82,135,0.006166631378361211
28,19,0.005600302038761641
252,57,0.0036036036036036037
228,80,0.010947568834212069
168,235,0.012628599423003647
250,119,0.00904271905207359
160,9,0.002133436772692009
123,178,0.025570373636063043
228,129,0.003734622144112478
106,164,0.005222597286797019
124,226,0.003808487486398259
19,80,0.0022010271460014674
124,16,0.003400435255712731
173,36,0.008991008991008992
40,129,0.003307335373679534
101,16,0.012375571697605597
73,92,0.1375921375921376
242,147,0.007568489500053299
235,136,0.010177935943060499
101,64,0.0191014258810869
194,247,0.003402646502835539
228,224,0.0029657293497363795
216,85,0.0022798707335428747
216,72,0.005113108149984506
95,98,0.006812909288462103
101,9,0.006994888350820554
119,259,0.005758982293278322
3,179,0.0062256809338521405
9,53,0.013068949977467327
214,22,0.028517110266159697
150,37,0.01054179946065212
254,136,0.007732634338138925
180,29,0.0022687841985853463
180,14,0.002669157880688643
16,19,0.005998500374906273
3,254,0.029961089494163425
85,228,0.01061798537698505
139,205,0.037780216334848724
194,235,0.01058601134215501
258,216,0.0367651632970451
102,63,0.022908712252690037
122,81,0.0076045627376425855
3,247,0.013618677042801557
73,192,0.026535626535626536
72,74,0.004246998075101592
260,50,0.002189409368635438
122,82,0.013480815762184583
91,95,0.002040957520409575
121,260,0.0074793480687653496
220,166,0.015868077162414437
213,246,0.0036696178937558246
157,45,0.002873809728060393
208,162,0.005432098765432099
126,234,0.004412872672478743
28,160,0.004341807198590486
32,81,0.013748720198917654
147,174,0.01389854065323141
182,18,0.007113893433876361
250,100,0.00363787548071926
134,121,0.012253740437343444
22,76,0.0056315366049879325
67,29,0.009834453368300279
14,90,0.002676567086858919
165,68,0.0026194634068899825
135,70,0.004260418053521502
7,231,0.005627054432001783
40,246,0.014068516141771152
139,130,0.05000783821915661
157,228,0.004718195075920048
171,28,0.007113354749885268
119,161,0.008165721162111055
66,42,0.004237667492315497
250,212,0.013823926826733187
3,220,0.006614785992217899
14,85,0.0038421688827490934
212,243,0.010360231917118145
203,95,0.008610501435083573
179,160,0.002707603646570783
127,100,0.007919627098701181
247,79,0.004234698332314678
89,112,0.0047259699672231115
58,69,0.011594202898550725
228,4,0.00497949619214997
205,121,0.011429576226481448
167,20,0.009181607865818392
191,56,0.006571826194526055
226,66,0.0021878706089232406
18,159,0.015461215932914047
18,50,0.003581411600279525
252,9,0.010296010296010296
242,259,0.012898411683189425
63,72,0.010146755331346022
257,141,0.005024509803921569
10,86,0.005887106083342953
53,93,0.008567662565905097
173,234,0.002997002997002997
201,62,0.004369538077403246
77,219,0.004577916132576451
15,100,0.0024752475247524753
221,26,0.05874840357598978
188,13,0.0027565195313916796
218,16,0.004746835443037975
220,7,0.002903961833644472
122,191,0.029035603180089874
212,161,0.008079079935367361
254,183,0.00327653997378768
250,136,0.004781207774659599
35,210,0.004718080149114632
106,230,0.0066237819247181706
131,92,0.011947297900848593
242,212,0.012045624133887645
205,19,0.005978547564621066
257,113,0.009313725490196078
95,101,0.0038469444689161014
189,186,0.009470078581503123
133,162,0.01181434599156118
124,80,0.004760609357997824
40,100,0.0037022410899397768
179,234,0.010333606577738033
212,229,0.005892975952856192
60,254,0.010755441741357234
228,90,0.006736965436438196
155,178,0.005513547574039068
57,65,0.003484320557491289
119,164,0.006618531889290012
133,113,0.010433448408131953
185,213,0.02103585657370518
242,185,0.01737554631702377
213,250,0.017707362534948742
191,16,0.009819081490644812
256,260,0.003240371213113973
101,219,0.009685230024213076
185,92,0.0027091633466135457
197,98,0.003256639042601075
54,261,0.01194239550403934
102,70,0.0024297119055883376
219,19,0.0032036954254209505
53,7,0.021968365553602813
40,211,0.006762760390956659
61,164,0.003664314133628213
205,131,0.012250161186331399
28,63,0.005411527812735968
120,243,0.043355325164938736
252,145,0.005662805662805663
196,146,0.005520141946507196
131,39,0.0029030817329164806
11,228,0.03442879499217527
217,62,0.012198904166235914
179,231,0.006483344511513525
9,38,0.003605227579990987
38,16,0.004554455445544554
102,180,0.00971884762235335
14,66,0.0028924192712830254
225,40,0.003095099131603615
139,216,0.021633484872237027
32,18,0.018575398566622787
179,192,0.0025337208435799985
243,262,0.006214745175655616
217,34,0.004445363382611392
29,22,0.03228060368921185
101,121,0.010492332526230832
193,61,0.004078960620404875
102,216,0.015850977669790583
134,16,0.005822219213323404
101,129,0.009685230024213076
225,95,0.0026175695512990573
175,64,0.016339869281045753
188,40,0.003318704435820246
203,216,0.018909336484889416
130,73,0.0033738306609640977
228,230,0.004466900995899238
133,148,0.010049865746068278
178,155,0.0144014401440144
134,218,0.003723512287590549
3,60,0.0062256809338521405
34,224,0.0057227638830012716
217,228,0.0059960715393362965
260,49,0.002520366598778004
217,4,0.004858885557738034
34,179,0.005510809665112336
95,177,0.002731036913047309
155,63,0.002284183994959042
134,139,0.0032496107237153884
181,179,0.002531968087647499
210,228,0.009501187648456057
173,83,0.012432012432012432
54,61,0.010361784334387074
106,179,0.003375581173173683
66,7,0.006371422602882808
228,123,0.004723198594024604
121,53,0.007256083947309667
242,130,0.004263937746508901
258,223,0.004914463452566097
160,28,0.0074670287044220325
124,79,0.0024483133841131663
192,167,0.002175095160413268
124,14,0.008569096844396083
101,215,0.013182674199623353
173,191,0.004884004884004884
28,193,0.002957462874402215
147,213,0.018763029881862403
121,7,0.014400535833891493
191,38,0.015927014071439618
208,18,0.010864197530864197
81,213,0.018084066471163247
182,159,0.014085508999075194
173,157,0.0120990120990121
135,226,0.016642258021568365
81,183,0.004643206256109482
101,131,0.01775625504439064
214,53,0.005703422053231939
122,126,0.0024196335983408227
6,234,0.005668016194331984
167,247,0.023062463851937536
121,223,0.007367716008037508
248,250,0.011053246891274312
94,248,0.008477633477633478
3,235,0.007392996108949416
38,28,0.007326732673267326
205,36,0.0029306605708926793
191,146,0.002706046080098964
241,246,0.004218106995884774
183,76,0.005082592121982211
94,168,0.020923520923520924
102,252,0.003586717574916117
254,169,0.014875491480996069
191,203,0.009200556672336477
102,215,0.0046280226773111185
221,21,0.007662835249042145
248,143,0.004251248804336274
167,69,0.023930017351069983
60,68,0.0048655569782330346
135,232,0.0026627612834509385
160,261,0.002230411171450737
95,73,0.0028191348779843185
56,168,0.004133351402629082
203,124,0.00219483369913895
121,95,0.05481134181736995
221,82,0.002554278416347382
188,82,0.0030648144789815384
101,192,0.003228410008071025
40,263,0.0065159443182940075
52,137,0.012133827486419252
121,258,0.008260772493860237
198,112,0.03123120865904991
131,157,0.0030147387226440374
179,13,0.0028814864495615667
78,193,0.003387643168252944
95,231,0.0027604029013596453
208,236,0.004320987654320987
106,141,0.005477358130055411
202,232,0.004156514261143758
221,22,0.02937420178799489
35,261,0.0020386766076421247
213,145,0.0032036346691519104
126,262,0.0032289312237649337
216,135,0.0031873920934968347
171,57,0.0025240936209270305
58,234,0.007246376811594203
89,246,0.004230505373885205
129,243,0.002529898804047838
63,135,0.0028089887640449437
200,163,0.011451726568005638
203,173,0.0020260003376667227
242,220,0.005649717514124294
40,226,0.0028137032283542304
49,113,0.006847991756649421
131,226,0.009714158106297454
71,108,0.002149121286699712
185,32,0.012589641434262949
47,20,0.00861085174810665
250,186,0.004573329175761355
28,102,0.005474452554744526
122,93,0.002938126512270999
250,78,0.014447562623427918
180,145,0.004137194715067396
197,179,0.002065185734332389
182,254,0.01045742334779825
228,52,0.0038810779144698303
42,125,0.0022539210131437217
218,117,0.00857761492338441
208,250,0.015925925925925927
80,68,0.008588359909535942
243,87,0.003681345868381989
34,246,0.010385756676557863
106,161,0.004076173492134259
127,229,0.0025795356835769563
78,20,0.010888853040813034
198,163,0.0021422128683102827
139,177,0.0061138109421539424
257,137,0.014950980392156863
205,69,0.0022859152452962897
52,13,0.008021526120729046
54,164,0.011766772040744644
85,13,0.004983001909374563
243,229,0.006452251360712519
167,243,0.011133603238866396
37,195,0.003057311638511763
213,127,0.007047996272134203
83,45,0.0028145809020388548
250,82,0.00363787548071926
11,210,0.02269170579029734
216,36,0.0031431227588649344
18,136,0.009783368273934312
49,234,0.011484876457076616
89,13,0.002382041314124552
213,69,0.014212488350419385
160,198,0.030837858805275408
256,63,0.002418365280375502
160,80,0.012800620636152055
217,87,0.0047555050139563735
160,146,0.004460822342901474
212,151,0.0037068719703450244
63,218,0.004184819995413896
241,182,0.004526748971193415
85,186,0.004470730685046337
69,185,0.005451481811874319
189,255,0.02168043522063268
62,229,0.0024892509617560534
62,144,0.0029418420457116997
121,82,0.015516856441169903
54,228,0.012996136283807516
9,15,0.013519603424966201
38,130,0.06217821782178218
131,252,0.0027914247431889234
160,92,0.011152055857253686
215,122,0.006602790051134389
220,254,0.009126737191454055
208,142,0.0030864197530864196
135,196,0.011849287711356677
94,182,0.004148629148629149
235,94,0.008113879003558718
95,124,0.0047866560949108745
175,130,0.024328249818445898
34,37,0.02331496396778296
54,236,0.007727432384966632
106,226,0.005031526654353226
197,192,0.0022769996558023777
121,186,0.003348961821835231
248,78,0.014347964714634924
57,260,0.01132404181184669
86,219,0.013789141051422005
168,3,0.004871808829132873
180,196,0.005738689443480582
197,139,0.003945034287378538
102,256,0.0076362374175633465
150,91,0.020348124540328513
257,228,0.022426470588235294
126,127,0.009363900548918308
196,135,0.009200236577511994
196,124,0.004140106459880397
34,227,0.00317931326833404
180,226,0.004804484185239557
85,112,0.006147254691938713
180,122,0.002936073668757507
106,129,0.0028660594866569008
200,143,0.01233262861169838
145,192,0.0020070290617808144
178,55,0.027002700270027002
57,82,0.03832752613240418
82,252,0.003943468134660174
198,95,0.011838544798556824
101,95,0.03389830508474576
16,139,0.003999000249937516
126,242,0.013669142180604886
228,244,0.0030755711775043936
124,134,0.005712731229597388
56,216,0.009147580973031576
248,69,0.022106493782548624
258,237,0.0031726283048211508
40,198,0.006664033961891598
40,79,0.018609931878763947
36,14,0.005446132427009541
200,159,0.004933051444679351
93,121,0.0021119324181626186
106,233,0.0038214126488758677
189,82,0.0025790852307072333
139,86,0.00924909860479699
259,185,0.014044943820224719
215,135,0.005063793873802313
25,210,0.00264960579035802
64,203,0.008494572911750826
3,68,0.004669260700389105
195,67,0.0025808268030594527
121,233,0.002455905336012503
169,248,0.006738039979037209
28,98,0.006921721620941354
171,87,0.0025240936209270305
56,35,0.00535302886569996
71,255,0.0029463759575721863
188,113,0.0029560044974792352
198,48,0.004697835237522549
60,50,0.006914212548015365
260,236,0.0059572301425661915
191,179,0.0025514148755218804
18,213,0.012578616352201259
94,247,0.01875901875901876
34,76,0.00423908435777872
146,45,0.003536606811387483
254,94,0.006946264744429882
198,74,0.002367708959711365
89,68,0.00914703864623828
122,192,0.004493605254061528
252,129,0.032432432432432434
215,193,0.0029787022787072432
191,53,0.005102829751043761
159,237,0.004864717135829462
173,179,0.00987900987900988
212,233,0.0036118239711054084
71,246,0.0029463759575721863
256,85,0.0030497611417543273
191,68,0.003633833307561466
220,230,0.007778469197261979
123,17,0.00209412542709137
112,228,0.005576183617648224
117,218,0.007970509116269802
242,168,0.01908112141562733
183,169,0.007306226175349428
181,50,0.002866378967148112
257,7,0.00428921568627451
212,234,0.009504799923961601
257,209,0.003676470588235294
200,164,0.004933051444679351
250,234,0.004365450576863112
122,129,0.008641548565502939
168,220,0.004654074356322465
215,117,0.003524797696470238
60,250,0.009475032010243278
71,80,0.004298242573399424
183,141,0.009847522236340533
9,95,0.018026137899954935
182,146,0.004552891797680871
18,78,0.014063591893780572
242,170,0.003091354866218953
160,179,0.008727695888285493
134,135,0.009681131947735427
28,146,0.002957462874402215
131,134,0.010830728003573023
56,223,0.009554140127388535
133,233,0.008592251630226314
102,121,0.006247830614370011
258,260,0.008211508553654743
139,19,0.004075873961435962
63,203,0.0026943361614308646
216,139,0.0039178361149231926
220,235,0.011719560257208049
244,261,0.0023798570316370584
40,87,0.01081054398262415
85,198,0.003911889349415545
185,126,0.009402390438247012
47,32,0.007262164124909223
32,147,0.005265467310223783
243,13,0.004453240969816922
217,237,0.0051690271890830145
205,56,0.005275189027606823
205,162,0.0022859152452962897
81,184,0.002932551319648094
188,255,0.010826593159479163
78,88,0.00282303597354412
127,50,0.011132732950174232
60,69,0.022663252240717028
83,79,0.005560513489393836
153,186,0.006063055780113177
77,132,0.00659219923091009
7,189,0.003370661318179286
215,192,0.0031772824306210592
31,247,0.01712583767684289
78,119,0.009275689627359252
197,7,0.0066721385263046416
198,88,0.0022173782321106435
160,36,0.01638867339022498
91,22,0.004531617545316176
95,198,0.010982879628813908
25,116,0.002035672741372625
212,60,0.007793935937648513
205,122,0.01178125549498857
197,145,0.00447456909105351
19,218,0.0071533382245047685
259,126,0.011587078651685394
49,263,0.0042504776420582615
213,147,0.007339235787511649
155,228,0.007876496534341524
257,65,0.006372549019607843
195,85,0.0037539298953592043
124,56,0.002720348204570185
180,82,0.013879620979580943
38,205,0.03821782178217822
85,21,0.003492758347692451
56,198,0.008334462664317659
124,61,0.013329706202393906
56,53,0.009554140127388535
67,133,0.004589411571873463
17,157,0.0035747385144975505
197,102,0.00855198707935079
220,45,0.0023853972204936737
185,18,0.015458167330677291
154,61,0.022675736961451247
85,67,0.0026544963442462627
147,169,0.015983321751216122
247,142,0.007552606304025146
64,196,0.0033034450212364322
219,95,0.006779913574728059
220,250,0.004252229827836548
160,98,0.003975950349107835
15,192,0.00891089108910891
34,237,0.0057227638830012716
78,69,0.022745604129698338
42,224,0.0021107160868942586
228,114,0.0032586408904510837
160,130,0.014061287820015516
86,201,0.02010916403332376
174,179,0.0020102747375474648
130,102,0.004038373063881269
219,122,0.0049172999552972736
189,45,0.004070118879709853
259,183,0.0024578651685393258
146,231,0.004122784735926845
196,219,0.0031543668265755407
146,80,0.00578362218878837
256,179,0.004932035596430826
129,198,0.008575371270863451
196,157,0.010251692186370507
205,198,0.003516792685071215
202,42,0.011752902393578903
95,80,0.005021584001409568
146,198,0.004748041188768831
101,82,0.010223298358891578
101,141,0.0021522733387140166
189,209,0.002901470884545638
201,63,0.00717852684144819
98,197,0.008774678784080225
167,185,0.00708502024291498
179,56,0.005092282087587252
98,160,0.005640864932623002
66,198,0.005043421170431824
247,32,0.0061119357373613905
31,18,0.021593447505584513
11,181,0.01904016692749087
203,260,0.0028701671450278576
173,95,0.017205017205017204
256,223,0.005599170846189586
242,50,0.002238567316917173
40,249,0.010613091124494028
31,42,0.016381236038719285
20,74,0.016411727214786488
124,49,0.006256800870511426
57,173,0.016550522648083623
52,36,0.0042646088236787325
256,224,0.003383328766633707
124,218,0.0053046789989118605
124,135,0.0035364526659412403
255,133,0.0027993694624123496
112,52,0.002827732924589384
197,71,0.0029653949005798404
112,114,0.008721045468359783
208,136,0.008518518518518519
106,238,0.005222597286797019
119,263,0.007134261646897026
36,237,0.002927808034069039
252,51,0.003861003861003861
112,85,0.002140620251324674
80,227,0.0022759153760270245
101,216,0.01694915254237288
147,166,0.010562890896455871
102,192,0.0031239153071850054
57,180,0.004355400696864111
80,243,0.0031633792333457386
173,112,0.003774003774003774
213,259,0.005650046598322461
180,192,0.0021353263045509143
228,210,0.004576742823667252
258,134,0.011570762052877138
215,180,0.004368763342103957
160,129,0.02356477889837083
131,196,0.010049129075480124
174,186,0.0043555952646861735
205,117,0.0041029247992497506
203,92,0.0040520006753334455
81,126,0.011241446725317693
134,170,0.0037912125110012864
169,239,0.0032941528786404133
182,247,0.01579284342320552
212,230,0.005512783955897728
37,244,0.005687117836045186
160,252,0.0036850271528316523
168,143,0.0035926188013717273
15,83,0.006435643564356435
63,65,0.004758083008484293
124,72,0.008433079434167573
83,102,0.005697810118761584
258,49,0.0032348367029548988
160,112,0.012994569433669511
169,145,0.005465299094107958
28,76,0.0129624968537629
202,235,0.003153217715350437
197,196,0.00725462681034711
16,173,0.006498375406148463
260,88,0.002214867617107943
228,88,0.003222026947861746
173,92,0.033300033300033303
192,83,0.010875475802066341
212,208,0.012926527896587776
47,168,0.02624753605145762
153,242,0.006063055780113177
85,132,0.00502957202067713
168,250,0.007647923357465571
195,189,0.005537046595654826
171,180,0.002065167508031207
83,198,0.010709137090684424
85,258,0.0021887952312206025
72,86,0.0027498548687708148
28,124,0.0028316133903850994
254,250,0.009567496723460026
173,255,0.005217005217005217
182,3,0.005193142206729743
213,182,0.011125349487418452
167,119,0.007157316367842684
228,189,0.00757908611599297
95,64,0.002114351158488239
193,255,0.004582536005640044
22,133,0.011263073209975865
56,83,0.008334462664317659
92,175,0.006166676455041992
183,208,0.03303684879288437
227,133,0.010931259196972883
220,185,0.005289359054138146
223,144,0.0029057345526023416
160,16,0.004654771140418929
190,256,0.02278904453272005
188,80,0.00968408835370498
194,164,0.00831758034026465
20,247,0.017845761631612493
11,21,0.0396452790818988
11,29,0.023474178403755867
124,10,0.011425462459194777
243,144,0.004195942602671945
53,192,0.009885764499121265
194,230,0.01776937618147448
260,192,0.003233197556008147
97,224,0.0027740044326874957
196,205,0.005125846093185254
223,56,0.005241717232145401
15,37,0.005445544554455445
33,143,0.002279120086548864
200,229,0.0051092318534179
252,3,0.002059202059202059
178,150,0.0084008400840084
226,36,0.006921441131967448
195,209,0.0029092956689033833
40,148,0.011995261131404877
92,68,0.0037000058730251952
160,79,0.0032971295577967417
106,227,0.009744602254633463
49,238,0.0024472447030032415
252,7,0.02445302445302445
153,235,0.015359741309620048
60,220,0.005761843790012804
260,112,0.009495926680244399
200,148,0.0036997885835095136
19,95,0.034849596478356566
64,107,0.004247286455875413
112,243,0.0022066887776001267
129,234,0.006390458667367591
40,71,0.002171981439431336
51,259,0.014037824137258724
129,112,0.004944802207911683
97,243,0.0023736326588975477
63,260,0.002980967667966063
54,17,0.007200561995082543
18,208,0.007512229210342418
32,76,0.010092145677928916
106,26,0.004522004967836443
210,177,0.005366411542183514
181,129,0.003630746691720942
250,145,0.0044693898763122335
122,86,0.004839267196681645
220,18,0.014001244555071561
32,119,0.008190726927014773
150,10,0.004412846285854376
255,243,0.0022286242322117735
25,95,0.002148765671448882
65,74,0.005026996834853845
235,228,0.003701067615658363
221,67,0.020434227330779056
208,76,0.003703703703703704
42,261,0.0022788262177088456
119,47,0.011603919546157814
54,249,0.012293642430628733
74,13,0.0020899498991225106
37,224,0.002409576121877915
65,198,0.005542586253813213
220,233,0.00373366521468575
226,25,0.0024843577475156422
124,65,0.007072905331882481
160,255,0.0072730799069045775
195,89,0.011355637933461593
124,223,0.003264417845484222
69,136,0.007235603132124096
94,159,0.017676767676767676
10,243,0.002462580322444111
15,129,0.020297029702970298
95,189,0.002026253193551229
97,260,0.0021162508043182956
33,198,0.004442841687702849
171,83,0.008260670032124828
257,148,0.009558823529411765
81,167,0.01270772238514174
65,179,0.0027068444495366856
49,229,0.003563531760513492
133,246,0.009359416954353663
106,74,0.005604738551684606
150,148,0.002451581269919098
208,50,0.002962962962962963
180,36,0.008007473642065928
208,7,0.004814814814814815
223,76,0.003219098082784947
80,113,0.005009876613895966
178,133,0.020702070207020702
168,200,0.002286211964509281
49,223,0.003048322349354915
241,235,0.015329218106995885
248,56,0.002763311722818578
181,116,0.0022612545185279553
257,198,0.005759803921568628
101,19,0.030400860909335487
215,39,0.0073474656208112
124,129,0.00367247007616975
180,131,0.002001868410516482
147,241,0.008339124391938846
40,35,0.002073255010366275
124,28,0.006936887921653972
71,79,0.004020936600922042
34,89,0.00847816871555744
95,255,0.00543270783778228
58,116,0.005797101449275362
197,255,0.002700627498742355
86,36,0.002106674327300584
175,101,0.011982570806100218
131,145,0.005917820455560518
200,94,0.0022903453136011278
255,116,0.002708774981428131
32,235,0.010238408658768466
40,89,0.010859907197156678
173,193,0.005328005328005328
255,227,0.002726893877624975
112,41,0.005311909512546413
37,257,0.0024743496735413
256,74,0.0035501125790733967
106,116,0.0024202280109547163
106,72,0.004076173492134259
182,50,0.004054919257309526
106,77,0.0025476084325839117
16,198,0.006498375406148463
37,236,0.0031479946108405018
9,75,0.00405588102748986
54,170,0.012644889357218124
168,249,0.002340645582711883
131,64,0.004801250558284949
60,235,0.011139564660691421
256,76,0.003955158980712643
81,254,0.036656891495601175
82,17,0.0050285835274190135
17,239,0.0024777288116358685
228,112,0.008457820738137082
49,125,0.004336345877251358
80,88,0.0024190547078526236
201,210,0.015917602996254682
217,74,0.003308177401013129
19,226,0.008620689655172414
16,70,0.00424893776555861
180,197,0.039903910316295206
212,216,0.004467255964261952
167,208,0.007374204742625796
37,227,0.00277230801119287
112,177,0.0034752044820888224
208,60,0.006913580246913581
134,89,0.0033173109471261253
78,259,0.0070979190191966446
256,228,0.006266306095948345
228,161,0.006517281780902167
157,92,0.006562580423779703
126,236,0.0038747174685179204
82,256,0.004128731738301927
146,228,0.002129779792493015
157,33,0.004375053615853135
80,77,0.0022902293092095845
198,263,0.0024804570054119063
167,60,0.011061307113938693
91,150,0.004324062543240625
250,236,0.009458476249870076
250,241,0.008730901153726224
157,177,0.0038174487432444024
69,50,0.005947071067499257
36,195,0.00266164366733549
169,263,0.0034438871003967956
31,75,0.020104244229337303
159,186,0.005247335337523914
248,114,0.002125624402168137
185,182,0.01243027888446215
18,43,0.0020090845562543676
20,51,0.013224984066284258
150,71,0.01054179946065212
228,229,0.00406414762741652
173,17,0.003885003885003885
47,126,0.010478265380226165
247,78,0.012442154893914259
174,220,0.018762564217109673
242,236,0.003304551753544398
183,213,0.021283354510800507
82,255,0.004896252381960618
189,229,0.003465645778762845
47,145,0.0020749040356883492
254,200,0.0036041939711664484
157,76,0.003989019473277859
157,238,0.004332160933344771
259,167,0.010533707865168539
192,92,0.06090266449157151
6,90,0.006477732793522267
227,186,0.004940088290939668
248,7,0.0030821553831437984
124,162,0.0024483133841131663
82,177,0.0027524878255346177
11,87,0.0036515388628064684
17,125,0.0033099430689792135
201,149,0.011548064918851436
126,31,0.003013669142180605
83,135,0.005011326971922839
61,249,0.0030246853351546493
126,161,0.0036594553869335918
247,31,0.0020082074565615994
243,158,0.004176150420583869
135,171,0.005724936759419518
247,250,0.0063302191565528685
228,261,0.004906268306971295
119,3,0.0029224686264397457
235,263,0.004911032028469751
175,134,0.011982570806100218
126,241,0.009686793671294802
128,170,0.008086253369272238
61,116,0.0021031862187096844
153,119,0.008084074373484237
173,80,0.00444000444000444
203,139,0.03174067195677866
179,114,0.0034279752589611743
11,137,0.009128847157016172
116,4,0.003649993131733354
6,133,0.0024291497975708503
212,239,0.0049424959604600326
174,248,0.008041098950189859
94,126,0.013347763347763348
228,158,0.003661394258933802
97,198,0.0078072495889039825
254,248,0.0060288335517693315
15,95,0.017326732673267328
212,51,0.015207679878338562
198,186,0.00473541791942273
252,186,0.002574002574002574
174,200,0.008711190529372347
36,66,0.005077597149993858
179,50,0.0047196760811784285
54,142,0.005795574288724974
248,60,0.008502497608672548
160,37,0.009697439875872769
147,152,0.0118137595552467
31,238,0.0193596425912137
256,227,0.0026089753517351474
200,69,0.010747004933051444
20,159,0.011790949649458253
154,72,0.005668934240362812
139,39,0.016773788995140305
160,77,0.002230411171450737
63,160,0.0038981884888786974
191,171,0.003479202102984382
63,102,0.010720018344416419
15,175,0.009900990099009901
159,3,0.0032249248428532387
60,126,0.018053777208706785
83,196,0.009954005629161804
34,33,0.00900805426027978
212,241,0.008934511928523904
173,145,0.008991008991008992
150,228,0.014219171365530768
73,121,0.0171990171990172
51,94,0.004224345226489894
195,107,0.007460935667026419
92,188,0.003053973101544606
126,47,0.01377677322139705
34,177,0.0046629927935565915
220,212,0.003318813524165111
153,47,0.00889248181083266
128,239,0.04582210242587601
85,14,0.0071252270292926
54,144,0.013523006673691605
112,129,0.0058536714280051265
83,223,0.013523717992723278
106,262,0.004076173492134259
34,88,0.00476896990250106
18,248,0.008735150244584208
46,20,0.011402508551881414
197,70,0.002621197278191109
62,106,0.00595911593874934
126,185,0.009794424712086965
255,166,0.0026906560852312878
252,92,0.06486486486486487
203,10,0.016039169339861558
98,73,0.008461297398934503
25,224,0.0037482228253845158
54,49,0.00965929048120829
25,262,0.004200594545689544
202,129,0.008313028522287515
215,83,0.0022836717470088863
35,180,0.00244641192917055
36,77,0.003603456041931125
7,160,0.003751369621334522
198,258,0.009282922429344557
198,188,0.011011725796752856
198,144,0.0036455201443174987
92,134,0.00599048569918365
73,164,0.004422604422604423
36,40,0.0030506531264076
192,33,0.002990755845568244
101,252,0.003766478342749529
191,215,0.014535333230245863
139,35,0.01457908763129017
174,153,0.0033504578959124413
183,39,0.0022236340533672173
64,63,0.0033034450212364322
146,143,0.0033021356415717383
191,135,0.006185248183083346
98,15,0.006894390473205891
124,77,0.010201305767138194
61,40,0.003187302826291996
40,143,0.0028630664428867607
10,101,0.0028858363153641924
174,116,0.009269600178691087
106,148,0.010063053308706452
160,65,0.004169899146625291
182,208,0.00988831187308814
220,119,0.007985895042522298
36,257,0.0030711273084640268
66,125,0.0054313766450804265
10,180,0.00754165223748509
203,215,0.014519669086611514
193,137,0.006042904622822036
196,218,0.0038115265821121115
122,72,0.00276529554096094
98,205,0.01472892510184895
98,83,0.003760576621748668
175,19,0.011256354393609296
130,146,0.0035101470513060813
173,57,0.003774003774003774
218,139,0.016239173884077283
202,68,0.009172996990110363
208,69,0.01654320987654321
171,130,0.013767783386874713
134,260,0.006702322117662988
47,200,0.002593630044610437
3,88,0.009922178988326848
7,228,0.0024885323230634947
102,129,0.012958463496471133
177,102,0.002922214858106887
139,168,0.002194701363850133
19,196,0.003668378576669112
62,114,0.0023761031907671417
225,4,0.004315452503493041
40,190,0.002665613584756639
259,246,0.004096441947565543
259,240,0.01228932584269663
98,130,0.03917267314321529
106,246,0.007451754665307942
89,239,0.0024392103056635416
85,195,0.005402132911097658
252,226,0.011325611325611325
150,26,0.009070850698700662
134,237,0.0038589127344120237
32,213,0.012871142313880356
81,119,0.006476050830889541
32,68,0.007898200965335674
191,7,0.00889129426318231
63,234,0.0020637468470534283
196,163,0.0033515147532365117
136,208,0.006965840589417281
221,37,0.005108556832694764
133,88,0.0022247794399693132
173,180,0.00222000222000222
83,249,0.0021280977552001097
133,33,0.009512850019179134
19,38,0.005135730007336757
182,119,0.003912641388631999
167,145,0.002819548872180451
136,142,0.006831882116543871
40,237,0.0110573600552868
40,164,0.010168822193701254
81,136,0.008308895405669599
235,24,0.002206405693950178
66,263,0.005147870721298756
213,163,0.004193849021435228
47,151,0.004979769685652039
94,47,0.015331890331890332
133,141,0.002761795166858458
167,94,0.008241758241758242
241,239,0.004629629629629629
122,56,0.00846871759419288
247,129,0.0030123111848423994
215,101,0.0033758625825348757
252,223,0.017245817245817245
77,130,0.010315571018738937
85,255,0.00689237647277977
78,127,0.007662526213905468
225,34,0.0028298049203233054
66,95,0.0042675102211346206
69,141,0.004410744375061949
254,247,0.013958060288335518
185,136,0.00749003984063745
179,249,0.0036515388628064684
122,236,0.002246802627030764
127,163,0.00669774177490157
182,220,0.005406559009746034
54,163,0.008956796628029505
243,261,0.0023156853043047997
191,73,0.0025514148755218804
182,213,0.01757131678167461
257,85,0.0058823529411764705
89,195,0.005488223187742968
198,65,0.005750150330727601
191,122,0.012834389979897944
212,247,0.014637391882900865
85,257,0.003446188236389885
257,29,0.0030637254901960784
92,226,0.011746050390556175
177,227,0.004247755618485269
16,216,0.006498375406148463
201,71,0.012796504369538077
34,17,0.014306909707503179
134,157,0.0042651140748764475
19,92,0.012839325018341893
7,197,0.003361375749809646
195,144,0.005208577729810896
135,83,0.00519238450272933
134,53,0.0033173109471261253
133,132,0.0021480629075565786
160,131,0.0029092319627618307
19,173,0.0045854732208363905
53,98,0.003954305799648506
78,32,0.00564607194708824
215,179,0.003624087772427146
256,39,0.0023945390214555463
102,140,0.006594932315168344
203,122,0.006415667735944623
191,80,0.003943095716715633
11,188,0.009128847157016172
258,112,0.004043545878693624
168,151,0.0069130695117304445
235,200,0.003131672597864769
258,124,0.013499222395023328
126,78,0.01668281132278549
19,203,0.010638297872340425
16,72,0.0047488127968008
219,77,0.004395768141856654
196,148,0.0032857987776828547
167,250,0.0076633892423366105
58,14,0.002898550724637681
174,182,0.01027473754746482
228,143,0.0021968365553602814
177,157,0.00207868891968428
147,259,0.00472550382209868
52,39,0.005736914250901152
54,234,0.018967334035827187
95,218,0.003876310457228438
159,60,0.0080896419786827
159,220,0.004208800218638973
52,80,0.00741229628877494
119,18,0.009626955475330927
83,76,0.006727534839019702
160,53,0.004072924747866563
160,228,0.0035880527540729248
185,241,0.009721115537848605
49,66,0.009338170577249212
193,198,0.0020394803102024373
19,73,0.003851797505502568
46,250,0.01710376282782212
208,183,0.011728395061728396
54,133,0.004039339655778012
28,218,0.008243141203121068
6,227,0.029149797570850202
196,223,0.009463100479726622
53,35,0.003954305799648506
218,37,0.004663557628247834
32,212,0.010530934620447565
98,92,0.03635224067690379
150,72,0.008335376317724933
193,4,0.002543055695437607
20,259,0.0074888463989802425
101,86,0.006725854183481302
219,38,0.0068544181195052895
223,232,0.003019684927214198
257,188,0.018137254901960786
205,16,0.003985698376414043
149,130,0.003810640480726953
35,68,0.0027085274930102516
159,50,0.004864717135829462
131,53,0.0029030817329164806
196,50,0.00203719524216337
225,114,0.0052528253833501355
83,173,0.014622091027665271
72,161,0.003085948241620581
135,107,0.0035947277326587672
247,112,0.002182834191914782
83,236,0.004599437083819592
3,90,0.002723735408560311
258,16,0.003048211508553655
260,89,0.003156822810590631
71,29,0.0029463759575721863
89,189,0.006155194755697843
139,85,0.0064273397084182475
196,193,0.002102911217717027
133,13,0.005446873801304181
160,75,0.0074670287044220325
85,144,0.002701066455548829
227,125,0.00430943872188354
29,97,0.003214086081609838
20,166,0.006851497769279796
136,94,0.007367716008037508
102,231,0.004396621543445563
225,141,0.003183530535363718
129,97,0.002874885004599816
248,116,0.011797215432033159
221,186,0.021711366538952746
167,125,0.0020965876229034125
212,237,0.003136583974907328
221,144,0.006385696040868455
69,200,0.0024779462781246903
196,73,0.004337254386541368
260,256,0.005626272912423625
146,36,0.006037632622755427
89,88,0.002782224254897477
182,241,0.007113893433876361
212,127,0.008079079935367361
180,177,0.009475510476444682
252,64,0.0069498069498069494
71,261,0.0024957537522964403
106,125,0.003057130119100694
247,220,0.006461189208067755
85,223,0.003213337679877055
185,239,0.005099601593625498
17,41,0.004917629702483403
127,161,0.015567724125446894
51,220,0.005264184051472022
63,87,0.0020064205457463883
34,72,0.002543450614667232
227,11,0.009249527012823208
198,134,0.0035327720986169575
122,53,0.0032837884548911167
52,226,0.0022338427171650506
49,50,0.0028551188201704483
95,112,0.0072240331248348165
250,18,0.012472715933894606
40,50,0.0036528778754072464
122,215,0.018838575872796404
133,35,0.004219409282700422
21,71,0.003323699421965318
101,35,0.002959375840731773
235,212,0.005124555160142348
54,97,0.010186160871092378
221,14,0.08939974457215837
210,132,0.0022873229524060876
55,36,0.0030370645841080947
124,256,0.002584330794341676
131,82,0.02110317105850826
119,208,0.005415162454873646
179,216,0.0020369128350349007
37,40,0.0022800290185511453
78,208,0.009598322310050008
121,16,0.014177271712435812
126,116,0.012162307609514584
193,143,0.0021653741565112296
82,116,0.0020643658691509633
168,144,0.003021065810244407
20,213,0.017049075844486936
169,208,0.00920865463801752
66,74,0.004655465695783223
258,92,0.011570762052877138
173,252,0.006882006882006882
258,196,0.011010886469673405
53,181,0.0026362038664323375
65,82,0.002320152385317159
102,85,0.0025454124725211155
202,163,0.0058764511967894515
19,71,0.0022010271460014674
108,142,0.0022402205755643633
200,248,0.0033474277660324172
196,122,0.0032857987776828547
121,21,0.0025675373967403436
250,167,0.010082112046564807
19,56,0.005135730007336757
228,256,0.00926332747510252
198,217,0.0023301262778111847
38,82,0.008118811881188119
37,13,0.0022541195978857914
62,195,0.005845968167760429
62,125,0.002640114656407935
126,151,0.005273920998816058
71,87,0.0021144580401400393
121,65,0.004800178611297164
98,86,0.003760576621748668
177,119,0.004006748207507381
55,142,0.0031610264038676086
254,107,0.004062909567496723
188,145,0.0062747089332994815
37,144,0.006503264587003834
19,17,0.002751283932501834
67,123,0.009834453368300279
180,164,0.002535699986654211
250,235,0.00904271905207359
17,95,0.004236727128293393
14,214,0.0024175444655499916
218,180,0.003914057295136575
102,28,0.006479231748235567
242,167,0.012578616352201259
205,82,0.005919934353203212
196,65,0.003417230728790169
149,62,0.0046900190532024036
121,75,0.008484036615315918
258,91,0.002177293934681182
220,113,0.004044803982576229
159,232,0.0036075430445476906
133,236,0.0026083621020329883
94,243,0.016955266955266956
257,97,0.015073529411764706
242,161,0.003624347084532566
126,159,0.02195673232160155
169,162,0.0030695515460058397
94,220,0.00937950937950938
98,237,0.0031338138514572234
136,140,0.00884125920964501
64,73,0.008022652194431336
136,246,0.0024112525117213662
247,81,0.0063302191565528685
215,175,0.0026808320508365188
91,219,0.0022139200221392
216,117,0.0025233520740183275
56,37,0.009689659845507521
221,150,0.0038314176245210726
258,98,0.002986003110419907
134,36,0.004129713628054973
221,229,0.002554278416347382
203,134,0.0033766672294445383
20,169,0.02087316762268961
200,263,0.011627906976744186
227,40,0.005780954383014505
191,71,0.005644038967063553
208,185,0.017037037037037038
190,255,0.028015889609031987
258,170,0.004230171073094867
221,149,0.007662835249042145
212,166,0.007033551943731584
18,254,0.016247379454926623
160,134,0.008727695888285493
22,85,0.003821399839098954
257,246,0.01213235294117647
216,155,0.0022577360662269248
160,145,0.014449185415050426
258,145,0.00640746500777605
256,146,0.00375263577989302
32,126,0.01228609039052216
9,121,0.013970256872465074
178,211,0.0021002100210021
7,211,0.002284249818931417
257,88,0.004044117647058824
173,215,0.005661005661005661
248,185,0.008289935168455734
134,39,0.0027080089364294904
252,10,0.002574002574002574
51,136,0.004679274712419575
95,87,0.0032596247026693685
180,146,0.002802615774723075
18,147,0.006201956673654787
189,80,0.01624017731210961
194,254,0.004158790170132325
98,124,0.0034471952366029457
47,208,0.008092125739184563
196,102,0.010711704015246107
62,149,0.003583012747982198
34,230,0.008266214497668503
240,42,0.0343042071197411
133,37,0.011277330264672036
220,81,0.00394109105994607
254,240,0.0036041939711664484
95,89,0.0025842069714856254
200,119,0.007047216349541931
194,79,0.006427221172022685
241,213,0.009567901234567902
194,229,0.008695652173913044
121,241,0.00323732976110739
14,238,0.0027197375237437405
123,77,0.0034167309599911827
18,94,0.009521313766596786
49,129,0.003434729407723848
15,173,0.006930693069306931
14,198,0.002849248834398204
127,164,0.0071955469068199305
101,177,0.0026903416733925207
93,188,0.0035198873636043647
130,173,0.005162983284202634
202,243,0.005446466962878028
121,134,0.009823621344050012
202,241,0.002149921169557116
126,163,0.0029060381013884403
182,183,0.0034858077825994167
3,69,0.014591439688715954
167,181,0.005494505494505495
247,246,0.0061119357373613905
208,152,0.003580246913580247
108,145,0.0022402205755643633
202,43,0.002723233481439014
83,231,0.0026086359579872314
127,138,0.0025795356835769563
139,64,0.0023514657469822856
102,75,0.006594932315168344
32,183,0.003949100482667837
36,114,0.004238155685680357
223,255,0.007264336381505854
189,236,0.004392504533548257
89,82,0.002591660949767513
197,39,0.005004103894728481
257,186,0.005637254901960784
205,88,0.0020514623996248753
218,179,0.0022485009993337777
34,143,0.004874947011445528
19,160,0.0025678650036683784
208,20,0.01
127,143,0.012988188441869938
121,196,0.009377093101138647
220,79,0.0028002489110143126
193,88,0.008510424010474369
52,177,0.003909224755038838
250,141,0.003949693379066625
126,263,0.003013669142180605
171,75,0.00986691142726021
250,151,0.0031181789834736516
175,98,0.017429193899782137
18,241,0.01563591893780573
214,227,0.039923954372623575
257,211,0.006004901960784314
11,97,0.006781429316640584
203,35,0.00709100118183353
196,131,0.006703029506473023
217,164,0.006306213170681278
193,113,0.003172524926981569
208,58,0.004320987654320987
133,65,0.007825086306098964
135,16,0.007722007722007722
17,244,0.0037071362372567192
102,92,0.00740483628369779
241,250,0.0048353909465020575
67,17,0.004261596459596787
60,236,0.0023047375160051217
54,68,0.019494204425711276
60,94,0.00678617157490397
182,60,0.004837447535035925
93,76,0.002886307638155579
54,87,0.0136986301369863
54,162,0.023533544081489288
38,134,0.004356435643564357
53,16,0.013181019332161687
198,231,0.004434756464221287
217,144,0.006306213170681278
250,20,0.011849080137199874
101,130,0.03416733925208502
54,79,0.021777309448542326
179,196,0.003552177261097449
15,92,0.047524752475247525
196,233,0.005125846093185254
34,181,0.00953793980500212
213,212,0.015901677539608573
26,87,0.002335456475583864
47,213,0.014628073451602863
167,248,0.004988432620011567
49,92,0.002168172938625679
126,3,0.006350231406737703
8,7,0.0621301775147929
18,259,0.007424877707896575
179,239,0.005117122488014506
152,265,0.004153779491087304
196,15,0.002102911217717027
119,248,0.004039883101254942
195,256,0.009666369480549952
220,161,0.006948765816220701
134,223,0.009071829937038792
97,143,0.003017087295345678
54,113,0.011064278187565859
94,3,0.00955988455988456
106,41,0.004522004967836443
40,188,0.010662454339026557
189,13,0.0042716099133588556
56,258,0.008673261959615123
147,61,0.0030576789437109105
20,254,0.015933715742511154
240,254,0.031067961165048542
228,165,0.0057117750439367315
106,4,0.006241640659830584
54,129,0.003863716192483316
66,129,0.002805216508997583
19,122,0.008620689655172414
112,89,0.006448288164484203
9,171,0.027489860297431275
192,137,0.005437737901033171
159,94,0.0061218912271112326
26,66,0.002760084925690021
135,205,0.009719078684595926
63,255,0.004356798899335015
178,61,0.009000900090009001
129,181,0.0027270337757918255
19,129,0.008437270726338958
160,236,0.003878975950349108
227,66,0.0037838974143367668
228,236,0.005455477445811365
54,75,0.010186160871092378
121,234,0.003014065639651708
191,15,0.0030153084892531315
49,34,0.002554579996994612
147,229,0.002640722724113968
167,246,0.004120879120879121
256,14,0.0034309812844736183
217,186,0.0059960715393362965
135,188,0.0035947277326587672
62,168,0.0024892509617560534
248,51,0.012753746413008821
91,226,0.0022139200221392
258,249,0.002363919129082426
136,166,0.010716677829872739
173,37,0.008991008991008992
73,16,0.027518427518427518
119,32,0.0036101083032490976
69,129,0.002279710575874715
51,126,0.008253720673295639
208,231,0.0044444444444444444
54,229,0.019494204425711276
3,146,0.0048638132295719845
198,234,0.0037958508719182203
38,10,0.013861386138613862
26,68,0.00389242745930644
102,170,0.0046280226773111185
212,45,0.0021861039825111683
169,234,0.0026952159916148835
72,21,0.0027804088117571574
244,125,0.003052232995965744
182,243,0.00611794835313367
159,4,0.0025690079256627495
185,69,0.015139442231075698
248,166,0.011903496652141566
39,198,0.0022882738138708344
175,226,0.010167029774872912
190,166,0.0020907380305247754
153,168,0.016168148746968473
122,203,0.007258900795022468
136,220,0.013261888814467515
67,91,0.0075397475823635466
205,265,0.0020514623996248753
28,177,0.002894538132393657
106,261,0.004967836443538628
214,210,0.005703422053231939
127,263,0.00941304249445626
60,87,0.0038412291933418692
106,87,0.007961276351824725
122,16,0.010197027307293468
188,195,0.004352399260092126
247,90,0.002444774294944556
127,128,0.0024890256595917998
31,248,0.004467609828741623
112,63,0.002233116188110308
83,157,0.013523717992723278
220,246,0.005081933208877826
192,157,0.008156606851549755
126,169,0.01743622860833064
53,175,0.004393673110720563
258,83,0.0052877138413685845
67,25,0.009178823143746927
221,25,0.006385696040868455
38,80,0.008514851485148515
80,92,0.0031776931665282986
69,20,0.00807810486668649
219,92,0.003948740873193265
175,148,0.0032679738562091504
67,148,0.005736764464841829
126,60,0.010440210956839953
28,83,0.005977850490812987
169,212,0.007786179531331886
145,116,0.0032112464988493035
86,124,0.005841233362060711
189,39,0.012089462018940157
248,142,0.008608778828780955
106,158,0.006050570027386791
198,260,0.0068400481058328326
248,68,0.00605802954617919
191,197,0.013298283593629194
71,132,0.003154355436930223
220,90,0.005081933208877826
38,225,0.008712871287128714
220,51,0.0074673304293715
3,250,0.009922178988326848
95,262,0.0025548409831732885
98,122,0.005640864932623002
169,182,0.006513438646402635
244,144,0.0036095972821855757
185,250,0.011155378486055778
185,81,0.009561752988047808
9,98,0.020279405137449302
212,41,0.016348255869213953
126,235,0.013130986976644065
20,167,0.017845761631612493
247,183,0.0024011176111062606
120,137,0.006597549481621112
179,135,0.0021611148371711753
95,256,0.004463630223475171
203,28,0.007259834543305757
34,164,0.012929207291225096
179,143,0.003552177261097449
228,148,0.008531048623315758
94,164,0.005230880230880231
136,126,0.008037508372404554
97,151,0.0021162508043182956
196,255,0.00407439048432674
173,121,0.005217005217005217
112,209,0.003263785198007373
200,241,0.01004228329809725
126,220,0.007426541814659348
134,38,0.002166407149143592
165,228,0.010636608985553263
228,157,0.0020869947275922673
223,258,0.003247585676437911
72,256,0.0023832075529347063
155,17,0.005828607435412729
82,124,0.002884818970993013
208,247,0.011358024691358024
92,255,0.003406354613261291
147,3,0.0037526059763724807
16,7,0.014496375906023495
220,47,0.004044803982576229
180,102,0.007874015748031496
92,179,0.007987314265578199
106,243,0.0024202280109547163
248,223,0.0023381868423849508
46,169,0.011402508551881414
86,226,0.002010916403332376
260,16,0.0032077393075356417
250,79,0.0020787859889824342
62,36,0.012898845892735914
54,255,0.009834913944502985
95,263,0.0024667430182362788
21,68,0.0037572254335260114
36,35,0.006224151345153761
126,182,0.0073189107738671835
185,60,0.008127490039840637
180,117,0.02001868410516482
157,236,0.0037316633782276745
165,48,0.003413240196856644
260,262,0.003029531568228106
250,220,0.00426151127741399
112,74,0.004439804965710435
178,75,0.003000300030003
80,22,0.002218659643296785
256,71,0.0022158420795558784
67,106,0.005245041796426815
83,215,0.004324843825084094
83,42,0.0024713393286194822
167,220,0.004988432620011567
131,175,0.007704332291201429
122,219,0.013480815762184583
47,141,0.0032161012553169415
11,165,0.013302034428794992
32,141,0.0024864706742723417
235,232,0.004270462633451958
250,163,0.00363787548071926
32,159,0.014041246160596753
227,162,0.004414546983392895
78,243,0.01226004194224875
260,252,0.002138492871690428
32,136,0.010238408658768466
167,142,0.004699248120300752
250,50,0.003949693379066625
179,49,0.002856646049134312
147,88,0.00236275191104934
85,226,0.006380105248451544
28,129,0.01768185250440473
248,220,0.004357530024444681
34,61,0.019817719372615516
126,248,0.008825745344957486
212,183,0.004182111966543104
160,35,0.0037820015515903803
212,126,0.014827487881380098
134,80,0.0027757091598402273
179,4,0.003949623667933527
131,101,0.00949084412684234
225,232,0.006367061070727436
167,239,0.002313475997686524
71,256,0.002842386217893168
259,248,0.007373595505617977
218,28,0.007744836775483012
257,144,0.007230392156862745
198,239,0.0024052916416115455
243,265,0.006927263730826323
185,163,0.0027091633466135457
254,87,0.0020969855832241153
180,191,0.004671026291205125
72,258,0.002199883895016652
167,236,0.005566801619433198
63,217,0.0020064205457463883
190,236,0.004599623667154506
117,205,0.006575670020922586
200,50,0.007751937984496124
15,258,0.0039603960396039604
188,114,0.0025388995683870734
159,151,0.005301995080623121
259,236,0.003745318352059925
17,4,0.004709576138147566
225,197,0.0021930988132505616
228,145,0.0046865846514352666
223,135,0.002364470273196023
20,185,0.011950286806883365
134,131,0.0069054227878952
56,61,0.005420788724759452
86,121,0.002010916403332376
47,185,0.006328457308849466
7,258,0.0037049417794863225
95,219,0.0032302587143570316
219,89,0.007152436298614216
60,81,0.004225352112676056
173,260,0.021534021534021536
124,160,0.007752992383025027
34,142,0.0057227638830012716
228,87,0.007469244288224956
202,164,0.007166403898523721
145,53,0.0021943517742136908
32,250,0.007459412022817025
128,50,0.05175202156334232
210,216,0.004310724025688396
252,160,0.005148005148005148
26,79,0.0036801132342533615
40,125,0.008638562543192813
82,174,0.0021437645564260006
20,147,0.0058954748247291265
190,67,0.0020907380305247754
54,106,0.007200561995082543
179,80,0.00655786571279529
54,4,0.009834913944502985
83,177,0.002402691013935608
46,244,0.010262257696693273
40,37,0.010563727909961497
129,166,0.0024970429754238403
194,37,0.004158790170132325
7,97,0.0033056623395918065
256,257,0.0020609713965761664
189,4,0.007173080797904493
95,144,0.0029953308078583384
153,74,0.01818916734033953
190,123,0.0020907380305247754
226,228,0.002341226025436552
28,77,0.003775484520513466
136,20,0.008573342263898191
106,100,0.0026749888542131075
83,181,0.0023340426992517335
252,173,0.014414414414414415
62,230,0.002451535038093083
217,91,0.0021709914194148663
160,164,0.004072924747866563
150,76,0.02108359892130424
126,247,0.018512539016252286
247,148,0.004016414913123199
183,220,0.0031766200762388818
203,218,0.012324835387472564
56,134,0.005759588020056918
63,42,0.0032102728731942215
257,71,0.008088235294117648
260,53,0.005142566191446029
135,225,0.002263347090933298
34,225,0.013353115727002967
52,7,0.003909224755038838
121,93,0.0053583389149363695
20,241,0.01449968132568515
52,45,0.0040615322130273645
64,216,0.008022652194431336
189,141,0.005037275841225065
173,192,0.011433011433011434
160,173,0.008145849495733127
53,56,0.018892794376098417
49,257,0.0025760470557928856
252,130,0.014671814671814672
49,163,0.0037352682308996843
40,4,0.004689505380590384
219,80,0.0031291908806437194
64,53,0.004247286455875413
28,36,0.004593506166624716
92,193,0.0035825453691196336
171,7,0.018357044515832952
92,10,0.004463499148411347
101,196,0.00780199085283831
92,131,0.003406354613261291
53,36,0.0048330404217926184
51,119,0.005849093390524468
53,174,0.0028558875219683658
34,74,0.0028613819415006358
185,212,0.01099601593625498
175,82,0.013071895424836602
214,29,0.005703422053231939
257,107,0.007352941176470588
171,157,0.0034419458467186783
168,4,0.0028305481465353004
57,80,0.006097560975609756
191,162,0.002628730477810422
200,262,0.007399577167019027
191,82,0.012370496366166692
159,17,0.0022410494670675046
135,223,0.007455731593662628
235,60,0.005765124555160143
197,101,0.0025152903174561147
56,177,0.004065591543569589
95,15,0.002114351158488239
228,116,0.003405096660808436
15,197,0.005940594059405941
20,168,0.01864244741873805
195,133,0.003894702266435174
220,168,0.009645301804604853
145,151,0.0024708757782812697
101,258,0.006725854183481302
257,62,0.008088235294117648
195,188,0.00783632865656234
53,83,0.011862917398945518
180,71,0.00560523154944615
155,49,0.006379962192816635
223,80,0.005782981511551719
217,246,0.0027912746821048278
124,48,0.002856365614798694
177,258,0.006657829728264144
217,76,0.009821151659257728
38,197,0.007920792079207921
217,70,0.002067610875633206
122,197,0.018320082958866227
80,211,0.0046663422175145285
171,175,0.009178522257916476
69,147,0.006839131727624145
250,159,0.017357863008003325
64,179,0.004719207173194903
106,95,0.0026112986433985096
36,71,0.003296343311084722
98,102,0.00407395800689439
175,210,0.002178649237472767
208,159,0.013333333333333334
58,243,0.013043478260869565
80,72,0.002247287509661905
16,171,0.035741064733816545
19,258,0.00788701393983859
153,107,0.0032336297493936943
102,181,0.003471017007983339
7,265,0.0022099652719742976
174,212,0.00569577842305115
16,205,0.007748062984253936
168,81,0.006749768657122639
94,51,0.011544011544011544
58,247,0.017391304347826087
173,198,0.011322011322011322
127,262,0.006788251798886727
259,3,0.011118913857677902
94,246,0.0027056277056277055
150,89,0.02108359892130424
147,126,0.01904100069492703
60,230,0.006145966709346991
208,90,0.003580246913580247
157,62,0.0030882731406022134
225,211,0.0038025503616844415
198,77,0.0037206855081178595
3,166,0.008754863813229572
198,223,0.008042693926638604
47,177,0.002386139641041602
228,79,0.009409783245459871
242,237,0.004370536190171624
83,68,0.004324843825084094
83,263,0.0024713393286194822
258,192,0.0039813374805598755
155,36,0.0020478890989287964
155,154,0.002205419029615627
19,134,0.008437270726338958
85,130,0.0043310203511386395
223,158,0.0024214454605019516
157,244,0.002873809728060393
177,56,0.00222931855154546
160,70,0.004848719937936384
14,236,0.004101191504058021
259,247,0.010416666666666666
167,37,0.0022411798727588203
126,136,0.005919707243569045
258,131,0.003048211508553655
135,10,0.00519238450272933
58,183,0.015942028985507246
147,208,0.010284920083391245
192,56,0.019032082653616094
67,261,0.00885100803147025
257,226,0.005392156862745098
193,218,0.0022409104642965054
147,113,0.002779708130646282
190,186,0.0037633284549445953
198,107,0.0037206855081178595
28,16,0.00591492574880443
190,144,0.004808697470206983
180,121,0.004804484185239557
217,211,0.002481133050759847
189,91,0.005641748942172073
40,256,0.012143350775002467
96,255,0.006463527239150508
134,175,0.0025726084896080157
38,95,0.006732673267326733
217,261,0.004548743926393053
67,65,0.008687100475331912
14,255,0.005568986358141945
247,126,0.010564917488867545
173,79,0.00222000222000222
32,243,0.010092145677928916
189,190,0.0031029619181946405
185,166,0.007649402390438247
106,190,0.0039487930705050635
191,91,0.0042523581258698
102,230,0.0038181187087816732
29,181,0.007825600894354388
136,145,0.0029470864032150033
200,114,0.0028188865398167725
168,183,0.002884981764737902
35,198,0.003989981360671016
28,41,0.0030833123584193306
160,48,0.0032001551590380138
123,195,0.002204342554833021
64,192,0.0066068900424728644
108,155,0.0182664139238325
9,216,0.004957187922487607
252,36,0.0036036036036036037
200,78,0.004228329809725159
128,41,0.023180592991913745
190,80,0.016307756638093248
260,188,0.0021130346232179228
217,258,0.003308177401013129
127,237,0.006652486762908992
117,188,0.012952077313938428
56,218,0.002100555630844288
54,48,0.007376185458377239
256,151,0.002406452150915524
19,25,0.0020176082171680116
252,148,0.002574002574002574
198,42,0.0027059530968129887
192,216,0.018760195758564437
139,175,0.0028217588963787427
106,237,0.003057130119100694
135,53,0.004792970310211689
51,18,0.011048287515435108
223,175,0.0021935447112782385
19,10,0.011371973587674248
62,162,0.0034698649769932866
205,62,0.0032823398393998005
180,198,0.008941678900306954
86,258,0.003160011490950876
258,179,0.0026749611197511665
139,134,0.0034488164289073523
20,162,0.007966857871255577
89,249,0.0028584495769494625
73,101,0.0034398034398034397
47,51,0.011308226994501505
257,249,0.007720588235294118
133,79,0.007364787111622554
157,171,0.00231620485545166
192,191,0.007884719956498096
53,76,0.007469244288224956
92,16,0.017325424326070357
171,15,0.009637448370812299
93,82,0.003942273847236889
106,29,0.004203553913763454
20,235,0.009560229445506692
56,122,0.0023715950670822605
102,223,0.005437926645840564
60,119,0.009859154929577466
22,178,0.006335478680611424
92,80,0.005050801667939155
217,133,0.004135221751266412
153,136,0.012934518997574777
122,98,0.007258900795022468
32,51,0.020038028375018283
248,147,0.00807737272823892
241,248,0.005761316872427984
240,35,0.007766990291262136
54,112,0.012469265893923429
217,79,0.010854957097074331
135,239,0.002130209026760751
192,179,0.0070690592713431215
106,244,0.0029934399082860966
175,129,0.017066085693536674
191,139,0.009664450286067728
29,162,0.007406372275013974
257,189,0.011887254901960784
49,224,0.0023613764678101453
121,36,0.003014065639651708
179,197,0.0020865936358894104
220,262,0.0045633685957270275
106,52,0.005158907075982422
159,61,0.0033342443290516536
98,192,0.009714822939517392
80,260,0.004065157023847013
183,250,0.010800508259212199
183,241,0.007306226175349428
82,89,0.0046051238619521494
16,82,0.0142464383904024
178,210,0.019801980198019802
217,72,0.0055825493642096555
196,16,0.004600118288755997
121,10,0.009377093101138647
10,38,0.0038093039362807344
173,102,0.003885003885003885
133,217,0.0026083621020329883
19,61,0.005135730007336757
259,94,0.005852059925093633
194,50,0.004536862003780718
83,216,0.007619962929910071
160,232,0.0033941039565554693
54,158,0.01053740779768177
58,262,0.002898550724637681
160,226,0.023273855702094646
201,107,0.003121098626716604
17,260,0.0024399008908475347
10,222,0.0020393243295240295
139,117,0.0032920520457751998
136,129,0.003884795713328868
91,148,0.002732807527328075
38,129,0.0029702970297029703
83,49,0.002677284272671106
241,185,0.007510288065843622
19,255,0.003484959647835657
146,249,0.0032825963774204265
258,70,0.0041057542768273714
29,227,0.006288429290106205
178,67,0.0063006300630063005
155,216,0.005356017643352237
81,248,0.005376344086021506
36,224,0.002006469841529831
73,260,0.009336609336609337
228,186,0.004503514938488576
210,11,0.006773994897510337
173,89,0.004107004107004107
131,38,0.006476105404198303
38,62,0.015247524752475247
247,241,0.009866410547454815
92,97,0.0034650848652140716
16,146,0.0029992501874531365
121,237,0.002344273275284662
171,244,0.005048187241854061
203,258,0.0027013337835556307
147,127,0.009173036831132731
20,212,0.007010834926704908
129,152,0.002513470889735839
94,174,0.017135642135642136
53,205,0.004393673110720563
243,128,0.002256308758040574
243,209,0.0020583869371598217
248,92,0.002550749282601764
134,19,0.003926612957822761
94,212,0.008658008658008658
11,216,0.003129890453834116
157,63,0.003002487775585485
101,102,0.004304546677428033
129,65,0.0027106058614798263
185,48,0.005258964143426295
102,89,0.0024297119055883376
180,137,0.004537568397170693
64,56,0.005191127890514393
29,142,0.005869200670765791
6,65,0.004858299595141701
16,260,0.005748562859285179
124,255,0.002040261153427639
83,232,0.0024713393286194822
217,7,0.008477204590096144
184,7,0.007564296520423601
217,71,0.003928460663703091
220,95,0.0021779713752333543
183,238,0.008576874205844982
29,217,0.003353828954723309
56,252,0.004607670416045534
128,233,0.003234501347708895
78,126,0.01217938377157606
169,81,0.006513438646402635
53,215,0.0028558875219683658
106,223,0.003439271383988281
53,203,0.0021968365553602814
106,13,0.0052862874976116175
257,91,0.005637254901960784
257,36,0.008823529411764706
175,56,0.007262164124909223
242,3,0.009807056816970472
136,147,0.004420629604822505
92,28,0.00734128149409761
15,226,0.010396039603960397
92,164,0.004639689904269689
86,82,0.002585463947141626
220,248,0.0036299522920555903
165,223,0.0026194634068899825
217,86,0.0035149384885764497
191,28,0.012525127570743776
83,160,0.009267522482323058
136,232,0.0029470864032150033
80,195,0.0022902293092095845
260,181,0.0031822810590631367
159,148,0.002732987154960372
31,69,0.011169024571854059
63,112,0.0033822517771153406
3,47,0.007392996108949416
177,87,0.0024402000361511116
35,195,0.0031745107176141658
135,7,0.013979496738117428
60,147,0.0088348271446863
28,139,0.003523785552479235
171,226,0.013767783386874713
77,21,0.0023194775071720686
171,145,0.008949059201468563
129,135,0.0038769877776317517
62,166,0.00297955796937467
168,56,0.002204561537205378
191,175,0.007576929024277099
217,55,0.006409593714462938
185,259,0.010677290836653386
53,15,0.005272407732864675
134,173,0.005754518989912667
135,56,0.008787112235388098
51,20,0.009163579645155
223,89,0.0026493462097256643
98,215,0.011908492635537449
92,64,0.004346038644505785
15,101,0.004455445544554455
173,168,0.003219003219003219
135,63,0.003727865796831314
83,74,0.0035697123635614744
159,259,0.005465974309920744
112,40,0.003237357787497192
60,241,0.0076824583866837385
92,227,0.00270159158982792
135,252,0.004393556117694049
63,223,0.0021783994496675074
205,180,0.003340953050817654
92,247,0.00270159158982792
192,74,0.004078303425774877
64,226,0.009438414346389807
101,223,0.0045735808447672855
83,97,0.003775657307613098
203,131,0.0030390005065000845
83,134,0.004324843825084094
131,180,0.002121482804823582
102,56,0.010181649890084462
197,83,0.0026741507585586063
83,244,0.003363767419509851
58,92,0.004347826086956522
21,195,0.003323699421965318
139,63,0.005800282175889638
260,76,0.0027240325865580447
193,17,0.0023668043106052977
98,134,0.009088060169225948
83,191,0.0037070089929292236
57,56,0.037456445993031356
57,235,0.002613240418118467
38,63,0.0025742574257425744
131,68,0.0032380527020991513
131,179,0.004354622599374721
83,188,0.0021967460698839843
39,219,0.0033350373670245135
134,83,0.0031142102768939137
240,168,0.017475728155339806
212,236,0.006178119950575041
242,82,0.0023451657605798957
208,243,0.014320987654320988
252,100,0.0033462033462033462
131,10,0.012840553818669049
53,191,0.00461335676625659
126,81,0.008395221181788828
157,216,0.004246375568328044
131,74,0.0029030817329164806
202,186,0.009172996990110363
201,130,0.009987515605493134
136,116,0.012860013395847287
119,229,0.0044696578992607875
133,226,0.003682393555811277
60,208,0.008450704225352112
101,83,0.0026903416733925207
11,195,0.0028690662493479394
57,164,0.005226480836236934
56,237,0.005420788724759452
174,50,0.005807460352914898
159,226,0.003662202787646898
220,234,0.004874507363617507
192,170,0.005165851005981512
248,200,0.0029758741630353915
93,37,0.008130939809926083
171,56,0.010325837540156035
83,144,0.002402691013935608
119,151,0.0046415678184631255
139,101,0.004075873961435962
157,141,0.00600497555117097
248,50,0.008289935168455734
91,139,0.00380517503805175
122,10,0.013307984790874524
184,141,0.012102874432677761
56,25,0.0033879929529746578
198,70,0.0024052916416115455
257,195,0.006372549019607843
98,135,0.019743027264180507
160,229,0.0031031807602792862
212,78,0.01140575990875392
58,113,0.004347826086956522
223,36,0.006324245790958038
26,257,0.0054493984430290165
169,20,0.009732724414164857
37,158,0.0031350399005078246
56,86,0.002168315489903781
189,226,0.004352206326818457
198,39,0.003495189416716777
71,150,0.002322437519498076
205,179,0.002110075611042729
217,234,0.006099452083117957
228,211,0.0024165202108963092
67,186,0.004261596459596787
15,145,0.006930693069306931
260,28,0.0046334012219959265
153,166,0.012530315278900566
202,144,0.0030098896373799626
189,133,0.0039492242595204514
11,72,0.0020865936358894104
228,155,0.004723198594024604
195,233,0.004927032987658955
217,179,0.0023777525069781868
96,93,0.00554016620498615
257,17,0.009558823529411765
193,83,0.0027696646187934334
177,163,0.0022895704042899317
195,22,0.004833184740274976
40,26,0.002320071083028927
215,102,0.002730477088814973
64,101,0.018404907975460124
38,198,0.0021782178217821784
86,180,0.003926074882696543
252,56,0.015186615186615187
220,186,0.005081933208877826
39,28,0.002385647167652572
178,39,0.006000600060006
106,165,0.003057130119100694
3,182,0.011478599221789884
193,256,0.003122167388458052
160,223,0.012121799844840962
101,171,0.00780199085283831
64,164,0.004247286455875413
102,16,0.003355316441050561
34,49,0.011763459092835948
131,135,0.011947297900848593
54,137,0.013874253600280998
149,90,0.0020518833357760515
192,10,0.005437737901033171
195,80,0.00882173525409413
106,113,0.004012483281319661
227,255,0.003678789152827412
54,40,0.008605549701440113
178,228,0.017101710171017102
15,171,0.019801980198019802
17,142,0.002666868415577538
106,162,0.007324374243678746
128,238,0.044743935309973046
106,66,0.006878542767976562
81,32,0.013440860215053764
15,38,0.0034653465346534654
62,257,0.002640114656407935
192,65,0.004350190320826536
28,171,0.0033979360684621195
228,140,0.00406414762741652
192,173,0.016041326808047852
153,182,0.00444624090541633
29,11,0.011179429849077696
62,52,0.003356717206004375
192,205,0.009516041326808047
15,28,0.005940594059405941
73,15,0.007371007371007371
196,252,0.0037458106065584545
190,37,0.02759774200292703
96,28,0.009233610341643583
217,114,0.0022743719631965263
102,134,0.009487446488487794
133,42,0.0020713463751438435
63,157,0.004242146296720936
219,37,0.004470272686633884
179,151,0.00544004769356882
16,160,0.007748062984253936
92,157,0.00534445292770306
93,260,0.004681450193593805
217,121,0.00361831903235811
46,72,0.004561003420752566
242,183,0.006609103507088796
66,41,0.0036258915515234714
136,167,0.010448760884125921
95,48,0.003142160749420022
157,102,0.006176546281204427
34,42,0.0051928783382789315
121,252,0.005469970975664211
101,29,0.002421307506053269
173,127,0.002886002886002886
173,232,0.00222000222000222
3,208,0.0122568093385214
121,68,0.0074793480687653496
121,173,0.006139763340031257
28,72,0.002139441228290964
56,121,0.005420788724759452
51,164,0.0032494963280691493
200,90,0.005461592670894996
9,56,0.013970256872465074
92,166,0.003817466376930757
73,252,0.008353808353808353
220,32,0.007259904584111181
171,121,0.013538320330426802
38,101,0.005940594059405941
9,131,0.008562415502478594
247,37,0.003885444861608312
101,139,0.009147161689534571
240,151,0.007119741100323625
126,162,0.0029060381013884403
194,35,0.002268431001890359
178,177,0.0021002100210021
40,262,0.003850330733537368
250,137,0.009978172747115684
52,198,0.0042646088236787325
150,216,0.008825692571708753
215,97,0.002631187012858065
16,64,0.01374656335916021
192,98,0.008700380641653072
223,121,0.002279007492237131
21,76,0.010260115606936416
34,228,0.009114031369224248
220,3,0.0028002489110143126
173,9,0.002886002886002886
101,92,0.010761366693570083
38,35,0.007722772277227723
171,192,0.01330885727397889
180,42,0.002001868410516482
131,36,0.003907994640464493
92,186,0.0035238151171668526
98,219,0.002820432466311501
180,160,0.0066728947017216066
183,32,0.007941550190597205
180,135,0.0033364473508608033
126,200,0.0021526208158432892
58,162,0.005797101449275362
175,197,0.011256354393609296
89,163,0.0022677033310465737
191,137,0.005412092160197928
257,255,0.011151960784313726
122,61,0.007950224680262703
54,141,0.009308043554618898
135,36,0.003727865796831314
9,198,0.0031545741324921135
19,192,0.003301540719002201
28,73,0.004908129876667506
147,79,0.002640722724113968
174,147,0.006589233861961134
26,52,0.002618542108987969
160,162,0.004363847944142746
218,92,0.005829447035309793
212,246,0.007413743940690049
83,255,0.008169149447381067
189,162,0.007414870038283296
181,211,0.0033759574501966653
21,177,0.004479768786127168
133,229,0.0035289604909858074
9,252,0.012618296529968454
221,231,0.0280970625798212
185,127,0.009721115537848605
183,46,0.009847522236340533
225,163,0.002741373516563202
52,239,0.004619992892318627
221,181,0.008939974457215836
56,229,0.00257487464426074
165,37,0.005794570566756628
225,237,0.0034665110273960488
173,256,0.004551004551004551
63,227,0.002121073148360468
185,129,0.00350597609561753
189,163,0.002538787023977433
192,219,0.0032626427406199023
60,239,0.0030729833546734955
67,263,0.003933781347320112
58,68,0.005797101449275362
34,258,0.0028613819415006358
149,162,0.0029312619082515023
241,197,0.004012345679012346
128,68,0.020485175202156335
227,249,0.0024174900147151566
171,68,0.002294630564479119
177,161,0.003976622281135145
21,85,0.0037572254335260114
241,247,0.016666666666666666
183,81,0.007306226175349428
212,220,0.006558311947533505
6,87,0.011336032388663968
86,134,0.0045006224265057935
240,162,0.003236245954692557
63,236,0.0034969043797294197
123,11,0.009148021602557038
193,262,0.0024171618491288147
165,106,0.0024607080488966504
219,226,0.004395768141856654
9,226,0.006309148264984227
71,234,0.0029463759575721863
178,62,0.0102010201020102
81,188,0.0028103616813294234
77,82,0.004394799487273393
102,255,0.00740483628369779
62,100,0.005317945236478841
167,212,0.006362058993637941
55,132,0.002107350935911739
16,135,0.00849787553111722
220,92,0.00373366521468575
53,225,0.008567662565905097
53,258,0.007469244288224956
124,75,0.004080522306855278
214,67,0.03802281368821293
179,89,0.002906326849988822
83,193,0.004187547195716345
257,13,0.006004901960784314
124,233,0.002312295973884657
228,50,0.0030755711775043936
9,130,0.022082018927444796
135,72,0.0029290374117960324
98,216,0.011281729865246004
38,72,0.009900990099009901
139,98,0.0023514657469822856
197,171,0.0025417670576398633
52,48,0.004416916281667259
101,37,0.008609093354856066
54,209,0.0043905865823674044
192,256,0.002175095160413268
202,130,0.0030098896373799626
95,19,0.003377088655918715
227,234,0.0033634643682993485
93,181,0.009222104892643435
106,140,0.006305330870645181
54,67,0.0043905865823674044
175,121,0.011982570806100218
98,171,0.014415543716703227
189,146,0.002095506749949627
64,263,0.004247286455875413
63,168,0.002121073148360468
185,47,0.005418326693227091
101,198,0.004842615012106538
53,130,0.015817223198594025
101,203,0.011837503362927092
131,48,0.0029030817329164806
94,230,0.004329004329004329
129,180,0.0021520567748718623
85,133,0.003585898570297583
19,83,0.0025678650036683784
51,183,0.006369012803015533
258,93,0.003110419906687403
85,34,0.005402132911097658
54,43,0.0024587284861257463
122,91,0.003975112340131351
69,220,0.006690454950936664
222,63,0.00649125843863597
83,234,0.003363767419509851
11,107,0.004173187271778821
112,43,0.002074551725049221
122,226,0.013826477704804701
196,142,0.007754485115331537
38,9,0.002772277227722772
67,40,0.0047533191280118015
86,215,0.007373360145552044
250,143,0.0025984824862280427
67,162,0.009506638256023603
57,160,0.012195121951219513
32,246,0.0024864706742723417
205,260,0.003223726627981947
119,250,0.0046415678184631255
183,159,0.01397712833545108
85,77,0.009686583150933731
83,161,0.004187547195716345
227,257,0.00840866092074837
126,243,0.015498869874071682
101,233,0.003228410008071025
208,147,0.007037037037037037
185,220,0.006693227091633466
240,78,0.011003236245954692
190,233,0.003136107045787163
122,223,0.0070860698237124094
83,17,0.004805382027871216
257,163,0.011151960784313726
208,94,0.004074074074074074
250,247,0.011329383639954267
192,9,0.005981511691136488
10,55,0.0032321366732078957
81,94,0.006476050830889541
177,234,0.005633548231608122
64,14,0.0023596035865974517
124,196,0.006664853101196953
219,124,0.004470272686633884
241,68,0.00720164609053498
165,132,0.0025400857278933165
54,186,0.012469265893923429
122,260,0.0025924645696508816
121,9,0.005023442732752847
106,67,0.004585695178651042
192,129,0.048395867319195214
219,117,0.005438831768737893
126,141,0.0023678828974276183
15,98,0.007425742574257425
34,39,0.0026494277236117
80,52,0.002061206378288626
146,97,0.002286093905703511
123,71,0.009478672985781991
11,178,0.009389671361502348
208,164,0.006049382716049383
258,135,0.0050388802488335925
192,16,0.013322457857531268
159,81,0.0062312107133096475
52,114,0.008072295273391887
126,208,0.01183941448713809
178,256,0.0036003600360036
190,85,0.010453690152623877
16,107,0.0049987503124218945
65,81,0.0021053234607507553
133,249,0.0031453778289221327
139,38,0.016773788995140305
240,69,0.013592233009708738
196,171,0.0038115265821121115
214,181,0.03612167300380228
154,89,0.045351473922902494
124,145,0.002040261153427639
34,163,0.004557015684612124
127,141,0.005928406571027741
54,145,0.0035124692658939235
52,75,0.004010763060364523
28,91,0.0020135917442738486
191,124,0.0021648368640791713
180,17,0.006005605231549446
252,75,0.005405405405405406
248,233,0.0030821553831437984
134,73,0.0033850111705368627
257,76,0.004779411764705883
32,125,0.006581834137779728
101,42,0.002421307506053269
73,82,0.02457002457002457
126,212,0.011301259283177269
219,134,0.0023096408880941737
178,89,0.0297029702970297
218,146,0.002581612258494337
221,42,0.002554278416347382
122,69,0.002246802627030764
94,80,0.0027056277056277055
19,93,0.00788701393983859
102,112,0.00856184195302557
190,234,0.00334518084883964
133,158,0.0023014959723820483
160,209,0.0033941039565554693
32,259,0.010530934620447565
250,68,0.0061324186674981815
78,142,0.004920148411034038
19,98,0.008070432868672046
56,228,0.0024393549261417535
32,229,0.0024864706742723417
248,232,0.002763311722818578
53,135,0.007029876977152899
174,239,0.002121956667411213
178,33,0.005700570057005701
21,162,0.006502890173410405
126,82,0.003767086427725756
258,72,0.0038569206842923795
122,173,0.0032837884548911167
135,49,0.0031953135401411262
6,210,0.010526315789473684
214,6,0.06463878326996197
54,125,0.006322444678609062
21,17,0.002601156069364162
63,33,0.0026370098601238246
98,129,0.014102162331557505
252,70,0.013642213642213642
205,175,0.004278764433503311
38,98,0.0033663366336633663
182,90,0.0051220032723909795
195,165,0.0020646614424475623
127,231,0.007829117074716025
127,211,0.002036475539666018
85,256,0.006799236250174638
63,226,0.007796376977757395
174,183,0.0035738217556399374
215,134,0.007049595392940476
60,232,0.0026888604353393084
212,235,0.008649367930805056
256,130,0.002561322833895236
190,142,0.002717959439682208
15,141,0.0049504950495049506
54,246,0.012293642430628733
53,226,0.01625659050966608
130,252,0.0030330396851091382
34,87,0.013883001271725308
259,32,0.010533707865168539
53,198,0.005492091388400703
67,72,0.0026225208982134074
40,239,0.005923585743903643
212,3,0.004657351962741184
203,186,0.002363667060611177
202,236,0.009316325068080836
182,212,0.009603756135733086
32,167,0.01170103846716396
203,63,0.004558500759750127
217,63,0.005272407732864675
135,160,0.005325522566901877
34,14,0.00476896990250106
6,165,0.0024291497975708503
241,3,0.0050411522633744855
247,223,0.0033615646555487646
52,249,0.011778443417779358
47,81,0.006743438115987136
128,75,0.015633423180592992
47,259,0.006120966905280631
34,211,0.008160237388724036
189,129,0.004473100947007858
175,131,0.007262164124909223
108,72,0.003101843873858349
85,141,0.0023750756764308665
256,91,0.002108623914416078
258,117,0.0025505443234836705
191,83,0.0020875212617906293
247,95,0.002182834191914782
49,52,0.0037138011721014105
106,151,0.002229157378510923
175,161,0.00907770515613653
192,87,0.0065252854812398045
102,233,0.0026611130394538934
62,237,0.0038093082899600212
168,113,0.0026400304828261933
85,108,0.0037721790155078472
73,135,0.010810810810810811
63,145,0.0072231139646869984
133,125,0.0023014959723820483
22,123,0.0251407884151247
220,231,0.005911636589919104
215,198,0.003723377848384054
133,255,0.00728807057920982
67,49,0.003933781347320112
218,19,0.0041638907395069955
117,203,0.006675301384875959
51,142,0.0033794761811919154
250,209,0.002182725288431556
63,134,0.0056753038293969275
63,146,0.002751662462737904
21,45,0.002167630057803468
95,146,0.0031715267377323583
83,170,0.007619962929910071
96,89,0.008310249307479225
3,31,0.0021400778210116734
69,60,0.006690454950936664
241,174,0.016666666666666666
240,3,0.005177993527508091
31,181,0.006701414743112435
165,189,0.002936974122876647
86,222,0.005075169970315044
67,114,0.005736764464841829
180,77,0.008941678900306954
131,188,0.0030147387226440374
169,136,0.009508123081530285
58,3,0.008695652173913044
189,195,0.0048357848075760625
120,75,0.04241281809613572
124,131,0.002312295973884657
53,186,0.0026362038664323375
159,212,0.007160426345996174
227,52,0.0035736808913180576
190,21,0.003136107045787163
180,134,0.004671026291205125
102,217,0.0024297119055883376
128,42,0.025336927223719677
190,143,0.003136107045787163
147,20,0.01014593467685893
60,244,0.02240717029449424
185,254,0.01752988047808765
54,36,0.006322444678609062
134,98,0.0035881118407690748
127,113,0.005113816355161334
34,195,0.003391267486222976
202,79,0.00874301275619894
217,89,0.012715806885144216
106,166,0.0048404560219094325
247,232,0.0027940277656509213
171,243,0.002294630564479119
92,256,0.002760321841780701
22,72,0.004324215607401448
208,197,0.0025925925925925925
185,116,0.008127490039840637
159,63,0.0028423066411587864
28,64,0.003209161842436446
220,152,0.008089607965152458
47,263,0.004253553273161116
106,232,0.004713075600280237
98,191,0.018176120338451895
153,78,0.01576394502829426
240,50,0.006472491909385114
259,127,0.010299625468164793
248,17,0.002550749282601764
240,94,0.007766990291262136
157,223,0.009565068199365189
173,169,0.002442002442002442
190,72,0.009617394940413967
213,31,0.0023881640260950605
160,180,0.006012412723041117
69,259,0.0056992764396867875
173,135,0.005106005106005106
220,94,0.004667081518357187
260,73,0.0029022403258655806
34,71,0.00211954217888936
36,239,0.004094836411285369
78,232,0.002984352314889498
147,239,0.002640722724113968
202,102,0.0024365773254980652
139,197,0.010032920520457752
147,60,0.008756080611535788
190,26,0.007317583106836713
179,166,0.0036763792632337235
18,81,0.006551362683438155
96,95,0.03693444136657433
194,231,0.005671077504725898
63,56,0.003955514790185737
227,80,0.004204330460374185
124,112,0.00367247007616975
194,36,0.005671077504725898
52,72,0.0041630705183530485
165,148,0.0020638196539133195
54,257,0.00597119775201967
77,160,0.0021363608618690105
217,22,0.004962266101519694
188,191,0.002103659642377861
203,188,0.00979233496538916
133,45,0.003912543153049482
190,177,0.009199247334309012
184,254,0.018154311649016642
202,223,0.010032965457933208
154,225,0.0045351473922902496
20,92,0.00207138304652645
160,225,0.004363847944142746
202,97,0.0022932492475275907
136,164,0.003750837240455459
49,157,0.0023184423502135973
92,258,0.005696834439419745
98,53,0.004700720777185835
247,24,0.003448878023225356
196,36,0.007557337188670566
200,249,0.005990133897110641
221,89,0.007662835249042145
106,50,0.003439271383988281
15,79,0.0039603960396039604
81,92,0.0024437927663734115
16,197,0.007498125468632842
179,131,0.0021611148371711753
73,225,0.002457002457002457
3,94,0.005836575875486381
93,130,0.005315029919042591
92,196,0.007576202501908733
73,145,0.013267813267813268
208,127,0.009012345679012346
227,148,0.0037838974143367668
220,260,0.002903961833644472
159,82,0.0023503689532659196
106,177,0.006687472135532769
49,143,0.00259751411459116
29,225,0.004891000558971493
56,148,0.006369426751592357
198,45,0.002442874323511726
250,60,0.005924540068599937
120,74,0.061262959472196045
169,200,0.003893089765665943
217,39,0.008063682414969502
197,38,0.002250522915618629
157,41,0.0032598438706356696
92,116,0.0020555588183473307
192,215,0.006253398586188146
157,121,0.002273312172943296
157,239,0.00463240971090332
102,142,0.0025454124725211155
149,67,0.00600908691191558
117,71,0.007073826840689449
241,86,0.00257201646090535
203,226,0.0032078338679723114
73,157,0.0068796068796068794
192,66,0.002990755845568244
57,218,0.002613240418118467
135,197,0.014378910930635069
185,40,0.0022310756972111555
127,114,0.0049327963071910215
258,97,0.0041057542768273714
220,163,0.006015349512549264
47,241,0.009337068160597572
157,151,0.0020159560778931114
157,243,0.0021017414429098397
86,218,0.008713971081106962
26,80,0.0029016277423920735
169,163,0.002844950213371266
235,223,0.002135231316725979
212,142,0.004182111966543104
242,136,0.007035497281739686
147,47,0.012925642807505211
94,50,0.004148629148629149
134,192,0.002369507819375804
198,138,0.002743535778713169
198,50,0.0024052916416115455
190,36,0.018398494668618023
202,255,0.008026372366346568
15,146,0.0034653465346534654
136,242,0.011654387139986604
101,134,0.0129136400322841
56,193,0.003116953516736685
81,147,0.007575757575757576
20,94,0.009560229445506692
192,228,0.002175095160413268
168,191,0.004000870937891241
51,7,0.0020796776499642554
173,230,0.006882006882006882
154,216,0.011337868480725623
40,75,0.004788231809655445
46,213,0.01710376282782212
154,39,0.021541950113378686
171,213,0.0027535566773749425
82,16,0.0037582045310184204
19,121,0.010088041085840058
98,38,0.005014102162331557
81,18,0.013929618768328446
173,205,0.002886002886002886
98,82,0.01880288310874334
73,70,0.010319410319410319
192,35,0.002990755845568244
98,70,0.00407395800689439
183,242,0.02255400254129606
136,81,0.005626255860683188
101,10,0.0129136400322841
73,173,0.01818181818181818
197,188,0.0033360692631523208
19,215,0.008437270726338958
202,116,0.002006593091586642
252,19,0.0033462033462033462
121,122,0.005023442732752847
139,222,0.0031352876626430477
169,250,0.0069626413116717824
58,254,0.007246376811594203
183,168,0.015565438373570521
192,144,0.0027188689505165853
205,145,0.0023445284567141433
56,9,0.0020327957717847945
240,140,0.009708737864077669
20,126,0.009719566602931804
257,55,0.005637254901960784
259,116,0.006086142322097378
121,216,0.015516856441169903
54,230,0.010186160871092378
120,41,0.020735155513666354
18,234,0.0032320055904961563
169,7,0.0030695515460058397
198,93,0.0025932050511124475
247,80,0.0024011176111062606
213,94,0.0029706430568499534
81,239,0.0024437927663734115
123,257,0.0030860795767662296
133,234,0.009666283084004603
240,212,0.008414239482200648
81,200,0.002321603128054741
126,145,0.0024755139382197826
15,191,0.009405940594059406
58,208,0.0463768115942029
22,61,0.008447304907481898
54,13,0.008605549701440113
217,14,0.004445363382611392
38,216,0.015247524752475247
159,236,0.0066138289150041
92,112,0.003053973101544606
217,157,0.005479168820427995
183,147,0.008259212198221092
185,94,0.0038247011952191236
34,50,0.009325985587113183
64,223,0.005663048607833884
15,73,0.010396039603960397
126,7,0.0023678828974276183
67,256,0.0032781511227667594
241,81,0.004423868312757201
122,74,0.004493605254061528
55,133,0.005392339159538862
8,129,0.022189349112426034
254,243,0.009501965923984272
241,60,0.005246913580246914
54,37,0.011239901650860555
159,193,0.002295709210166712
228,162,0.005455477445811365
205,63,0.004044311587831897
203,121,0.0062468343744723955
19,145,0.004218635363169479
258,96,0.002301710730948678
19,146,0.004218635363169479
147,226,0.002501737317581654
19,157,0.005135730007336757
190,91,0.008572025925151579
47,201,0.003319846457101359
133,190,0.0021480629075565786
173,66,0.002109002109002109
122,252,0.0034566194262011752
250,216,0.00789938675813325
122,180,0.002073971655720705
133,114,0.0021480629075565786
18,3,0.00716282320055905
257,39,0.00392156862745098
250,88,0.004781207774659599
135,218,0.003994141925176408
17,82,0.0029694917818842087
160,140,0.013382467028704423
32,220,0.006435571156940178
93,193,0.005913410770855333
124,179,0.002312295973884657
259,208,0.009480337078651686
121,175,0.004800178611297164
207,7,0.011901681759379043
57,83,0.012195121951219513
67,54,0.0027864284543517455
15,131,0.005445544554455445
8,263,0.022189349112426034
185,183,0.006215139442231075
121,157,0.003907122125474436
73,63,0.002457002457002457
208,161,0.004320987654320987
136,223,0.0021433355659745477
169,230,0.005090963539717002
131,102,0.0033497096918267085
183,69,0.01048284625158831
14,114,0.0023312035917803487
94,235,0.021464646464646464
183,20,0.01048284625158831
171,53,0.019045433685176687
15,10,0.0034653465346534654
135,19,0.002529623219278392
21,65,0.003323699421965318
214,221,0.039923954372623575
64,229,0.0023596035865974517
67,179,0.0021307982297983936
121,218,0.0074793480687653496
205,155,0.004571830490592579
64,157,0.005191127890514393
19,36,0.0031181217901687453
241,167,0.007921810699588477
92,151,0.002349210078111235
16,121,0.02599350162459385
102,97,0.004396621543445563
38,117,0.0025742574257425744
178,230,0.003000300030003
221,214,0.09578544061302682
131,160,0.0027914247431889234
252,68,0.005405405405405406
259,18,0.017907303370786515
136,18,0.014601473543201607
73,131,0.009828009828009828
200,212,0.0021141649048625794
32,241,0.010384671639608016
182,223,0.002347584833179199
102,49,0.003586717574916117
160,161,0.004751745539177657
220,43,0.0036299522920555903
127,186,0.009820337602389465
58,51,0.017391304347826087
69,148,0.002031915948062246
54,39,0.002107481559536354
183,179,0.0025412960609911056
55,130,0.003284988223627123
19,135,0.006786500366837858
149,14,0.01832038692657189
15,198,0.005940594059405941
240,147,0.003883495145631068
53,173,0.021748681898066783
201,133,0.002184769038701623
252,192,0.011068211068211068
196,68,0.005322994019846225
56,17,0.006572706328770836
106,88,0.0029934399082860966
34,249,0.0105977108944468
205,258,0.004278764433503311
190,129,0.002299811833577253
15,216,0.011386138613861386
81,143,0.002565982404692082
153,126,0.007275666936135812
160,14,0.0026183087664856477
124,210,0.0029923830250272033
128,142,0.03288409703504043
252,73,0.007722007722007722
160,192,0.0026183087664856477
121,86,0.0022326412145568207
174,129,0.0033504578959124413
250,81,0.00841908325537886
242,232,0.004157339302846178
46,136,0.013683010262257697
73,28,0.010810810810810811
57,168,0.006097560975609756
63,139,0.0020064205457463883
98,222,0.003760576621748668
31,119,0.0037230081906180195
22,80,0.0023129525341914724
173,146,0.003552003552003552
254,238,0.002490170380078637
221,140,0.007662835249042145
135,73,0.0065237651444548
259,152,0.007256554307116105
183,186,0.006035578144853875
135,9,0.005059246438556784
60,237,0.0029449423815621
6,26,0.009716599190283401
54,211,0.008429926238145416
119,60,0.004555612858861956
159,183,0.0025690079256627495
36,163,0.0021907374800376727
178,65,0.006600660066006601
67,149,0.006392394689395181
173,114,0.002109002109002109
89,232,0.005088040246970044
3,126,0.010311284046692607
18,151,0.0031446540880503146
126,259,0.006457862447529867
32,248,0.006435571156940178
248,126,0.015198214475502179
22,92,0.0027152051488334673
134,70,0.003994313181233498
183,47,0.007941550190597205
78,230,0.0066139699951605095
147,230,0.0034746351633078527
252,83,0.006435006435006435
218,230,0.00816122584943371
173,74,0.004329004329004329
122,175,0.006567576909782233
217,170,0.011268479272200971
124,203,0.0029923830250272033
160,234,0.0033941039565554693
134,203,0.002369507819375804
98,131,0.019116264493889062
19,82,0.015590608950843727
40,85,0.0021226182248988055
9,196,0.005858494817485353
133,150,0.0033755274261603376
40,76,0.002912429657419291
178,164,0.003000300030003
34,62,0.004345061466723188
218,124,0.0038307794803464357
177,70,0.00237994818340664
40,229,0.005232500740448218
102,135,0.004743723244243897
201,97,0.008739076154806492
252,179,0.010810810810810811
259,119,0.009129213483146067
52,133,0.004569223739655785
135,157,0.0071894554653175345
131,80,0.002009825815096025
108,39,0.012062726176115802
124,169,0.003808487486398259
135,165,0.0033284516043136734
183,119,0.007941550190597205
194,112,0.005293005671077505
83,10,0.0035697123635614744
117,108,0.004084885922088274
173,258,0.01320901320901321
78,90,0.0026617196321987416
191,173,0.0031699396938302147
173,248,0.002109002109002109
121,230,0.0026791694574681848
175,135,0.00907770515613653
135,137,0.005591798695246971
228,263,0.004027533684827183
3,140,0.011284046692607004
64,75,0.005191127890514393
46,113,0.0034207525655644243
121,192,0.008372404554588079
240,159,0.015533980582524271
259,229,0.0028089887640449437
259,159,0.014044943820224719
83,33,0.0021280977552001097
16,35,0.0029992501874531365
85,249,0.0032599077911796208
149,33,0.003517514289901803
183,126,0.016836086404066072
147,238,0.00542043085476025
83,163,0.003089174160774353
83,131,0.0024713393286194822
213,4,0.0023881640260950605
19,28,0.010821716801173881
78,45,0.0025004032908533635
169,220,0.0069626413116717824
235,220,0.008256227758007117
131,87,0.0029030817329164806
173,160,0.007659007659007659
31,254,0.020104244229337303
96,141,0.002770083102493075
78,241,0.009920954992740764
212,185,0.011215663910274688
257,234,0.006372549019607843
128,262,0.009703504043126684
227,114,0.0035736808913180576
53,157,0.005931458699472759
257,49,0.010049019607843138
64,7,0.0075507314771118455
131,71,0.0033497096918267085
226,33,0.002576370997423629
191,242,0.0041750425235812585
178,234,0.0033003300330033004
167,151,0.004916136495083863
136,60,0.004152712659075687
242,219,0.002025370429591728
56,125,0.004878709852283507
86,95,0.0037345590347601263
34,166,0.00423908435777872
14,77,0.002547055776204455
20,81,0.006851497769279796
201,258,0.0046816479400749065
34,198,0.00741839762611276
8,223,0.03698224852071006
53,131,0.0035149384885764497
200,137,0.004404510218463707
124,157,0.003400435255712731
36,92,0.0033782400393104297
259,200,0.0050327715355805245
53,252,0.021309314586994726
78,179,0.0025810614615260526
252,157,0.0069498069498069494
154,108,0.009070294784580499
81,235,0.009897360703812317
46,259,0.011402508551881414
217,85,0.005272407732864675
240,237,0.003236245954692557
220,229,0.005600497822028625
18,92,0.0029699510831586303
93,61,0.007215769095388948
192,100,0.002990755845568244
9,21,0.002253267237494367
147,136,0.005837387074357193
38,56,0.0037623762376237622
247,259,0.0061119357373613905
242,143,0.002664961091568063
29,130,0.0022358859698155395
180,188,0.008941678900306954
210,19,0.002111375032990235
247,249,0.0028813411333275126
127,90,0.005385346427116803
94,127,0.015512265512265512
46,141,0.0034207525655644243
6,54,0.005668016194331984
248,158,0.002763311722818578
194,220,0.002268431001890359
207,39,0.009314359637774904
81,37,0.003176930596285435
51,39,0.0025995970624553195
14,52,0.004360214125366949
94,61,0.002344877344877345
81,97,0.004032258064516129
240,230,0.003883495145631068
6,45,0.0032388663967611335
67,155,0.010817898705130306
183,142,0.006035578144853875
254,225,0.004062909567496723
83,107,0.0028145809020388548
78,228,0.0035489595095983223
259,39,0.0025749063670411983
242,100,0.0023451657605798957
219,74,0.002533154522425868
178,232,0.0024002400240024004
46,25,0.0034207525655644243
171,230,0.0025240936209270305
218,55,0.007245169886742172
122,35,0.004493605254061528
210,97,0.0048385677839359546
200,74,0.0153276955602537
175,50,0.002904865649963689
200,87,0.0028188865398167725
150,230,0.004658004412846286
53,69,0.0041739894551845345
101,55,0.0021522733387140166
171,140,0.009637448370812299
47,97,0.0030086108517481066
60,31,0.003201024327784891
119,121,0.0032662884648444216
18,61,0.007337526205450734
147,151,0.007644197359277276
169,261,0.003219285767762222
117,41,0.003287835010461293
83,48,0.004462140454451843
167,55,0.0021688837478311164
241,79,0.0033950617283950617
207,137,0.0033635187580853816
53,107,0.0030755711775043936
15,116,0.0024752475247524753
147,143,0.005142460041695622
207,17,0.002069857697283312
95,50,0.0020556191818635657
201,21,0.017478152309612985
31,76,0.0022338049143708115
46,61,0.012542759407069556
120,166,0.008482563619227144
183,116,0.010800508259212199
120,69,0.002827521206409048
202,165,0.004156514261143758
81,148,0.0030547409579667643
174,88,0.006142506142506142
38,77,0.006930693069306931
259,107,0.008426966292134831
3,116,0.014980544747081713
108,188,0.009994830260210237
167,88,0.004193175245806825
184,68,0.046898638426626324
63,186,0.002980967667966063
201,132,0.002184769038701623
180,186,0.004270652609101829
11,232,0.003129890453834116
119,79,0.0038679731820526046
178,233,0.006600660066006601
127,148,0.006607231750916414
139,75,0.00721116162407901
235,229,0.002064056939501779
171,237,0.0036714089031665903
22,142,0.0023129525341914724
126,79,0.0038747174685179204
203,237,0.002532500422083404
213,19,0.002679403541472507
227,170,0.006306495690561278
171,177,0.004130335016062414
38,33,0.0037623762376237622
235,124,0.003629893238434164
179,241,0.0031547308542613705
149,255,0.0021984464311886266
16,181,0.0022494376405898524
258,50,0.0020528771384136857
235,117,0.0030604982206405692
77,65,0.0059207715314655435
38,50,0.0039603960396039604
3,243,0.007003891050583658
121,177,0.002790801518196026
149,79,0.004396892862377253
195,41,0.0040823987612031345
55,126,0.0027271600347093094
208,130,0.003580246913580247
78,91,0.00282303597354412
53,213,0.0026362038664323375
242,89,0.003304551753544398
159,225,0.0034982235583492756
227,129,0.003468572629808703
182,4,0.003130113110905599
66,85,0.0022382046614342417
93,196,0.0044350580781415
8,134,0.0073964497041420114
56,179,0.006708226046889822
207,186,0.007503234152652005
81,164,0.0028103616813294234
16,170,0.003999000249937516
131,45,0.006141134435015632
183,236,0.004129606099110546
108,162,0.0034464931931759437
122,161,0.0038022813688212928
165,161,0.0073821241466899504
73,169,0.002457002457002457
124,235,0.003128400435255713
155,90,0.0023629489603024575
178,161,0.004500450045004501
122,170,0.004666436225371586
191,166,0.0038657801144270916
150,229,0.007109585682765384
136,141,0.003750837240455459
20,35,0.00207138304652645
200,100,0.005637773079633545
64,68,0.004247286455875413
227,68,0.007147361782636115
247,225,0.002663057714136034
174,137,0.0035738217556399374
136,143,0.003884795713328868
196,261,0.0024972070710389694
128,116,0.02425876010781671
101,15,0.005111649179445789
201,14,0.019662921348314606
122,159,0.0025924645696508816
127,169,0.002760555731547269
191,265,0.004329673728158343
165,197,0.0024607080488966504
86,127,0.0037345590347601263
47,142,0.003319846457101359
91,255,0.0022485125224851253
9,179,0.005407841369986481
3,167,0.00933852140077821
169,130,0.002545481769858501
21,86,0.005346820809248555
175,152,0.005809731299927378
121,198,0.004800178611297164
201,28,0.0024968789013732834
19,202,0.006052824651504035
149,48,0.002491572622013777
217,66,0.007960301871187842
126,87,0.0029060381013884403
225,129,0.002546824428290975
60,25,0.0058898847631242
62,145,0.003658444595308139
169,15,0.0020214119937111627
175,231,0.002904865649963689
147,4,0.0020847810979847115
134,69,0.002640308713018753
257,237,0.004779411764705883
9,161,0.00405588102748986
200,233,0.005285412262156448
3,230,0.0038910505836575876
11,239,0.010172143974960876
98,239,0.0025070510811657787
119,143,0.0048134777376654635
207,193,0.004657179818887452
47,162,0.002386139641041602
108,37,0.006203687747716698
136,100,0.004688546550569324
123,230,0.0025349939380579743
63,191,0.007280440265994038
119,234,0.008767405879319236
185,237,0.004143426294820717
149,238,0.0020518833357760515
108,85,0.006203687747716698
19,155,0.0025678650036683784
64,237,0.005191127890514393
121,162,0.005581603036392052
108,97,0.011201102877821816
222,150,0.0027696036004846805
153,162,0.002021018593371059
165,180,0.0030163518018733134
248,119,0.0077585290679137
180,244,0.0022687841985853463
208,82,0.0032098765432098763
123,97,0.004518902237407693
150,95,0.004658004412846286
53,160,0.004393673110720563
203,65,0.00219483369913895
11,155,0.00782472613458529
123,95,0.0026452110657996255
159,70,0.002186389723968297
207,80,0.0033635187580853816
201,261,0.002184769038701623
250,95,0.002494543186778921
67,257,0.004261596459596787
127,213,0.0036204009594062543
149,85,0.007914407152279056
93,135,0.002182330165434706
203,247,0.0033766672294445383
120,127,0.030160226201696512
93,97,0.006124604012671594
155,244,0.0021266540642722116
47,188,0.0020749040356883492
102,205,0.0021983107717227814
121,48,0.003014065639651708
210,49,0.0028151667106536466
8,170,0.008875739644970414
242,87,0.002238567316917173
86,49,0.006128507133965335
11,133,0.005738132498695879
77,210,0.004577916132576451
208,37,0.0049382716049382715
83,65,0.0030205258460904785
193,50,0.003373955081075637
217,177,0.007546779696061201
98,161,0.0025070510811657787
191,260,0.0033245708984072984
73,232,0.005896805896805897
91,67,0.0026290300262903003
250,239,0.00363787548071926
223,152,0.0026778338033786285
250,94,0.00488514707410872
180,234,0.002802615774723075
136,250,0.003884795713328868
228,45,0.0034417106033977738
29,79,0.003912800447177194
257,233,0.00625
198,113,0.0032696933253156947
3,159,0.010505836575875487
227,85,0.008093336136220307
220,147,0.0032151006015349514
171,73,0.01698026617714548
207,145,0.018628719275549807
154,210,0.047619047619047616
53,142,0.0024165202108963092
219,242,0.0020861272537624795
218,141,0.0037475016655562957
149,97,0.003517514289901803
117,107,0.004583042741855136
154,258,0.007936507936507936
243,95,0.002078179119247897
202,19,0.004299842339114232
212,86,0.002756391977948864
21,141,0.0024566473988439307
15,90,0.006435643564356435
218,233,0.0021652231845436377
252,137,0.004375804375804376
259,233,0.0025749063670411983
180,35,0.008674763112238089
180,236,0.0024022420926197783
20,50,0.0058954748247291265
18,215,0.0047169811320754715
149,88,0.007474717866041331
32,237,0.00599678221442153
21,178,0.006647398843930636
139,41,0.0026649945132465906
98,252,0.006894390473205891
94,186,0.005411255411255411
193,177,0.0025178769261758483
131,163,0.0032380527020991513
94,231,0.011183261183261184
257,138,0.004411764705882353
135,39,0.0033284516043136734
180,265,0.002802615774723075
78,205,0.0020164542668172285
177,78,0.002259444477917696
179,265,0.0027324440469980375
78,37,0.004194224874979836
53,45,0.0028558875219683658
55,254,0.003780835502665179
108,216,0.007237635705669481
185,248,0.00749003984063745
47,131,0.0024898848428260194
202,238,0.003439873871291386
179,28,0.0025337208435799985
81,236,0.005131964809384164
15,43,0.0024752475247524753
78,49,0.003952250362961768
3,151,0.003696498054474708
82,93,0.0024084268473427905
174,100,0.003908867545231181
85,19,0.002701066455548829
64,238,0.005191127890514393
147,81,0.007922168172341905
222,74,0.0025099532629392417
184,42,0.030257186081694403
31,130,0.0022338049143708115
15,49,0.0029702970297029703
51,134,0.0022746474296484044
165,143,0.002301952690903318
133,142,0.0038358266206367474
153,137,0.0068714632174616
154,124,0.017006802721088437
40,41,0.002517523941159048
15,140,0.01782178217821782
250,238,0.00301423968402453
225,190,0.0024760793052828922
190,230,0.004808697470206983
257,112,0.008088235294117648
32,4,0.005704256252742431
190,261,0.002299811833577253
16,76,0.006248437890527368
127,7,0.002353260623614065
117,132,0.004184517286041646
93,261,0.003555086237240408
173,42,0.003996003996003996
28,185,0.0020765164862824063
202,49,0.002723233481439014
207,49,0.00258732212160414
22,95,0.0022123893805309734
217,29,0.002067610875633206
210,37,0.003255036509193279
214,90,0.0038022813688212928
259,87,0.004213483146067416
174,238,0.005360732633459906
47,72,0.002178649237472767
47,225,0.004461043676729951
179,100,0.0049183992845964674
241,77,0.002777777777777778
78,262,0.0026617196321987416
223,168,0.002279007492237131
122,42,0.004320774282751469
223,211,0.002108081930319346
28,142,0.002454064938333753
57,63,0.013066202090592335
194,166,0.010207939508506616
194,69,0.003402646502835539
147,129,0.0030576789437109105
94,88,0.0021645021645021645
81,48,0.004887585532746823
19,87,0.005319148936170213
183,65,0.006035578144853875
208,261,0.0038271604938271606
247,49,0.002663057714136034
117,112,0.0023911527348809405
124,71,0.006664853101196953
180,25,0.002669157880688643
122,25,0.0024196335983408227
235,193,0.0023487544483985767
86,166,0.0022024322512687925
175,14,0.0039941902687000725
126,55,0.005273920998816058
165,243,0.002381330369899984
126,56,0.002583144979011947
102,191,0.004743723244243897
218,125,0.0041638907395069955
257,143,0.003799019607843137
167,163,0.0025303643724696357
174,246,0.002903730176457449
128,220,0.012398921832884097
29,178,0.005589714924538848
136,14,0.0029470864032150033
200,231,0.004228329809725159
222,68,0.0026830534879695345
19,39,0.003668378576669112
200,259,0.006342494714587738
121,98,0.011498102254967627
219,143,0.002682163611980331
18,82,0.00253319357092942
117,226,0.0025904154627876858
108,261,0.004135791831811132
257,21,0.006740196078431373
139,25,0.004859695877096724
102,35,0.007751937984496124
102,162,0.0032396158741177833
86,101,0.0024897060231734176
185,68,0.006215139442231075
58,265,0.007246376811594203
22,236,0.003921962992759453
117,228,0.011158712762777722
183,234,0.004764930114358323
183,231,0.0044472681067344345
200,113,0.002642706131078224
242,162,0.002664961091568063
235,17,0.002562277580071174
127,225,0.0024437706475992217
128,51,0.0026954177897574125
218,198,0.002415056628914057
165,142,0.0030957294808699794
55,136,0.002913102764348581
219,55,0.0033527045149754136
121,141,0.0020093770931011385
131,51,0.0034613666815542653
38,218,0.011881188118811881
9,225,0.003605227579990987
257,160,0.004044117647058824
123,177,0.004739336492890996
243,113,0.003364670954972786
78,10,0.003871592192289079
210,74,0.0022873229524060876
167,45,0.0021688837478311164
201,17,0.003745318352059925
150,50,0.005883795047805835
217,260,0.006306213170681278
192,121,0.014410005437737902
240,89,0.003236245954692557
207,223,0.009573091849935317
134,17,0.004129713628054973
203,163,0.005909167651527942
81,234,0.003787878787878788
108,242,0.006031363088057901
169,143,0.0034438871003967956
53,235,0.007469244288224956
227,33,0.008093336136220307
58,244,0.021739130434782608
242,166,0.003944142415520734
257,22,0.01053921568627451
117,92,0.0021918900069741957
126,205,0.0036594553869335918
53,48,0.0028558875219683658
135,191,0.007722007722007722
208,56,0.0032098765432098763
205,136,0.0020514623996248753
218,158,0.002331778814123917
63,205,0.005388672322861729
78,191,0.002339086949507985
202,254,0.005303138884907553
208,107,0.003580246913580247
248,141,0.002763311722818578
227,108,0.006832036998108052
34,13,0.004133107248834251
185,90,0.0020717131474103584
106,45,0.0036940322272466723
190,165,0.0052268450763119385
57,197,0.01132404181184669
57,216,0.006968641114982578
122,90,0.002938126512270999
14,249,0.0029355897081678466
15,68,0.006435643564356435
159,88,0.0023503689532659196
159,261,0.005848592511615195
38,231,0.006732673267326733
102,33,0.0021983107717227814
21,201,0.008815028901734105
134,229,0.002369507819375804
248,49,0.004570092464661495
177,7,0.0037356148701572574
21,107,0.005780346820809248
38,244,0.0033663366336633663
38,131,0.0075247524752475245
252,163,0.004375804375804376
121,78,0.003907122125474436
94,100,0.005050505050505051
146,113,0.0030285859434533696
121,139,0.004353650368385801
210,263,0.0024632708718219406
200,161,0.01744186046511628
96,138,0.00554016620498615
34,140,0.0079482831708351
210,234,0.0025512448315298674
135,141,0.005059246438556784
55,10,0.00458658733110202
171,182,0.0027535566773749425
192,36,0.005981511691136488
28,174,0.0023282154543166375
55,77,0.00458658733110202
98,177,0.0025070510811657787
106,236,0.004394624546207248
139,74,0.003919109578303809
122,198,0.0024196335983408227
122,9,0.005012098167991704
38,92,0.008712871287128714
188,249,0.0024844945776359216
259,141,0.0022237827715355803
47,152,0.005394750492789709
150,170,0.004903162539838196
62,22,0.0021120917251263483
47,250,0.006432202510633883
227,82,0.003678789152827412
250,76,0.0023906038873297993
18,181,0.0023584905660377358
241,262,0.004732510288065843
222,201,0.0026830534879695345
174,191,0.0037971856153674335
19,213,0.004768892149669846
240,232,0.003883495145631068
122,142,0.004666436225371586
228,82,0.00369800820152314
18,37,0.0020090845562543676
243,168,0.002236516575952499
185,31,0.0030278884462151393
34,238,0.0051928783382789315
17,257,0.002042707722570029
20,198,0.002708731676226896
203,85,0.003883167313861219
180,159,0.002669157880688643
21,260,0.002601156069364162
171,133,0.0025240936209270305
15,236,0.00891089108910891
94,20,0.012626262626262626
180,62,0.0024022420926197783
147,50,0.005559416261292564
212,179,0.0024712479802300163
29,68,0.004052543320290665
94,117,0.0025252525252525255
102,244,0.0023140113386555593
16,68,0.003749062734316421
86,186,0.003830316958728335
117,244,0.002988940918601176
213,225,0.004077353215284249
46,90,0.002280501710376283
147,191,0.00236275191104934
119,260,0.0030084235860409147
18,79,0.002882599580712788
16,134,0.007248187953011747
51,232,0.0024696172093325534
205,232,0.002813434148056972
86,212,0.002393948099205209
240,250,0.006472491909385114
159,100,0.004372779447936594
185,89,0.007808764940239044
250,249,0.004365450576863112
203,207,0.0020260003376667227
225,238,0.0023522753400187476
96,198,0.02677746999076639
46,82,0.0034207525655644243
173,28,0.006771006771006771
32,36,0.0027789966359514405
178,222,0.003000300030003
101,230,0.004842615012106538
201,215,0.003745318352059925
20,243,0.014340344168260038
38,241,0.002772277227722772
47,223,0.0020749040356883492
133,143,0.0023014959723820483
153,25,0.005254648342764754
222,131,0.002856153712999827
184,46,0.03177004538577912
20,230,0.005098789037603569
10,255,0.00200084651198584
32,50,0.004972941348544683
119,95,0.0020629190304280558
14,124,0.0021153514073562426
86,38,0.0022024322512687925
219,64,0.003054686335866488
139,37,0.008151747922871924
92,113,0.0025254008339695776
58,15,0.005797101449275362
78,151,0.005484755605742862
191,244,0.002628730477810422
250,39,0.002494543186778921
11,92,0.0036515388628064684
11,265,0.0020865936358894104
250,113,0.002182725288431556
242,203,0.003624347084532566
55,209,0.0021693318457914963
83,73,0.0030205258460904785
67,189,0.004097688903458449
227,63,0.0028379230607525753
117,10,0.004881936833715254
21,95,0.002023121387283237
53,233,0.0028558875219683658
257,230,0.006740196078431373
93,114,0.0036254839845124955
240,244,0.02912621359223301
3,144,0.0021400778210116734
201,191,0.003433208489388265
201,236,0.003121098626716604
126,186,0.0050586589172317295
3,164,0.0038910505836575876
195,262,0.0037070057716672143
259,60,0.0046816479400749065
139,121,0.006897632857814705
15,237,0.006435643564356435
165,164,0.002381330369899984
194,42,0.017013232514177693
240,174,0.025889967637540454
11,54,0.002347417840375587
57,162,0.005226480836236934
53,244,0.0048330404217926184
18,162,0.002445842068483578
32,261,0.002193944712593243
259,25,0.002106741573033708
165,237,0.0032544848388633115
241,163,0.0024691358024691358
228,239,0.0026362038664323375
201,195,0.011548064918851436
222,233,0.0027696036004846805
183,230,0.0031766200762388818
29,117,0.004052543320290665
8,194,0.028106508875739646
53,77,0.0035149384885764497
57,90,0.003484320557491289
136,24,0.003215003348961822
121,17,0.002455905336012503
212,17,0.0038969679688242564
182,188,0.0036992245856157075
78,39,0.006130020971124375
217,95,0.003928460663703091
53,218,0.0030755711775043936
6,221,0.01862348178137652
38,137,0.01089108910891089
77,87,0.0028077885613135567
254,33,0.003931847968545216
185,262,0.005577689243027889
47,24,0.0030086108517481066
72,129,0.0020165602370985974
52,35,0.0034523023810732597
108,48,0.0048250904704463205
135,234,0.005991212887764612
78,263,0.0025004032908533635
9,186,0.009013068949977467
183,95,0.007941550190597205
55,82,0.0024172554853105245
220,60,0.002489110143123833
51,135,0.0024046272827711705
63,132,0.004758083008484293
69,261,0.0020814748736247396
53,74,0.0041739894551845345
53,236,0.0026362038664323375
240,164,0.009061488673139158
235,35,0.004128113879003558
85,191,0.0020956550086154704
240,74,0.018122977346278317
98,247,0.0031338138514572234
16,164,0.003999000249937516
98,208,0.002820432466311501
96,223,0.008310249307479225
60,261,0.0062740076824583865
3,170,0.0048638132295719845
177,90,0.0024402000361511116
185,113,0.002549800796812749
63,83,0.002235725750974547
78,210,0.0031456686562348767
235,261,0.002562277580071174
95,33,0.002261181100049922
254,97,0.0022935779816513763
126,193,0.0031213001829727693
153,141,0.0028294260307194824
85,217,0.0021887952312206025
202,100,0.007883044288376093
67,75,0.0036059662350434356
86,131,0.002681221871109834
191,159,0.002242152466367713
240,61,0.005177993527508091
150,198,0.002206423142927188
73,112,0.002457002457002457
120,76,0.002827521206409048
150,39,0.02230938955626379
108,163,0.0022402205755643633
16,215,0.005248687828042989
241,183,0.0022633744855967077
133,4,0.002531645569620253
174,3,0.008487826669644852
15,168,0.0024752475247524753
194,75,0.02117202268431002
106,144,0.005158907075982422
9,71,0.0027039206849932404
54,225,0.0066736916051984545
153,140,0.011721907841552142
98,234,0.0021936696960200563
193,43,0.004028603081881358
212,162,0.005607831955137344
147,170,0.0031966643502432243
178,225,0.0033003300330033004
108,227,0.0122350508357746
183,185,0.018424396442185513
58,58,0.02318840579710145
32,200,0.003949100482667837
60,143,0.003585147247119078
136,200,0.004152712659075687
201,41,0.00686641697877653
16,37,0.002749312671832042
210,258,0.0022873229524060876
9,100,0.009013068949977467
55,226,0.002107350935911739
173,188,0.00222000222000222
190,76,0.011708132970938742
6,88,0.005668016194331984
210,77,0.003167062549485352
93,36,0.0051038366772263285
175,157,0.006899055918663762
219,91,0.004172254507524959
149,225,0.004983145244027554
227,246,0.002522598276224511
29,60,0.006008943543879262
153,130,0.002021018593371059
34,106,0.0028613819415006358
196,42,0.0030886508510218832
3,119,0.006614785992217899
81,76,0.007575757575757576
60,86,0.00204865556978233
56,181,0.0031847133757961785
34,261,0.004874947011445528
47,246,0.004979769685652039
31,242,0.01563663440059568
212,164,0.004562303963501569
240,51,0.011003236245954692
51,35,0.0020146877234028726
102,79,0.0025454124725211155
171,36,0.002065167508031207
203,51,0.002363667060611177
201,197,0.008114856429463172
208,92,0.003950617283950617
159,215,0.00213172998086909
108,186,0.0036188178528347406
189,10,0.002901470884545638
190,52,0.00669036169767928
171,51,0.0034419458467186783
207,61,0.002069857697283312
121,107,0.0020093770931011385
235,86,0.002562277580071174
55,4,0.0023552745754307674
34,233,0.012611275964391691
241,76,0.002777777777777778
178,162,0.0027002700270027003
6,231,0.008906882591093117
47,108,0.003112356053532524
139,42,0.0032920520457751998
154,13,0.005668934240362812
180,49,0.0021353263045509143
190,224,0.002717959439682208
169,203,0.0022460133263457363
259,265,0.003394194756554307
212,87,0.0026613439787092482
150,13,0.002451581269919098
248,191,0.0023381868423849508
117,62,0.0034870977383680384
193,159,0.0024675193876523317
11,37,0.002347417840375587
119,17,0.0030084235860409147
202,229,0.011179590081697005
202,260,0.005589795040848502
60,212,0.009731113956466069
28,39,0.005852001006795872
192,208,0.0024469820554649264
117,36,0.003985254558134901
81,232,0.003176930596285435
171,29,0.0029830197338228544
195,205,0.002017737318755572
127,232,0.004751776259220708
210,230,0.00272719275094572
208,39,0.0025925925925925925
160,222,0.0026183087664856477
20,246,0.003505417463352454
184,265,0.0226928895612708
117,159,0.002490784098834313
254,10,0.0022935779816513763
150,36,0.003922530031870556
218,226,0.003580946035976016
235,87,0.006548042704626334
240,75,0.05436893203883495
29,209,0.002096143096702068
252,233,0.0023166023166023165
154,140,0.0022675736961451248
101,225,0.003497444175410277
178,76,0.0054005400540054005
78,53,0.0034683013389256332
175,35,0.002178649237472767
62,210,0.00297955796937467
153,170,0.008488278092158448
121,217,0.003795490064746595
91,36,0.0025598450255984503
64,112,0.0070788107597923545
201,39,0.011235955056179775
98,20,0.0025070510811657787
207,225,0.008020698576972834
26,65,0.0036093418259023355
21,198,0.0062138728323699426
154,26,0.006802721088435374
208,229,0.0027160493827160493
139,237,0.002037936980717981
122,62,0.003975112340131351
155,236,0.0021266540642722116
235,88,0.002277580071174377
78,82,0.0035489595095983223
101,77,0.002421307506053269
200,170,0.012861169837914023
16,63,0.003749062734316421
139,249,0.005486753409625333
102,62,0.003471017007983339
178,236,0.0021002100210021
201,91,0.012172284644194757
217,162,0.005065646645301354
194,88,0.003402646502835539
32,263,0.005557993271902881
60,170,0.008706786171574905
102,186,0.002892514173319449
58,80,0.004347826086956522
127,125,0.0027153007195546905
203,88,0.0032078338679723114
21,100,0.005780346820809248
182,87,0.003912641388631999
153,87,0.009700889248181084
135,145,0.007988283850352816
126,147,0.012592831772683243
248,48,0.011797215432033159
182,233,0.004481752863342107
78,136,0.006694628165833199
165,234,0.0026988410858866485
212,262,0.004752399961980801
139,83,0.002194701363850133
20,151,0.0031867431485022306
173,265,0.00222000222000222
47,235,0.012034443406992426
47,60,0.011100736590932669
185,36,0.002390438247011952
126,92,0.002044989775051125
6,260,0.004048582995951417
201,177,0.003745318352059925
11,170,0.010172143974960876
36,196,0.002497850210884075
9,61,0.003605227579990987
242,94,0.004903528408485236
154,67,0.0045351473922902496
252,38,0.002574002574002574
8,41,0.008875739644970414
123,216,0.0030860795767662296
22,257,0.002916331456154465
202,76,0.003726530027232335
174,265,0.002121956667411213
54,189,0.008781173164734809
20,142,0.007329509241555131
127,208,0.002805810743539847
16,258,0.005498625343664084
22,260,0.0031174577634754627
227,258,0.004729871767920959
247,262,0.004278355016152973
212,88,0.0026613439787092482
212,7,0.00522763995817888
29,236,0.0022358859698155395
136,82,0.0026791694574681848
198,227,0.0027811184606133495
210,161,0.0048385677839359546
185,205,0.0036653386454183266
153,65,0.00889248181083266
55,141,0.0027891409445890665
20,139,0.002390057361376673
15,74,0.011386138613861386
26,150,0.003113941967445152
174,170,0.0030154121063211974
38,165,0.006534653465346534
72,203,0.0021693299520303094
179,90,0.0034279752589611743
93,28,0.0028511087645195356
192,265,0.0038064165307232192
108,47,0.0032741685335171463
207,239,0.002069857697283312
8,202,0.0029585798816568047
203,16,0.003714333952388992
213,3,0.004659832246039142
11,123,0.019561815336463225
39,159,0.0020448404294164902
183,223,0.00698856416772554
32,236,0.00599678221442153
108,222,0.0032741685335171463
250,152,0.006859993763642033
153,24,0.006063055780113177
86,189,0.003160011490950876
32,162,0.0035103115401491883
220,237,0.008089607965152458
167,225,0.0020965876229034125
217,195,0.00361831903235811
201,225,0.005305867665418227
71,139,0.0041249263406010605
190,161,0.006272214091574326
86,112,0.0024897060231734176
167,61,0.0047715442452284556
6,40,0.0032388663967611335
11,238,0.004434011476264998
178,25,0.008100810081008101
192,138,0.0070690592713431215
46,186,0.005701254275940707
218,129,0.0022485009993337777
98,265,0.0025070510811657787
64,170,0.0075507314771118455
94,147,0.005772005772005772
240,167,0.007766990291262136
242,163,0.0025583626479053407
85,139,0.0032599077911796208
85,162,0.0031667675685744887
202,114,0.0024365773254980652
200,20,0.007047216349541931
183,247,0.015565438373570521
190,71,0.008781099728204057
28,252,0.0025169896803423106
157,116,0.0032169511881273054
62,7,0.004601342686882402
260,61,0.0031822810590631367
47,183,0.0026973752463948543
235,239,0.0046975088967971534
185,200,0.00398406374501992
180,92,0.00440411050313626
32,223,0.002193944712593243
8,186,0.0029585798816568047
83,252,0.003638360678245349
77,50,0.0029909052066166147
119,220,0.004383702939659618
3,241,0.010700389105058366
257,45,0.0024509803921568627
22,35,0.004726468222043444
208,81,0.008518518518518519
54,198,0.006322444678609062
94,136,0.01406926406926407
194,234,0.0060491493383742915
117,219,0.006476038656969214
214,25,0.0038022813688212928
227,79,0.00725247004414547
213,220,0.003727865796831314
220,240,0.003007674756274632
64,70,0.0023596035865974517
15,121,0.006930693069306931
190,237,0.003972402257997073
252,121,0.011840411840411841
77,123,0.0028688274430812427
69,226,0.0036673604916245416
136,47,0.011386470194239785
28,112,0.002957462874402215
102,117,0.0032396158741177833
190,17,0.02111645410830023
258,210,0.0032970451010886468
194,259,0.0026465028355387526
218,56,0.0032478347768154564
175,145,0.008714596949891068
240,41,0.022006472491909384
171,98,0.009637448370812299
121,70,0.005469970975664211
212,173,0.0024712479802300163
54,232,0.009483667017913594
6,22,0.01862348178137652
153,20,0.008084074373484237
201,66,0.003121098626716604
167,3,0.003903990746096009
190,114,0.004390549864102028
250,200,0.002494543186778921
189,223,0.0024984888172476325
217,166,0.0023777525069781868
190,42,0.004808697470206983
29,35,0.007126886528787032
93,70,0.01052446321717705
171,64,0.009407985314364388
60,127,0.006658130601792573
221,228,0.04725415070242656
248,18,0.011797215432033159
120,152,0.01413760603204524
240,213,0.010355987055016181
252,48,0.003861003861003861
46,243,0.019384264538198404
102,146,0.0021983107717227814
20,240,0.0025493945188017845
53,17,0.0028558875219683658
11,52,0.0036515388628064684
124,107,0.0029923830250272033
26,244,0.0025477707006369425
21,229,0.003468208092485549
182,229,0.0032012520452443624
217,113,0.0026878941383231677
259,164,0.003394194756554307
121,102,0.006251395400759098
58,144,0.004347826086956522
31,229,0.00967982129560685
192,258,0.010059815116911366
133,144,0.0048331415420023015
177,95,0.003916370428390673
214,7,0.0076045627376425855
47,254,0.010582010582010581
175,260,0.006535947712418301
202,4,0.003726530027232335
173,131,0.002553002553002553
212,32,0.007413743940690049
201,124,0.017478152309612985
131,70,0.0030147387226440374
167,81,0.0048438403701561595
3,20,0.012062256809338522
124,21,0.006528835690968444
183,7,0.006035578144853875
96,191,0.003693444136657433
139,124,0.0032920520457751998
257,80,0.007598039215686274
250,230,0.0034299968818210166
240,142,0.005177993527508091
31,48,0.014892032762472078
20,79,0.005258126195028681
85,261,0.0024682158990359986
53,42,0.003734622144112478
9,10,0.00405588102748986
184,243,0.01361573373676248
38,138,0.0033663366336633663
119,158,0.0034381983840467596
134,233,0.002640308713018753
83,192,0.003775657307613098
252,102,0.004890604890604891
193,92,0.003801994158525531
133,112,0.0035289604909858074
34,116,0.002543450614667232
106,224,0.0027386790650277054
64,260,0.004719207173194903
60,130,0.004353393085787452
34,239,0.005934718100890208
196,53,0.004862982190970625
173,16,0.003774003774003774
121,77,0.00323732976110739
235,248,0.0041992882562277584
34,244,0.00423908435777872
135,173,0.00692317933697244
171,196,0.0048187241854061496
56,244,0.006166147174413877
16,53,0.011247188202949263
174,240,0.003127094036184945
20,4,0.0022307202039515616
212,47,0.008744415930044673
126,4,0.0021526208158432892
147,24,0.0030576789437109105
15,205,0.005940594059405941
94,167,0.012626262626262626
57,70,0.018292682926829267
83,225,0.003089174160774353
53,10,0.0026362038664323375
11,150,0.007303077725612937
57,102,0.006097560975609756
134,100,0.0020310067023221177
126,184,0.002044989775051125
101,61,0.0045735808447672855
32,247,0.012578616352201259
260,225,0.003004073319755601
92,100,0.003406354613261291
11,85,0.004694835680751174
85,50,0.0022819354538257345
173,63,0.00666000666000666
258,123,0.0020528771384136857
57,74,0.0078397212543554
134,171,0.002640308713018753
57,69,0.004355400696864111
190,195,0.008990173531256534
60,229,0.007042253521126761
122,101,0.007950224680262703
252,135,0.009266409266409266
184,140,0.009077155824508321
153,32,0.009700889248181084
214,50,0.013307984790874524
108,249,0.002067895915905566
73,53,0.01425061425061425
101,93,0.0053806833467850415
16,73,0.0094976255936016
215,252,0.0021347366330735245
195,129,0.0024400544319834825
147,183,0.005698401667824878
203,62,0.0033766672294445383
252,175,0.005148005148005148
122,134,0.005012098167991704
180,260,0.0034699052448952357
102,145,0.010065949323151684
16,131,0.011997000749812546
121,171,0.005916499218575575
196,97,0.003548662679897483
19,53,0.00586940572267058
195,92,0.0021585096898315424
134,161,0.0031142102768939137
71,226,0.003154355436930223
94,208,0.008297258297258298
258,218,0.0032970451010886468
217,142,0.0023777525069781868
207,70,0.004657179818887452
196,74,0.0030229348754682262
106,21,0.004267244124578053
96,10,0.00554016620498615
106,143,0.0023565378001401184
119,148,0.0046415678184631255
56,171,0.0035912725301531375
102,39,0.004280920976512785
180,157,0.004003736821032964
220,169,0.010371292263015973
19,219,0.011922230374174616
46,47,0.0068415051311288486
175,244,0.0036310820624546117
203,225,0.00709100118183353
150,188,0.02083844079431233
53,188,0.0028558875219683658
122,139,0.009160041479433114
135,186,0.002529623219278392
32,179,0.0026327336551118913
16,162,0.002749312671832042
222,205,0.006924009001211702
57,95,0.016550522648083623
198,106,0.002743535778713169
180,218,0.0064059789136527425
15,124,0.0039603960396039604
215,65,0.0022340267090304325
191,226,0.006494510592237514
92,102,0.002936512597639044
106,48,0.0061779504490159865
205,48,0.0020514623996248753
171,101,0.0027535566773749425
15,134,0.007920792079207921
34,82,0.00317931326833404
16,263,0.0024993751562109472
83,180,0.0021967460698839843
175,215,0.0054466230936819175
203,239,0.0020260003376667227
180,201,0.008007473642065928
214,21,0.017110266159695818
171,173,0.01216154199173933
38,177,0.004158415841584159
121,50,0.004242018307657959
221,68,0.006385696040868455
248,235,0.00914018492932299
147,220,0.005003474635163308
3,236,0.0031128404669260703
96,75,0.003693444136657433
55,67,0.004710549150861535
203,160,0.0020260003376667227
21,106,0.0037572254335260114
184,74,0.01361573373676248
217,35,0.0051690271890830145
227,50,0.002312381753205802
117,258,0.003387466374414666
248,237,0.0038261239239026465
180,171,0.002802615774723075
102,98,0.003008214740252227
178,35,0.0033003300330033004
26,231,0.004246284501061571
201,180,0.005930087390761548
227,164,0.006621820475089342
175,219,0.002541757443718228
252,79,0.0023166023166023165
184,116,0.007564296520423601
208,46,0.003580246913580247
155,219,0.002835538752362949
101,124,0.003228410008071025
106,63,0.002101776956881727
147,7,0.004169562195969423
63,141,0.002235725750974547
86,141,0.002585463947141626
257,190,0.003799019607843137
83,66,0.003089174160774353
160,181,0.0034910783553141972
259,161,0.004447565543071161
208,200,0.0025925925925925925
31,47,0.005956813104988831
212,141,0.004087063967303488
200,125,0.005990133897110641
252,258,0.003861003861003861
57,7,0.0313588850174216
240,208,0.005825242718446602
160,121,0.006012412723041117
248,3,0.00573918588585397
98,64,0.004700720777185835
227,107,0.006726928736598697
258,53,0.0037325038880248835
157,106,0.0020588487604014756
64,9,0.008022652194431336
120,168,0.003770028275212064
194,25,0.002268431001890359
174,127,0.011614920705829796
3,259,0.011478599221789884
40,177,0.0028137032283542304
189,179,0.002619383437437034
131,72,0.002121482804823582
150,35,0.007354743809757294
160,135,0.00504266873545384
98,10,0.007834534628643058
64,258,0.006134969325153374
38,219,0.009702970297029703
77,150,0.0028688274430812427
225,229,0.0023345890592667267
128,107,0.011320754716981131
250,232,0.0023906038873297993
57,145,0.0078397212543554
60,13,0.00204865556978233
67,195,0.008031470250778562
250,229,0.00426151127741399
171,95,0.013079394217530977
124,36,0.0063928182807399345
32,185,0.010823460582126665
64,218,0.005191127890514393
171,179,0.007113354749885268
202,151,0.002006593091586642
139,161,0.006270575325286095
28,188,0.002705763906367984
252,131,0.004890604890604891
235,129,0.002277580071174377
34,229,0.007842306061890632
28,89,0.0030833123584193306
131,9,0.00547119249665029
120,238,0.007540056550424128
34,125,0.004027130139889784
34,35,0.003391267486222976
153,69,0.01131770412287793
55,218,0.005454320069418619
247,68,0.006592159259582642
184,47,0.006051437216338881
257,125,0.007965686274509803
135,258,0.007722007722007722
63,179,0.0029236413666590233
189,95,0.0031835583316542414
189,210,0.002699979850896635
194,65,0.002268431001890359
202,198,0.0022932492475275907
92,234,0.004169847888647442
32,94,0.005119204329384233
73,9,0.016707616707616706
155,130,0.0023629489603024575
252,191,0.005405405405405406
147,94,0.004169562195969423
208,100,0.003703703703703704
183,166,0.006035578144853875
173,228,0.003885003885003885
31,167,0.008190618019359643
6,255,0.004048582995951417
214,87,0.0038022813688212928
167,249,0.0026749566223250435
200,250,0.0024665257223396757
167,182,0.005349913244650087
227,231,0.006516712213579987
178,68,0.0042004200420042
19,223,0.005135730007336757
257,52,0.006004901960784314
47,248,0.006120966905280631
15,70,0.004455445544554455
126,152,0.00699601765149069
235,3,0.002704626334519573
202,262,0.004729826573025656
220,213,0.005704210744658785
190,211,0.0025088856366297305
31,138,0.0022338049143708115
20,239,0.006851497769279796
201,254,0.0024968789013732834
94,48,0.007756132756132756
257,263,0.005024509803921569
248,36,0.00201934318205973
208,220,0.0032098765432098763
126,37,0.003551824346141427
242,223,0.0023451657605798957
6,123,0.004858299595141701
28,9,0.003460860810470677
153,161,0.003637833468067906
17,262,0.0023453310888767
185,119,0.007171314741035857
73,174,0.003931203931203931
34,133,0.002755404832556168
71,198,0.002149121286699712
210,201,0.0048385677839359546
257,66,0.004779411764705883
252,138,0.003088803088803089
73,198,0.003931203931203931
257,236,0.00392156862745098
235,20,0.0066903914590747335
139,48,0.002037936980717981
213,260,0.002271668219944082
180,139,0.0034699052448952357
98,223,0.00407395800689439
56,232,0.002642634503320233
29,65,0.003353828954723309
128,48,0.031266846361185985
243,211,0.0026125680356259276
160,72,0.00252133436772692
63,215,0.004643430405870213
252,236,0.002574002574002574
202,80,0.004156514261143758
38,223,0.0021782178217821784
38,258,0.002772277227722772
175,73,0.007988380537400145
73,17,0.003931203931203931
38,175,0.005544554455445544
53,179,0.007029876977152899
53,122,0.0041739894551845345
153,169,0.012934518997574777
133,80,0.004372842347525892
96,130,0.01662049861495845
85,146,0.0021887952312206025
16,144,0.0022494376405898524
47,182,0.005913476501711796
9,37,0.004957187922487607
217,77,0.0026878941383231677
9,36,0.002253267237494367
135,37,0.006257489016109705
40,224,0.0024187975120939877
9,197,0.0067598017124831005
217,50,0.0027912746821048278
180,56,0.0033364473508608033
180,45,0.0038702789269985318
60,20,0.011395646606914212
101,63,0.0045735808447672855
240,235,0.006472491909385114
257,224,0.003431372549019608
178,72,0.005700570057005701
174,234,0.0035738217556399374
203,175,0.002532500422083404
191,252,0.0020875212617906293
174,229,0.00457895912441367
83,93,0.0030205258460904785
217,88,0.002067610875633206
121,179,0.004911810672025006
242,145,0.0029847564225562308
127,79,0.007512331990767978
241,237,0.007921810699588477
94,263,0.002344877344877345
56,63,0.0037945521073316168
16,122,0.005248687828042989
258,155,0.003545878693623639
71,106,0.002530416998856113
221,195,0.020434227330779056
217,25,0.009097487852786105
28,71,0.0022652907123080794
36,173,0.0020883665697555382
252,215,0.0023166023166023165
94,116,0.013167388167388168
78,147,0.007259235360542023
54,237,0.008078679311556024
19,9,0.005685986793837124
240,259,0.027831715210355986
67,113,0.0022947057859367317
167,183,0.0021688837478311164
101,226,0.010761366693570083
122,92,0.0077773937089526445
179,177,0.0022356360384529397
119,114,0.0039539281416537736
240,113,0.0025889967637540453
15,244,0.011881188118811881
60,248,0.010499359795134442
147,250,0.008339124391938846
58,127,0.007246376811594203
20,248,0.007807520713830465
98,188,0.002820432466311501
81,220,0.006109481915933529
126,183,0.004951027876439565
54,7,0.003863716192483316
20,183,0.003983428935627789
60,17,0.0037131882202304737
147,248,0.006115357887421821
32,208,0.006874360099458827
58,174,0.030434782608695653
185,7,0.0046215139442231075
147,82,0.0037526059763724807
133,256,0.005830456463367856
83,205,0.0027459325873549806
153,148,0.003637833468067906
15,50,0.0024752475247524753
153,50,0.005254648342764754
147,185,0.0063933287004864486
220,159,0.006741339970960381
98,179,0.0034471952366029457
169,94,0.00801078086396646
72,195,0.0025970851538391028
192,15,0.004078303425774877
3,246,0.003501945525291829
34,75,0.00476896990250106
220,232,0.004978220286247666
185,151,0.004143426294820717
15,76,0.006435643564356435
16,157,0.005498625343664084
15,64,0.006930693069306931
31,213,0.014147431124348473
174,86,0.0034621398257761895
120,209,0.00471253534401508
16,196,0.0032491877030742314
127,179,0.0020817305516585964
3,127,0.0048638132295719845
57,203,0.005226480836236934
120,186,0.005655042412818096
139,7,0.002194701363850133
182,76,0.004054919257309526
240,81,0.020064724919093852
219,135,0.002235136343316942
19,177,0.004952311078503301
203,7,0.0027013337835556307
190,14,0.012335354380096175
241,259,0.006481481481481481
153,159,0.010509296685529508
57,15,0.003484320557491289
31,3,0.00967982129560685
200,168,0.00828047921071177
102,228,0.0020826102047900035
257,82,0.003676470588235294
257,90,0.004779411764705883
131,198,0.004131308619919607
60,233,0.003201024327784891
122,135,0.005703422053231939
259,69,0.013927902621722846
175,160,0.006535947712418301
98,19,0.00814791601378878
64,82,0.004247286455875413
81,127,0.008919843597262953
190,50,0.002299811833577253
11,33,0.007042253521126761
9,157,0.004957187922487607
183,184,0.0038119440914866584
83,112,0.005903755062813208
94,143,0.003246753246753247
6,37,0.0032388663967611335
51,241,0.005719113537401703
60,100,0.005377720870678617
31,200,0.005956813104988831
46,78,0.012542759407069556
178,86,0.0042004200420042
154,86,0.0045351473922902496
214,55,0.022813688212927757
128,138,0.0037735849056603774
58,248,0.007246376811594203
26,261,0.0024769992922859165
131,41,0.002009825815096025
135,102,0.00519238450272933
47,205,0.0022823944392571845
34,107,0.012823230182280628
6,107,0.0032388663967611335
146,261,0.002579182867973192
15,53,0.010396039603960397
227,62,0.006306495690561278
121,74,0.006251395400759098
9,73,0.01622352410995944
200,247,0.007575757575757576
178,217,0.003000300030003
202,83,0.002723233481439014
9,83,0.0067598017124831005
64,76,0.0037753657385559227
200,47,0.00405214940098661
22,164,0.0021118262268704745
171,37,0.0048187241854061496
85,148,0.004610441018954035
9,64,0.005407841369986481
8,146,0.013313609467455622
38,19,0.004554455445544554
192,232,0.0027188689505165853
17,229,0.002269675247300032
6,149,0.013765182186234818
94,200,0.0036075036075036075
192,38,0.002175095160413268
53,193,0.0030755711775043936
190,35,0.006063140288521849
64,215,0.0066068900424728644
183,182,0.009529860228716646
121,164,0.003460593882563072
242,92,0.002451764204242618
174,68,0.0043555952646861735
11,25,0.005477308294209703
180,173,0.002535699986654211
15,135,0.008415841584158416
257,158,0.0022058823529411764
120,231,0.008482563619227144
149,178,0.011138795251355709
217,56,0.0023777525069781868
139,53,0.0034488164289073523
174,250,0.0070359615814161265
16,56,0.01324668832791802
135,143,0.002529623219278392
16,83,0.005248687828042989
192,180,0.002175095160413268
28,87,0.002391140196325195
73,146,0.003931203931203931
183,263,0.009212198221092757
122,65,0.004493605254061528
192,88,0.0035345296356715608
67,52,0.004589411571873463
182,225,0.0046240307320196345
190,13,0.004808697470206983
131,203,0.0029030817329164806
202,66,0.0030098896373799626
22,71,0.004123089300080451
19,7,0.006603081438004402
210,68,0.0023752969121140144
190,125,0.002299811833577253
56,255,0.005962867597235398
86,198,0.002106674327300584
133,223,0.0026083621020329883
122,19,0.0076045627376425855
38,180,0.0033663366336633663
34,158,0.006570580754557015
178,186,0.003000300030003
180,205,0.0061390631255838785
40,21,0.0020238917958337447
252,229,0.004118404118404118
242,129,0.003944142415520734
53,78,0.00461335676625659
6,67,0.015384615384615385
183,243,0.009847522236340533
250,246,0.003326057582371895
203,223,0.0028701671450278576
47,49,0.0020749040356883492
38,121,0.0035643564356435645
6,140,0.004048582995951417
171,210,0.005048187241854061
22,189,0.0023129525341914724
208,252,0.0049382716049382715
133,164,0.0066743383199079406
139,155,0.0023514657469822856
191,134,0.0053347765579093865
208,32,0.006666666666666667
57,175,0.005226480836236934
175,252,0.0054466230936819175
248,170,0.005632904665745563
257,114,0.0030637254901960784
169,183,0.002844950213371266
190,68,0.006063140288521849
120,239,0.011310084825636193
240,246,0.003236245954692557
53,134,0.0041739894551845345
9,145,0.00811176205497972
135,180,0.0029290374117960324
183,18,0.014930114358322744
98,89,0.010341585709808837
15,56,0.005940594059405941
19,90,0.0022010271460014674
16,95,0.012496875781054736
122,196,0.0070860698237124094
47,179,0.0026973752463948543
54,223,0.002107481559536354
190,249,0.005854066485469371
128,263,0.008086253369272238
200,254,0.00810429880197322
34,236,0.005510809665112336
15,222,0.0024752475247524753
38,135,0.0033663366336633663
83,37,0.007414017985858447
98,35,0.006581009088060169
190,45,0.004181476061049551
81,68,0.0032991202346041057
192,263,0.002990755845568244
257,42,0.0023284313725490196
235,125,0.002135231316725979
16,101,0.006748312921769558
221,55,0.011494252873563218
81,50,0.0028103616813294234
11,233,0.004173187271778821
200,174,0.013565891472868217
94,161,0.004148629148629149
149,11,0.007328154770628756
94,153,0.0027056277056277055
63,193,0.0021783994496675074
240,262,0.003236245954692557
9,160,0.005858494817485353
153,48,0.009296685529506871
57,41,0.0156794425087108
248,229,0.0029758741630353915
180,179,0.004270652609101829
196,87,0.0038115265821121115
135,181,0.0029290374117960324
250,87,0.0023906038873297993
82,39,0.0021966970146093585
240,116,0.012297734627831715
136,128,0.002813127930341594
31,186,0.0037230081906180195
20,229,0.00207138304652645
175,53,0.006535947712418301
16,124,0.0047488127968008
46,208,0.027366020524515394
167,216,0.004626951995373048
73,234,0.0029484029484029483
202,160,0.0022932492475275907
150,162,0.003677371904878647
192,171,0.01821642196846112
191,192,0.004484304932735426
214,257,0.015209125475285171
121,71,0.003014065639651708
20,163,0.003505417463352454
192,102,0.004078303425774877
57,113,0.002613240418118467
124,139,0.00367247007616975
121,41,0.002902433578923867
160,93,0.0058184639255236615
133,11,0.004602991944764097
18,129,0.0032320055904961563
67,255,0.0047533191280118015
183,212,0.010165184243964422
208,3,0.007037037037037037
54,262,0.007551808921671935
136,229,0.002277294038847957
194,80,0.006427221172022685
31,174,0.00967982129560685
46,181,0.002280501710376283
217,249,0.002481133050759847
56,78,0.002168315489903781
147,31,0.0020847810979847115
19,241,0.00293470286133529
52,82,0.0023353810224907346
92,241,0.002407940330064016
46,248,0.00798175598631699
248,81,0.007120841747263258
227,177,0.0028379230607525753
192,122,0.0035345296356715608
131,173,0.0032380527020991513
185,246,0.0038247011952191236
31,94,0.004467609828741623
6,181,0.020242914979757085
252,122,0.0023166023166023165
191,93,0.0020875212617906293
153,239,0.005658852061438965
64,234,0.0037753657385559227
185,238,0.0028685258964143427
213,35,0.002912395153774464
147,212,0.009312022237665045
40,151,0.002171981439431336
202,246,0.006449763508671349
175,146,0.002904865649963689
250,129,0.00363787548071926
94,259,0.005230880230880231
159,162,0.004208800218638973
139,258,0.004232638344568114
93,49,0.006300598380851813
122,177,0.004493605254061528
31,141,0.007446016381236039
133,50,0.0023014959723820483
47,215,0.002593630044610437
136,153,0.003348961821835231
126,232,0.0022602518566354536
153,94,0.008488278092158448
47,3,0.003319846457101359
201,10,0.003745318352059925
127,144,0.0023985156356066436
53,255,0.0021968365553602814
122,15,0.002938126512270999
126,198,0.004735765794855237
252,143,0.002059202059202059
200,167,0.0022903453136011278
192,28,0.010059815116911366
190,239,0.0025088856366297305
15,122,0.0049504950495049506
136,3,0.004554588077695914
171,197,0.005507113354749885
150,17,0.008335376317724933
190,39,0.011289985364833787
202,157,0.0022932492475275907
136,32,0.0053583389149363695
190,113,0.0071085093037842354
180,230,0.002936073668757507
22,225,0.002011263073209976
180,55,0.002936073668757507
190,263,0.0020907380305247754
94,4,0.003427128427128427
46,70,0.002280501710376283
121,83,0.004688546550569324
159,39,0.0033342443290516536
167,129,0.005928282244071718
135,86,0.002529623219278392
121,160,0.005023442732752847
198,40,0.002179795550210463
53,242,0.0026362038664323375
64,131,0.006134969325153374
254,37,0.002490170380078637
192,17,0.0038064165307232192
154,228,0.005668934240362812
31,239,0.014892032762472078
20,141,0.0028680688336520078
241,35,0.00257201646090535
19,107,0.003301540719002201
259,76,0.0038623595505617976
178,195,0.0027002700270027003
47,220,0.004772279282083204
122,171,0.0024196335983408227
18,128,0.0020090845562543676
131,186,0.0026797677534613666
147,145,0.0020847810979847115
57,198,0.013066202090592335
9,7,0.014871563767462822
19,102,0.003851797505502568
15,179,0.007425742574257425
94,213,0.011724386724386724
3,136,0.0071984435797665365
147,163,0.002501737317581654
60,183,0.0023047375160051217
217,33,0.00692649643337124
96,83,0.006463527239150508
192,37,0.007884719956498096
178,85,0.0027002700270027003
31,182,0.00967982129560685
190,163,0.0037633284549445953
242,7,0.0025583626479053407
73,56,0.01425061425061425
139,56,0.002978523279510895
190,148,0.0102446163495714
160,215,0.002812257564003103
223,4,0.003247585676437911
135,89,0.002263347090933298
38,78,0.002772277227722772
94,79,0.003427128427128427
92,41,0.002466670582016797
160,61,0.0027152831652443757
217,82,0.004962266101519694
128,143,0.030727762803234502
14,145,0.0024607149024348128
96,124,0.00554016620498615
46,185,0.018244013683010263
120,116,0.017907634307257305
153,3,0.002425222312045271
241,32,0.004629629629629629
220,182,0.00394109105994607
57,10,0.0078397212543554
96,121,0.010156971375807941
58,81,0.007246376811594203
153,236,0.006063055780113177
190,133,0.00669036169767928
180,80,0.0030695315627919393
190,232,0.006272214091574326
64,148,0.008494572911750826
191,47,0.0020875212617906293
67,100,0.0049172266841501396
9,244,0.0031545741324921135
64,86,0.002831524303916942
217,106,0.0023777525069781868
58,147,0.008695652173913044
20,179,0.003027405991077119
81,240,0.0036656891495601175
9,138,0.010365029292474088
153,185,0.004042037186742118
173,175,0.00222000222000222
73,196,0.0063882063882063885
78,200,0.002097112437489918
96,236,0.002770083102493075
196,55,0.002760070973253598
217,102,0.0053757882766463354
149,198,0.002638135717426352
153,200,0.01333872271624899
86,28,0.002393948099205209
6,155,0.0032388663967611335
54,239,0.006322444678609062
73,98,0.0068796068796068794
19,63,0.002751283932501834
180,203,0.004537568397170693
153,81,0.004850444624090542
98,258,0.005640864932623002
217,21,0.00361831903235811
185,177,0.009243027888446215
64,130,0.013213780084945729
57,73,0.005226480836236934
175,179,0.0036310820624546117
192,131,0.008700380641653072
15,102,0.0029702970297029703
203,177,0.003545500590916765
117,121,0.002690046826741058
98,146,0.0031338138514572234
190,246,0.004808697470206983
54,82,0.002107481559536354
153,138,0.002425222312045271
106,209,0.0029297496974714987
240,136,0.009061488673139158
248,46,0.00201934318205973
254,65,0.002424639580602883
117,134,0.004383780013948391
122,179,0.00276529554096094
57,43,0.004355400696864111
3,37,0.0029182879377431907
200,43,0.0036997885835095136
201,222,0.003433208489388265
180,223,0.002936073668757507
153,167,0.005658852061438965
101,117,0.0026903416733925207
165,231,0.005159549134783299
106,234,0.005668428762499204
200,81,0.0021141649048625794
102,175,0.0021983107717227814
64,36,0.0033034450212364322
64,252,0.0070788107597923545
217,263,0.00361831903235811
108,189,0.0024125452352231603
223,69,0.002108081930319346
119,20,0.005243252535671308
19,231,0.004035216434336023
81,246,0.002932551319648094
201,113,0.002184769038701623
9,230,0.005407841369986481
29,244,0.005310229178311906
98,107,0.0021936696960200563
71,117,0.0024957537522964403
169,79,0.0034438871003967956
201,164,0.003121098626716604
252,167,0.0028314028314028314
214,33,0.009505703422053232
133,129,0.002531645569620253
175,51,0.002178649237472767
34,40,0.0028613819415006358
235,92,0.0033451957295373667
85,63,0.004051599683323243
154,133,0.012471655328798186
192,61,0.0070690592713431215
240,127,0.015533980582524271
175,102,0.0032679738562091504
240,200,0.017475728155339806
208,16,0.0022222222222222222
57,42,0.008710801393728223
205,83,0.0020514623996248753
34,63,0.0026494277236117
252,146,0.0028314028314028314
106,34,0.002101776956881727
119,87,0.0031803335052432526
53,63,0.006810193321616872
205,135,0.004513217279174726
96,226,0.01569713758079409
207,56,0.004915912031047865
57,179,0.010452961672473868
135,122,0.002263347090933298
9,39,0.0027039206849932404
178,87,0.0027002700270027003
46,170,0.0034207525655644243
185,24,0.00398406374501992
57,36,0.01132404181184669
173,247,0.00333000333000333
54,74,0.0024587284861257463
19,127,0.0020176082171680116
183,58,0.00698856416772554
92,36,0.004287308392553004
124,121,0.002040261153427639
122,259,0.002073971655720705
67,226,0.0036059662350434356
221,237,0.002554278416347382
18,238,0.00506638714185884
60,259,0.005505761843790013
203,166,0.0040520006753334455
202,166,0.003726530027232335
175,258,0.006535947712418301
6,11,0.009716599190283401
213,92,0.002329916123019571
19,179,0.003301540719002201
98,116,0.003760576621748668
62,265,0.0021120917251263483
83,98,0.002059449440516235
182,130,0.002489862701856726
85,142,0.0020025147860103384
139,16,0.0026649945132465906
18,177,0.002882599580712788
242,179,0.002664961091568063
31,244,0.018615040953090096
202,90,0.0030098896373799626
123,164,0.0026452110657996255
217,92,0.0023777525069781868
94,78,0.012085137085137086
34,137,0.009643916913946587
34,22,0.00211954217888936
34,141,0.006782534972445952
34,130,0.002437473505722764
198,34,0.002442874323511726
174,82,0.0037971856153674335
205,53,0.002403141668131997
227,198,0.0030481395837712844
133,92,0.0022247794399693132
190,158,0.0035542546518921177
8,193,0.0073964497041420114
71,233,0.0028770494644528408
240,238,0.008414239482200648
53,102,0.0026362038664323375
153,60,0.004042037186742118
96,177,0.01569713758079409
196,228,0.0033515147532365117
60,79,0.003585147247119078
120,246,0.017907634307257305
31,164,0.010424422933730455
57,92,0.025261324041811847
202,189,0.002006593091586642
128,87,0.00431266846361186
67,164,0.0062284871332568435
214,65,0.0076045627376425855
193,127,0.002643770772484641
57,171,0.008710801393728223
202,239,0.005446466962878028
190,54,0.0029270332427346855
153,152,0.008084074373484237
31,147,0.0037230081906180195
57,9,0.002613240418118467
147,234,0.005281445448227936
101,145,0.0045735808447672855
252,144,0.0023166023166023165
15,234,0.0049504950495049506
31,243,0.021593447505584513
180,155,0.002936073668757507
64,233,0.0037753657385559227
241,147,0.004012345679012346
122,38,0.010888351192533702
20,70,0.0031867431485022306
46,69,0.013683010262257697
240,47,0.005825242718446602
189,157,0.002095506749949627
183,188,0.004129606099110546
241,129,0.0023662551440329217
57,121,0.003484320557491289
192,63,0.004350190320826536
153,230,0.0068714632174616
101,173,0.0026903416733925207
32,232,0.005557993271902881
195,117,0.0022523579372155226
178,188,0.0072007200720072
173,148,0.002109002109002109
133,166,0.0020713463751438435
18,183,0.0034940600978336828
154,21,0.015873015873015872
38,3,0.0021782178217821784
178,17,0.0039003900390039005
133,198,0.0023014959723820483
153,212,0.005254648342764754
63,148,0.0028089887640449437
96,185,0.00554016620498615
192,14,0.0027188689505165853
58,241,0.011594202898550725
117,68,0.004981568197668626
94,241,0.013167388167388168
193,13,0.002593413233961124
81,47,0.009164222873900294
178,231,0.0039003900390039005
258,122,0.002301710730948678
183,197,0.0025412960609911056
67,229,0.003933781347320112
101,244,0.002421307506053269
58,229,0.004347826086956522
6,52,0.0024291497975708503
120,88,0.015080113100848256
14,229,0.0024175444655499916
6,25,0.020242914979757085
159,7,0.0032249248428532387
257,4,0.003676470588235294
185,147,0.005577689243027889
190,138,0.0029270332427346855
190,198,0.007944804515994146
73,223,0.005405405405405406
202,256,0.004156514261143758
153,246,0.005658852061438965
153,259,0.006063055780113177
38,25,0.004158415841584159
56,80,0.004472150697926548
147,246,0.005281445448227936
101,72,0.003497444175410277
122,124,0.0032837884548911167
182,143,0.004837447535035925
250,210,0.002494543186778921
150,178,0.006619269428781564
135,219,0.0023964851551058447
57,193,0.004355400696864111
31,116,0.014147431124348473
227,178,0.0045196552449022495
200,24,0.0021141649048625794
159,182,0.006285870456408855
31,143,0.007446016381236039
78,183,0.0025004032908533635
171,102,0.0027535566773749425
220,148,0.0021779713752333543
60,203,0.0028169014084507044
73,216,0.008353808353808353
73,191,0.004914004914004914
121,117,0.002344273275284662
9,223,0.009914375844975214
121,85,0.0020093770931011385
227,112,0.00294303132226193
184,137,0.0045385779122541605
94,239,0.002886002886002886
8,145,0.023668639053254437
180,210,0.0021353263045509143
178,141,0.0024002400240024004
178,11,0.006900690069006901
259,237,0.0022237827715355803
190,164,0.0056449926824168935
96,61,0.02123730378578024
102,141,0.004049519842647229
96,77,0.003693444136657433
169,32,0.006513438646402635
128,246,0.018328840970350403
194,233,0.00831758034026465
31,74,0.00967982129560685
96,160,0.006463527239150508
150,77,0.003677371904878647
227,145,0.0033634643682993485
194,174,0.0026465028355387526
31,168,0.01340282948622487
139,129,0.0032920520457751998
58,137,0.010144927536231883
54,226,0.002985598876009835
257,166,0.0022058823529411764
28,33,0.0020135917442738486
160,233,0.0029092319627618307
53,9,0.005052724077328647
58,159,0.015942028985507246
190,132,0.003972402257997073
122,85,0.004320774282751469
60,37,0.0028169014084507044
200,240,0.002642706131078224
96,17,0.00554016620498615
200,126,0.0024665257223396757
184,41,0.01361573373676248
131,15,0.0031263957123715946
96,179,0.0110803324099723
192,76,0.005165851005981512
15,51,0.0034653465346534654
123,258,0.0028656453212829273
96,148,0.002770083102493075
9,188,0.002253267237494367
19,260,0.004952311078503301
139,28,0.006270575325286095
46,114,0.004561003420752566
175,70,0.0039941902687000725
202,87,0.004443170417084707
127,265,0.0060189165950128975
122,160,0.004320774282751469
240,32,0.006472491909385114
58,213,0.021739130434782608
11,198,0.002347417840375587
221,227,0.033205619412515965
46,81,0.010262257696693273
81,152,0.003421309872922776
16,179,0.005998500374906273
102,41,0.003008214740252227
57,88,0.002613240418118467
57,75,0.006968641114982578
57,16,0.003484320557491289
147,181,0.0030576789437109105
128,213,0.0026954177897574125
128,144,0.0037735849056603774
67,142,0.0024586133420750698
46,200,0.0034207525655644243
153,18,0.021827000808407437
14,4,0.002201692281125885
241,95,0.0022633744855967077
21,205,0.002023121387283237
200,32,0.0029950669485553204
56,33,0.00257487464426074
257,142,0.00428921568627451
171,141,0.0025240936209270305
128,166,0.039892183288409704
252,37,0.003088803088803089
217,229,0.0022743719631965263
34,151,0.0032852903772785077
194,243,0.009073724007561436
202,56,0.005733123118818977
185,164,0.0030278884462151393
11,237,0.0036515388628064684
29,197,0.0057294577976523195
241,92,0.0030864197530864196
242,225,0.005116725295810681
22,238,0.0022123893805309734
46,188,0.002280501710376283
96,216,0.013850415512465374
3,197,0.0038910505836575876
96,265,0.007386888273314866
108,246,0.002929519214199552
34,265,0.003497244595167444
93,252,0.0026399155227032735
252,112,0.002059202059202059
205,78,0.0020514623996248753
136,163,0.003215003348961822
254,218,0.0025557011795543905
126,77,0.0033365622645570984
22,145,0.002011263073209976
122,97,0.00276529554096094
51,216,0.0027945668421394685
81,55,0.00427663734115347
51,72,0.0028595567687008513
46,256,0.002280501710376283
180,212,0.0021353263045509143
182,55,0.002205306964501672
180,233,0.004137194715067396
235,143,0.002704626334519573
159,33,0.002022410494670675
56,239,0.002236075348963274
58,41,0.030434782608695653
150,231,0.002451581269919098
174,37,0.002680366316729953
184,37,0.0030257186081694403
208,262,0.003580246913580247
117,161,0.0021918900069741957
98,244,0.0034471952366029457
81,131,0.0028103616813294234
185,188,0.00350597609561753
127,81,0.002308005611621487
185,226,0.009561752988047808
178,13,0.0042004200420042
122,231,0.011925337020394054
210,62,0.00395882818685669
150,75,0.004167688158862467
78,164,0.002984352314889498
241,188,0.0032921810699588477
55,161,0.003099045493987852
38,186,0.002376237623762376
220,249,0.00736361750674134
67,112,0.0034420586789050975
9,205,0.0076611086074808476
78,219,0.003387643168252944
121,212,0.0021210091538289796
139,17,0.0034488164289073523
175,232,0.002178649237472767
194,70,0.004158790170132325
220,129,0.002489110143123833
20,107,0.008444869343530911
155,142,0.0029930686830497793
21,97,0.004046242774566474
31,183,0.0029784065524944155
108,90,0.0027571945545407546
55,100,0.0032230073137473657
38,18,0.0039603960396039604
122,47,0.0025924645696508816
185,143,0.0027091633466135457
81,233,0.002321603128054741
122,140,0.004666436225371586
22,48,0.0023129525341914724
29,50,0.002655114589155953
194,145,0.008695652173913044
194,137,0.005293005671077505
3,45,0.0031128404669260703
221,38,0.002554278416347382
47,4,0.0022823944392571845
194,100,0.003402646502835539
257,210,0.0022058823529411764
98,225,0.006267627702914447
98,63,0.004700720777185835
98,100,0.0025070510811657787
16,42,0.011247188202949263
16,137,0.0024993751562109472
167,90,0.0020242914979757085
128,14,0.01940700808625337
77,69,0.0023805163889397546
123,48,0.002314559682574672
86,106,0.002393948099205209
235,53,0.0033451957295373667
86,254,0.002106674327300584
127,247,0.004299226139294927
248,205,0.002125624402168137
240,240,0.025889967637540454
160,41,0.00252133436772692
117,242,0.0042841486499950185
123,237,0.004959770748374297
81,25,0.0036656891495601175
171,246,0.002294630564479119
190,75,0.0029270332427346855
171,97,0.002294630564479119
16,169,0.002749312671832042
153,76,0.003637833468067906
8,239,0.011834319526627219
126,49,0.0023678828974276183
190,227,0.0056449926824168935
19,89,0.002751283932501834
171,174,0.0027535566773749425
242,117,0.004477134633834346
64,230,0.004719207173194903
32,163,0.0027789966359514405
183,127,0.006035578144853875
153,62,0.002425222312045271
31,236,0.011169024571854059
235,209,0.008683274021352314
139,163,0.002508230130114438
16,230,0.01274681329667583
203,190,0.0020260003376667227
18,45,0.0032320055904961563
64,45,0.004719207173194903
53,222,0.0026362038664323375
3,183,0.008560311284046693
31,162,0.00967982129560685
192,132,0.007884719956498096
3,162,0.004280155642023347
93,255,0.02027455121436114
150,42,0.0125030644765874
208,163,0.007407407407407408
194,68,0.004536862003780718
127,18,0.002036475539666018
219,17,0.007226940843391447
150,232,0.002451581269919098
16,233,0.002749312671832042
102,122,0.0020826102047900035
173,218,0.002553002553002553
183,137,0.014294790343074968
175,63,0.002541757443718228
29,145,0.004192286193404136
121,119,0.004800178611297164
201,74,0.009051186017478152
175,100,0.002178649237472767
126,246,0.003767086427725756
131,81,0.0024564537740062527
201,67,0.004993757802746567
46,230,0.004561003420752566
201,154,0.003433208489388265
81,86,0.002688172043010753
150,124,0.003677371904878647
78,188,0.002258428778835296
183,162,0.008576874205844982
19,229,0.0022010271460014674
122,244,0.005357760110611821
9,170,0.0067598017124831005
38,41,0.0029702970297029703
8,230,0.0073964497041420114
81,79,0.0021994134897360706
26,222,0.0029016277423920735
53,167,0.0026362038664323375
86,227,0.002010916403332376
241,82,0.0022633744855967077
31,86,0.0022338049143708115
128,265,0.008086253369272238
135,203,0.0026627612834509385
207,141,0.004657179818887452
8,142,0.005917159763313609
194,107,0.0060491493383742915
53,38,0.0028558875219683658
200,181,0.0021141649048625794
201,48,0.0046816479400749065
120,48,0.016965127238454288
29,62,0.0036333147009502517
194,56,0.0030245746691871457
133,222,0.0022247794399693132
185,35,0.002390438247011952
192,235,0.002990755845568244
8,138,0.026627218934911243
175,55,0.002178649237472767
46,238,0.004561003420752566
6,113,0.0032388663967611335
220,265,0.0028002489110143126
47,95,0.002386139641041602
201,262,0.003433208489388265
46,166,0.004561003420752566
64,43,0.0023596035865974517
94,76,0.005952380952380952
131,235,0.0031263957123715946
252,34,0.00797940797940798
46,100,0.004561003420752566
32,226,0.002193944712593243
178,158,0.005700570057005701
155,162,0.0026780088216761186
57,77,0.004355400696864111
194,140,0.011720226843100189
218,254,0.004580279813457695
101,88,0.009685230024213076
150,218,0.007354743809757294
117,143,0.002690046826741058
28,232,0.0020765164862824063
6,106,0.005668016194331984
120,80,0.00471253534401508
108,141,0.0025848698948819577
194,161,0.0060491493383742915
67,237,0.0026225208982134074
19,181,0.0022010271460014674
67,107,0.0031142435666284217
235,194,0.003629893238434164
240,161,0.003883495145631068
185,265,0.0020717131474103584
128,69,0.004851752021563342
203,261,0.002363667060611177
175,233,0.0032679738562091504
92,231,0.0032301638574029484
51,121,0.0037694157405602133
102,237,0.004049519842647229
194,170,0.004914933837429111
174,92,0.0030154121063211974
240,248,0.007766990291262136
150,222,0.0051483206668301055
53,265,0.0026362038664323375
124,88,0.004896626768226333
81,170,0.0035434995112414466
98,143,0.0034471952366029457
200,152,0.00616631430584919
149,141,0.002784698812838927
9,168,0.003605227579990987
123,45,0.002204342554833021
31,43,0.004467609828741623
51,95,0.0022746474296484044
123,117,0.0029758624490245785
108,230,0.0022402205755643633
120,132,0.008482563619227144
96,134,0.013850415512465374
73,93,0.0034398034398034397
240,186,0.006472491909385114
3,79,0.0023346303501945525
67,249,0.0026225208982134074
203,222,0.00219483369913895
185,37,0.003346613545816733
120,230,0.016022620169651274
119,262,0.0025786487880350697
178,107,0.0051005100510051
194,186,0.003402646502835539
94,45,0.002344877344877345
139,65,0.0032920520457751998
38,49,0.002772277227722772
123,148,0.0025349939380579743
51,239,0.0022746474296484044
108,124,0.002067895915905566
122,132,0.005012098167991704
46,148,0.002280501710376283
203,64,0.0020260003376667227
252,213,0.004118404118404118
46,77,0.0068415051311288486
46,184,0.0068415051311288486
34,43,0.002013565069944892
149,95,0.0030778250036640775
135,193,0.002263347090933298
171,80,0.0025240936209270305
194,152,0.002268431001890359
208,186,0.0027160493827160493
3,35,0.0029182879377431907
167,7,0.0026026604973973396
119,177,0.0035241533436479286
160,64,0.002230411171450737
183,36,0.0038119440914866584
139,36,0.002194701363850133
252,181,0.003088803088803089
202,174,0.004586498495055181
20,262,0.0028680688336520078
64,232,0.0023596035865974517
46,119,0.005701254275940707
46,241,0.005701254275940707
212,215,0.002091055983271552
46,86,0.004561003420752566
98,145,0.0031338138514572234
201,72,0.00749063670411985
124,33,0.0035364526659412403
96,210,0.0046168051708217915
183,148,0.0028589580686149934
227,86,0.00294303132226193
222,243,0.0024234031504240957
207,209,0.002069857697283312
46,168,0.014823261117445839
203,227,0.003545500590916765
81,128,0.0028103616813294234
55,68,0.002913102764348581
175,203,0.002541757443718228
139,68,0.0032920520457751998
252,61,0.005148005148005148
9,265,0.002253267237494367
67,68,0.009014915587608589
203,142,0.002532500422083404
150,131,0.003187055650894827
174,24,0.0035738217556399374
203,231,0.0020260003376667227
20,143,0.005098789037603569
126,223,0.002798407060596276
135,138,0.002263347090933298
15,82,0.015346534653465346
252,225,0.003861003861003861
96,62,0.00554016620498615
9,181,0.0031545741324921135
154,10,0.005668934240362812
8,244,0.005917159763313609
182,77,0.0029166963078893077
8,8,0.16863905325443787
185,210,0.0068525896414342626
124,231,0.003264417845484222
201,25,0.00686641697877653
108,234,0.0034464931931759437
150,237,0.002451581269919098
16,61,0.005248687828042989
8,75,0.010355029585798817
73,100,0.002457002457002457
16,231,0.0024993751562109472
73,64,0.0034398034398034397
218,100,0.002748167888074617
58,107,0.013043478260869565
175,74,0.002541757443718228
3,76,0.005058365758754864
192,175,0.005437737901033171
241,61,0.004423868312757201
15,238,0.0024752475247524753
55,168,0.0026651791248295527
96,157,0.0046168051708217915
240,265,0.007766990291262136
242,202,0.003304551753544398
31,90,0.0037230081906180195
32,153,0.002047681731753693
194,24,0.0026465028355387526
194,13,0.004536862003780718
46,41,0.014823261117445839
46,51,0.018244013683010263
222,152,0.0020772027003635105
139,72,0.011443799968647124
8,236,0.01775147928994083
194,28,0.0030245746691871457
28,13,0.0020135917442738486
240,18,0.01488673139158576
208,79,0.0024691358024691358
153,61,0.003637833468067906
171,144,0.0036714089031665903
219,155,0.0033527045149754136
221,123,0.010217113665389528
57,256,0.006968641114982578
173,243,0.002331002331002331
202,33,0.003153217715350437
184,153,0.0045385779122541605
173,212,0.002997002997002997
214,228,0.024714828897338403
16,10,0.0024993751562109472
213,193,0.0027376514445479963
153,128,0.004850444624090542
3,28,0.0023346303501945525
31,166,0.02084884586746091
183,136,0.004764930114358323
184,20,0.012102874432677761
128,4,0.0026954177897574125
31,224,0.011169024571854059
15,112,0.0024752475247524753
178,80,0.0024002400240024004
96,237,0.003693444136657433
54,263,0.00684931506849315
31,235,0.00967982129560685
200,234,0.00616631430584919
15,48,0.0039603960396039604
15,61,0.0034653465346534654
6,263,0.0032388663967611335
183,260,0.0025412960609911056
150,130,0.004412846285854376
171,71,0.003900871959614502
190,88,0.002299811833577253
102,171,0.003008214740252227
85,158,0.0026544963442462627
3,240,0.0023346303501945525
171,146,0.0073428178063331805
46,247,0.010262257696693273
169,141,0.0030695515460058397
190,107,0.00669036169767928
139,182,0.0031352876626430477
8,256,0.0029585798816568047
201,150,0.006242197253433208
40,244,0.002517523941159048
40,95,0.002616250370224109
98,180,0.0031338138514572234
67,37,0.004261596459596787
67,50,0.0022947057859367317
101,135,0.007532956685499058
200,51,0.003875968992248062
214,140,0.005703422053231939
200,182,0.0028188865398167725
196,181,0.0023657751199316554
240,220,0.008414239482200648
214,68,0.005703422053231939
128,231,0.00215633423180593
153,247,0.009700889248181084
214,263,0.005703422053231939
202,234,0.005159810806937079
22,195,0.0022123893805309734
58,235,0.011594202898550725
147,177,0.005976372480889507
175,86,0.0032679738562091504
57,139,0.003484320557491289
194,261,0.0026465028355387526
58,22,0.002898550724637681
85,41,0.0037721790155078472
47,240,0.002178649237472767
98,198,0.005640864932623002
22,161,0.002916331456154465
175,196,0.006535947712418301
235,37,0.002277580071174377
31,179,0.0037230081906180195
183,239,0.0031766200762388818
259,128,0.002106741573033708
122,112,0.005357760110611821
178,255,0.0036003600360036
201,112,0.003121098626716604
241,208,0.005452674897119342
64,122,0.0023596035865974517
175,139,0.002904865649963689
252,237,0.002574002574002574
101,98,0.005918751681463546
190,7,0.004808697470206983
139,226,0.004389402727700266
203,53,0.003714333952388992
221,90,0.006385696040868455
147,186,0.004447533009034051
139,223,0.003605580812039505
128,74,0.016172506738544475
120,68,0.01885014137606032
165,87,0.002301952690903318
194,90,0.004914933837429111
128,163,0.01078167115902965
194,226,0.002268431001890359
180,7,0.004003736821032964
102,93,0.004396621543445563
51,152,0.004029375446805745
192,159,0.002175095160413268
60,163,0.00204865556978233
9,175,0.014871563767462822
190,162,0.004599623667154506
57,28,0.006968641114982578
201,228,0.0024968789013732834
53,100,0.0024165202108963092
46,32,0.0034207525655644243
57,244,0.004355400696864111
180,167,0.002535699986654211
178,163,0.0039003900390039005
221,91,0.002554278416347382
178,106,0.0033003300330033004
57,205,0.005226480836236934
194,255,0.005293005671077505
96,225,0.009233610341643583
31,126,0.011913626209977662
184,213,0.024205748865355523
57,212,0.003484320557491289
57,138,0.005226480836236934
165,257,0.0032544848388633115
96,53,0.002770083102493075
60,129,0.0023047375160051217
15,242,0.0024752475247524753
64,177,0.002831524303916942
78,240,0.0020164542668172285
183,3,0.012706480304955527
194,17,0.005671077504725898
194,260,0.002268431001890359
136,262,0.0020093770931011385
57,76,0.009581881533101045
122,17,0.002246802627030764
191,228,0.0020875212617906293
64,241,0.0023596035865974517
101,114,0.0026903416733925207
153,132,0.002021018593371059
240,247,0.011650485436893204
53,57,0.0024165202108963092
15,203,0.005940594059405941
73,83,0.005896805896805897
183,92,0.0054002541296060995
38,227,0.0037623762376237622
120,142,0.010367577756833177
221,66,0.0038314176245210726
192,146,0.004350190320826536
194,256,0.004914933837429111
106,211,0.0036303420164320744
16,102,0.003749062734316421
120,233,0.012252591894439209
171,160,0.0027535566773749425
3,58,0.0029182879377431907
120,37,0.002827521206409048
47,202,0.002178649237472767
175,216,0.00980392156862745
192,229,0.0035345296356715608
31,7,0.007446016381236039
208,95,0.002839506172839506
135,255,0.004393556117694049
214,97,0.0076045627376425855
31,136,0.005956813104988831
178,37,0.0021002100210021
192,112,0.0038064165307232192
9,141,0.004957187922487607
194,82,0.003402646502835539
183,248,0.00698856416772554
202,25,0.0024365773254980652
190,140,0.0035542546518921177
190,210,0.0025088856366297305
190,238,0.0029270332427346855
122,73,0.0031109574835810577
240,20,0.008414239482200648
73,107,0.0029484029484029483
60,3,0.0046094750320102434
131,83,0.002344796784278696
34,260,0.003921153030945316
248,128,0.002231905622276544
117,149,0.0031882036465079207
73,76,0.004422604422604423
214,26,0.028517110266159697
240,60,0.004530744336569579
202,35,0.002006593091586642
218,168,0.002331778814123917
154,66,0.0022675736961451248
139,92,0.0026649945132465906
46,182,0.012542759407069556
192,55,0.002175095160413268
217,130,0.0027912746821048278
259,263,0.0029260299625468167
3,92,0.0031128404669260703
183,60,0.0038119440914866584
31,78,0.011169024571854059
175,122,0.0054466230936819175
18,146,0.0020964360587002098
208,249,0.0049382716049382715
32,151,0.002047681731753693
96,137,0.002770083102493075
221,65,0.008939974457215836
201,181,0.004057428214731586
121,116,0.0025675373967403436
64,18,0.0033034450212364322
128,229,0.009164420485175202
213,173,0.00244641192917055
96,165,0.002770083102493075
58,185,0.011594202898550725
73,134,0.005896805896805897
64,244,0.002831524303916942
194,181,0.002268431001890359
183,173,0.0025412960609911056
6,233,0.0024291497975708503
257,177,0.0024509803921568627
203,252,0.0032078338679723114
175,10,0.002904865649963689
242,77,0.0029847564225562308
183,232,0.0022236340533672173
120,162,0.013195098963242224
93,17,0.004646251319957761
214,62,0.0076045627376425855
190,231,0.006272214091574326
31,240,0.0022338049143708115
31,144,0.0022338049143708115
31,46,0.0029784065524944155
128,152,0.0037735849056603774
19,180,0.003668378576669112
6,29,0.005668016194331984
3,161,0.005252918287937744
57,248,0.003484320557491289
54,50,0.0035124692658939235
32,148,0.0024864706742723417
85,114,0.0023750756764308665
108,132,0.0025848698948819577
31,153,0.0029784065524944155
150,227,0.004412846285854376
6,162,0.006477732793522267
192,62,0.0035345296356715608
153,229,0.0032336297493936943
252,244,0.003088803088803089
57,215,0.004355400696864111
192,142,0.0027188689505165853
120,237,0.011310084825636193
192,237,0.005437737901033171
120,141,0.010367577756833177
217,223,0.0025845135945415073
252,205,0.004633204633204633
60,4,0.002560819462227913
121,231,0.002344273275284662
31,159,0.01563663440059568
31,32,0.011169024571854059
240,141,0.006472491909385114
192,45,0.0027188689505165853
196,243,0.0024972070710389694
128,232,0.00215633423180593
31,68,0.008935219657483246
58,169,0.007246376811594203
119,223,0.0023207839092315627
184,238,0.007564296520423601
252,101,0.0033462033462033462
184,244,0.012102874432677761
128,79,0.00646900269541779
167,226,0.0020242914979757085
81,181,0.002932551319648094
57,137,0.01132404181184669
31,97,0.0037230081906180195
96,260,0.006463527239150508
192,139,0.004078303425774877
173,68,0.002109002109002109
194,244,0.004914933837429111
31,225,0.0022338049143708115
201,108,0.002184769038701623
221,62,0.002554278416347382
227,7,0.0040992221988648304
201,85,0.003121098626716604
160,74,0.0020364623739332816
201,36,0.003745318352059925
192,252,0.009244154431756389
252,63,0.004890604890604891
153,237,0.004850444624090542
126,177,0.0031213001829727693
167,141,0.0026749566223250435
193,205,0.0021653741565112296
19,72,0.004035216434336023
94,141,0.0025252525252525255
250,7,0.0037418147801683817
240,241,0.012944983818770227
202,113,0.002723233481439014
248,129,0.002125624402168137
201,205,0.002184769038701623
31,127,0.008190618019359643
200,185,0.0033474277660324172
8,260,0.014792899408284023
46,254,0.014823261117445839
180,112,0.0037368210329640997
217,227,0.0022743719631965263
180,174,0.002001868410516482
190,108,0.0020907380305247754
242,79,0.0025583626479053407
57,135,0.006097560975609756
120,107,0.006597549481621112
3,186,0.0021400778210116734
96,166,0.00554016620498615
252,41,0.003861003861003861
180,16,0.0022687841985853463
167,92,0.0026749566223250435
202,82,0.005016482728966604
54,35,0.002985598876009835
9,119,0.002253267237494367
57,169,0.002613240418118467
221,33,0.0038314176245210726
252,17,0.0023166023166023165
64,139,0.004247286455875413
57,116,0.004355400696864111
73,175,0.007862407862407862
128,137,0.009164420485175202
240,263,0.004530744336569579
240,236,0.005825242718446602
252,196,0.005662805662805663
31,148,0.0037230081906180195
192,162,0.002175095160413268
31,81,0.006701414743112435
58,78,0.007246376811594203
96,70,0.0046168051708217915
58,126,0.01884057971014493
3,121,0.002529182879377432
15,218,0.0049504950495049506
203,162,0.0032078338679723114
190,155,0.0025088856366297305
98,77,0.008774678784080225
153,68,0.0064672594987873885
15,148,0.0024752475247524753
252,18,0.003088803088803089
214,89,0.011406844106463879
57,219,0.002613240418118467
8,216,0.0073964497041420114
214,198,0.0076045627376425855
221,48,0.002554278416347382
11,40,0.0026082420448617634
96,107,0.002770083102493075
31,92,0.004467609828741623
46,60,0.00798175598631699
154,219,0.005668934240362812
8,82,0.013313609467455622
16,36,0.00424893776555861
46,235,0.009122006841505131
8,226,0.008875739644970414
64,210,0.004247286455875413
136,258,0.002277294038847957
73,163,0.0034398034398034397
190,22,0.00334518084883964
178,257,0.003000300030003
153,231,0.0028294260307194824
102,53,0.003008214740252227
31,41,0.010424422933730455
58,184,0.010144927536231883
153,250,0.0032336297493936943
220,144,0.005393071976768305
192,227,0.002175095160413268
57,14,0.003484320557491289
46,94,0.005701254275940707
252,80,0.002574002574002574
202,61,0.005016482728966604
154,191,0.0022675736961451248
94,183,0.003427128427128427
73,197,0.009336609336609337
19,41,0.005135730007336757
31,226,0.0029784065524944155
190,87,0.004390549864102028
134,35,0.002369507819375804
183,82,0.0028589580686149934
150,181,0.010296641333660211
192,39,0.002175095160413268
18,7,0.0031446540880503146
3,129,0.002529182879377432
175,124,0.002178649237472767
194,87,0.0026465028355387526
46,58,0.0068415051311288486
135,35,0.0030621754759685795
252,255,0.002059202059202059
6,188,0.0024291497975708503
96,192,0.003693444136657433
16,219,0.0049987503124218945
96,98,0.003693444136657433
58,167,0.008695652173913044
212,85,0.003992015968063872
252,65,0.0023166023166023165
53,112,0.0024165202108963092
38,236,0.0021782178217821784
11,145,0.008868022952529996
120,261,0.008482563619227144
240,243,0.016828478964401296
64,160,0.0070788107597923545
96,188,0.010156971375807941
31,237,0.010424422933730455
64,98,0.0033034450212364322
154,62,0.005668934240362812
120,140,0.022620169651272386
6,76,0.004048582995951417
11,13,0.0026082420448617634
58,129,0.011594202898550725
201,68,0.004993757802746567
221,141,0.002554278416347382
58,138,0.008695652173913044
212,92,0.0024712479802300163
150,86,0.006864427555773474
184,197,0.0030257186081694403
96,80,0.013850415512465374
139,14,0.0031352876626430477
126,197,0.0026907760198041117
46,236,0.005701254275940707
202,265,0.002723233481439014
86,167,0.0027769797950780426
64,38,0.005191127890514393
147,90,0.002640722724113968
101,142,0.004035512510088781
46,50,0.00798175598631699
46,147,0.010262257696693273
214,11,0.013307984790874524
64,134,0.0023596035865974517
120,50,0.020735155513666354
96,129,0.012003693444136657
178,42,0.003000300030003
93,160,0.0025343189017951427
128,236,0.009703504043126684
184,142,0.006051437216338881
46,183,0.018244013683010263
184,3,0.006051437216338881
192,255,0.004078303425774877
81,218,0.0020772238514173997
154,52,0.007936507936507936
190,95,0.0029270332427346855
120,236,0.010367577756833177
31,169,0.00967982129560685
120,170,0.00942507068803016
31,233,0.004467609828741623
57,226,0.008710801393728223
11,148,0.0020865936358894104
31,250,0.004467609828741623
192,77,0.002175095160413268
190,55,0.003972402257997073
127,261,0.002262750599628909
96,205,0.006463527239150508
128,186,0.012398921832884097
184,250,0.007564296520423601
58,230,0.013043478260869565
147,100,0.003891591382904795
185,142,0.00844621513944223
6,108,0.004858299595141701
242,234,0.002664961091568063
128,164,0.005390835579514825
57,225,0.020905923344947737
243,53,0.0021177634834240477
15,142,0.011386138613861386
221,63,0.005108556832694764
240,239,0.009708737864077669
53,80,0.003295254833040422
96,82,0.02585410895660203
31,25,0.0022338049143708115
46,116,0.010262257696693273
203,97,0.0054026675671112615
154,38,0.0022675736961451248
73,177,0.002457002457002457
175,238,0.002178649237472767
15,213,0.0024752475247524753
93,52,0.002710313269975361
29,49,0.0023756288429290107
150,225,0.0029418975239029173
192,198,0.008428493746601413
175,138,0.002178649237472767
86,122,0.002106674327300584
78,63,0.0024197451201806745
96,250,0.0046168051708217915
171,166,0.0025240936209270305
6,71,0.004858299595141701
221,61,0.006385696040868455
184,112,0.0030257186081694403
57,53,0.0156794425087108
67,232,0.0022947057859367317
207,82,0.0033635187580853816
57,25,0.01916376306620209
128,136,0.003234501347708895
190,141,0.003136107045787163
222,244,0.002596503375454388
9,222,0.002253267237494367
31,142,0.010424422933730455
194,218,0.002268431001890359
154,170,0.0045351473922902496
9,125,0.00811176205497972
154,49,0.003401360544217687
207,148,0.00646830530401035
139,174,0.0031352876626430477
171,236,0.0036714089031665903
46,237,0.002280501710376283
207,231,0.004657179818887452
93,66,0.005772615276311158
46,127,0.012542759407069556
122,174,0.002246802627030764
38,232,0.0031683168316831685
201,208,0.0024968789013732834
240,119,0.008414239482200648
117,234,0.003686360466274783
96,162,0.007386888273314866
8,168,0.005917159763313609
9,210,0.0031545741324921135
57,91,0.005226480836236934
108,232,0.003101843873858349
38,47,0.008514851485148515
185,25,0.0027091633466135457
108,82,0.0034464931931759437
15,232,0.0034653465346534654
64,138,0.005191127890514393
63,209,0.002579683558816785
124,100,0.002040261153427639
64,186,0.005191127890514393
94,90,0.003246753246753247
57,153,0.002613240418118467
128,151,0.018328840970350403
259,49,0.0024578651685393258
175,39,0.0054466230936819175
171,55,0.0027535566773749425
73,75,0.005896805896805897
241,90,0.00205761316872428
122,225,0.00553059108192188
73,188,0.005405405405405406
31,60,0.005956813104988831
53,185,0.007469244288224956
242,114,0.0021319688732544507
73,45,0.011302211302211302
108,92,0.003101843873858349
149,117,0.003957203576139528
178,201,0.0027002700270027003
254,7,0.0035386631716906947
96,68,0.00554016620498615
8,100,0.0029585798816568047
73,262,0.0029484029484029483
46,263,0.00798175598631699
240,234,0.003236245954692557
128,81,0.010242587601078167
252,78,0.002574002574002574
73,161,0.004914004914004914
31,161,0.00967982129560685
154,41,0.0022675736961451248
57,132,0.005226480836236934
47,38,0.002178649237472767
150,175,0.0029418975239029173
191,174,0.002706046080098964
121,246,0.0021210091538289796
15,231,0.0029702970297029703
240,242,0.010355987055016181
15,263,0.004455445544554455
57,93,0.014808362369337979
191,51,0.002319468068656255
86,150,0.002010916403332376
15,45,0.004455445544554455
183,145,0.0044472681067344345
29,195,0.0022358859698155395
139,233,0.002194701363850133
178,66,0.004500450045004501
240,228,0.0025889967637540453
32,240,0.0026327336551118913
20,53,0.00207138304652645
139,100,0.0023514657469822856
153,26,0.002021018593371059
134,81,0.002640308713018753
31,95,0.0037230081906180195
201,212,0.0046816479400749065
31,262,0.005956813104988831
31,263,0.012658227848101266
192,233,0.0035345296356715608
47,191,0.0022823944392571845
120,241,0.00471253534401508
11,183,0.002347417840375587
58,239,0.004347826086956522
205,55,0.0028720473594748257
201,159,0.002184769038701623
31,61,0.0029784065524944155
175,29,0.0039941902687000725
46,49,0.010262257696693273
67,88,0.0037698737911817733
11,79,0.0036515388628064684
207,37,0.002328589909443726
9,255,0.015322217214961695
9,76,0.004506534474988734
20,225,0.003505417463352454
53,162,0.003295254833040422
73,142,0.0029484029484029483
96,132,0.0221606648199446
252,39,0.01287001287001287
201,54,0.005930087390761548
51,177,0.004549294859296809
128,56,0.00215633423180593
31,234,0.0022338049143708115
207,65,0.0031047865459249676
46,48,0.002280501710376283
184,58,0.0045385779122541605
46,97,0.005701254275940707
202,215,0.0022932492475275907
221,116,0.0038314176245210726
207,246,0.00258732212160414
183,107,0.0022236340533672173
20,211,0.002390057361376673
180,243,0.0022687841985853463
46,33,0.002280501710376283
207,125,0.0031047865459249676
85,212,0.0020025147860103384
8,225,0.0029585798816568047
32,130,0.0027789966359514405
96,168,0.00554016620498615
120,138,0.00942507068803016
46,117,0.005701254275940707
154,178,0.0045351473922902496
122,188,0.00967853439336329
207,50,0.002069857697283312
154,181,0.015873015873015872
8,127,0.005917159763313609
190,229,0.005017771273259461
252,89,0.002059202059202059
57,252,0.005226480836236934
201,80,0.0028089887640449437
21,225,0.005491329479768786
183,41,0.008259212198221092
16,132,0.0032491877030742314
32,139,0.0035103115401491883
190,145,0.0056449926824168935
38,237,0.0031683168316831685
252,161,0.003861003861003861
15,233,0.004455445544554455
123,256,0.00209412542709137
248,63,0.00201934318205973
101,74,0.0021522733387140166
56,165,0.0027781542214392195
77,162,0.0020753219801013245
93,189,0.004646251319957761
58,238,0.011594202898550725
53,158,0.0021968365553602814
58,32,0.010144927536231883
221,261,0.005108556832694764
46,175,0.002280501710376283
221,108,0.005108556832694764
58,60,0.002898550724637681
183,79,0.00349428208386277
6,186,0.0024291497975708503
183,129,0.0038119440914866584
9,70,0.007210455159981974
38,64,0.0025742574257425744
9,101,0.009013068949977467
153,164,0.0028294260307194824
221,45,0.0140485312899106
108,79,0.0025848698948819577
58,20,0.010144927536231883
252,230,0.003088803088803089
31,137,0.0052122114668652275
174,39,0.0037971856153674335
67,62,0.0026225208982134074
194,246,0.003780718336483932
203,161,0.00219483369913895
46,3,0.0068415051311288486
58,151,0.005797101449275362
183,164,0.008894536213468869
154,63,0.0045351473922902496
221,76,0.0038314176245210726
31,51,0.01563663440059568
194,49,0.0026465028355387526
9,93,0.0031545741324921135
15,80,0.0034653465346534654
57,230,0.006097560975609756
52,145,0.0024369193278164186
57,37,0.010452961672473868
18,31,0.0020090845562543676
16,50,0.0032491877030742314
96,92,0.00554016620498615
57,182,0.002613240418118467
120,151,0.008482563619227144
120,161,0.016022620169651274
194,92,0.003780718336483932
154,256,0.003401360544217687
47,56,0.003319846457101359
185,107,0.0020717131474103584
73,230,0.003931203931203931
175,173,0.004720406681190995
178,229,0.003000300030003
58,74,0.013043478260869565
16,177,0.0022494376405898524
122,14,0.00276529554096094
154,227,0.006802721088435374
184,94,0.007564296520423601
122,83,0.004493605254061528
175,186,0.00980392156862745
183,170,0.004764930114358323
11,90,0.00495565988523735
94,65,0.002344877344877345
200,136,0.008456659619450317
120,87,0.00942507068803016
31,33,0.0022338049143708115
20,31,0.0022307202039515616
191,254,0.0024740992732333383
153,248,0.003637833468067906
190,100,0.0020907380305247754
67,85,0.0022947057859367317
171,122,0.002294630564479119
58,82,0.005797101449275362
171,232,0.002065167508031207
126,146,0.0023678828974276183
227,226,0.0033634643682993485
31,112,0.0022338049143708115
46,262,0.004561003420752566
171,191,0.004130335016062414
185,225,0.0028685258964143427
147,148,0.0020847810979847115
16,167,0.002749312671832042
46,92,0.002280501710376283
73,258,0.004914004914004914
16,138,0.002749312671832042
183,246,0.0044472681067344345
248,43,0.002231905622276544
64,198,0.004719207173194903
190,226,0.004808697470206983
150,25,0.0026967393969110076
58,48,0.005797101449275362
184,18,0.018154311649016642
8,74,0.014792899408284023
252,242,0.003088803088803089
122,51,0.002073971655720705
54,241,0.002107481559536354
96,180,0.012927054478301015
154,107,0.003401360544217687
154,77,0.003401360544217687
214,123,0.009505703422053232
73,215,0.005896805896805897
93,9,0.002393523407250968
20,7,0.002390057361376673
57,142,0.003484320557491289
202,126,0.003726530027232335
57,196,0.006097560975609756
184,255,0.0045385779122541605
120,229,0.00471253534401508
184,223,0.01059001512859304
11,257,0.0028690662493479394
11,144,0.002347417840375587
54,244,0.0036880927291886197
184,81,0.015128593040847202
58,173,0.004347826086956522
31,129,0.0037230081906180195
154,65,0.003401360544217687
31,163,0.005956813104988831
154,145,0.0022675736961451248
184,126,0.01664145234493192
184,119,0.009077155824508321
54,224,0.002107481559536354
96,91,0.002770083102493075
46,151,0.004561003420752566
184,248,0.01059001512859304
20,37,0.003027405991077119
19,138,0.00293470286133529
184,69,0.01059001512859304
240,148,0.0025889967637540453
174,262,0.002345320527138709
154,112,0.0022675736961451248
221,107,0.005108556832694764
201,198,0.004057428214731586
64,141,0.005663048607833884
154,189,0.005668934240362812
98,139,0.0031338138514572234
64,163,0.0023596035865974517
202,152,0.002006593091586642
175,234,0.0036310820624546117
28,78,0.0020135917442738486
214,197,0.0038022813688212928
183,94,0.0038119440914866584
64,79,0.0023596035865974517
57,233,0.002613240418118467
192,41,0.002175095160413268
221,170,0.008939974457215836
214,76,0.0038022813688212928
96,56,0.0046168051708217915
46,220,0.0068415051311288486
184,182,0.0045385779122541605
6,170,0.004048582995951417
31,24,0.0022338049143708115
202,127,0.0022932492475275907
120,114,0.005655042412818096
31,152,0.0037230081906180195
31,212,0.0052122114668652275
73,79,0.002457002457002457
221,234,0.0038314176245210726
201,226,0.0024968789013732834
221,165,0.005108556832694764
64,37,0.002831524303916942
150,90,0.002206423142927188
175,208,0.002178649237472767
58,141,0.005797101449275362
171,239,0.002065167508031207
184,107,0.0030257186081694403
190,48,0.0071085093037842354
96,66,0.002770083102493075
120,51,0.007540056550424128
15,260,0.005940594059405941
54,85,0.0024587284861257463
31,223,0.0029784065524944155
64,143,0.002831524303916942
18,97,0.002620545073375262
120,100,0.013195098963242224
128,249,0.007008086253369272
214,133,0.0038022813688212928
153,208,0.004042037186742118
31,102,0.0037230081906180195
8,166,0.010355029585798817
58,168,0.013043478260869565
120,232,0.011310084825636193
190,4,0.0052268450763119385
184,241,0.012102874432677761
31,208,0.006701414743112435
184,237,0.0030257186081694403
32,71,0.002193944712593243
203,60,0.00219483369913895
15,69,0.0024752475247524753
64,225,0.002831524303916942
46,193,0.004561003420752566
153,260,0.002021018593371059
96,112,0.009233610341643583
221,29,0.007662835249042145
154,198,0.0045351473922902496
128,234,0.009703504043126684
202,47,0.0028665615594094885
252,208,0.009009009009009009
207,264,0.0028460543337645535
94,55,0.0030663780663780665
185,39,0.0022310756972111555
154,29,0.01473922902494331
46,225,0.004561003420752566
78,122,0.002258428778835296
154,106,0.003401360544217687
15,89,0.0034653465346534654
46,35,0.010262257696693273
32,265,0.002193944712593243
210,40,0.0021993489926981614
58,171,0.010144927536231883
46,9,0.0034207525655644243
203,50,0.00219483369913895
8,262,0.008875739644970414
98,62,0.002820432466311501
240,37,0.006472491909385114
58,56,0.013043478260869565
57,236,0.003484320557491289
192,230,0.0027188689505165853
153,234,0.008488278092158448
18,62,0.0023584905660377358
240,198,0.007766990291262136
178,100,0.0024002400240024004
19,91,0.002384446074834923
119,225,0.0021488739900292248
9,139,0.002253267237494367
108,78,0.004652765810787524
122,48,0.0031109574835810577
58,259,0.007246376811594203
131,222,0.00256811076373381
58,70,0.010144927536231883
171,60,0.002294630564479119
171,78,0.004130335016062414
175,76,0.002178649237472767
128,140,0.009164420485175202
202,45,0.0022932492475275907
60,55,0.00409731113956466
240,48,0.007766990291262136
185,97,0.002549800796812749
60,188,0.0046094750320102434
202,261,0.002149921169557116
46,242,0.0068415051311288486
175,140,0.008351488743645606
185,49,0.004143426294820717
150,151,0.002206423142927188
201,33,0.005305867665418227
202,77,0.0022932492475275907
3,225,0.002723735408560311
32,210,0.0026327336551118913
96,97,0.006463527239150508
154,87,0.0045351473922902496
98,236,0.004700720777185835
31,188,0.0022338049143708115
73,132,0.002457002457002457
53,169,0.003295254833040422
73,236,0.0068796068796068794
98,74,0.00532748354747728
20,117,0.00207138304652645
21,130,0.0039017341040462426
184,152,0.0045385779122541605
57,49,0.004355400696864111
31,50,0.0052122114668652275
54,201,0.0024587284861257463
54,151,0.0024587284861257463
183,11,0.0044472681067344345
67,163,0.0029503360104900836
136,61,0.002277294038847957
127,129,0.0037109109833914104
257,262,0.003431372549019608
46,218,0.005701254275940707
108,191,0.0022402205755643633
207,114,0.0028460543337645535
96,51,0.002770083102493075
22,209,0.003821399839098954
184,100,0.009077155824508321
201,148,0.0028089887640449437
128,169,0.00215633423180593
8,243,0.004437869822485207
202,65,0.003869858105202809
173,231,0.002331002331002331
3,191,0.0021400778210116734
124,261,0.003400435255712731
252,69,0.0023166023166023165
19,18,0.0020176082171680116
31,216,0.0022338049143708115
259,260,0.0038623595505617976
184,236,0.006051437216338881
31,132,0.0022338049143708115
128,90,0.00646900269541779
46,120,0.002280501710376283
57,61,0.006097560975609756
96,79,0.006463527239150508
94,255,0.002344877344877345
8,249,0.0029585798816568047
192,160,0.006253398586188146
194,193,0.003402646502835539
8,28,0.004437869822485207
240,226,0.0025889967637540453
184,170,0.006051437216338881
120,200,0.002827521206409048
64,155,0.0023596035865974517
31,196,0.0022338049143708115
9,146,0.003605227579990987
6,211,0.0024291497975708503
120,148,0.008482563619227144
96,228,0.0046168051708217915
184,185,0.009077155824508321
154,255,0.003401360544217687
221,256,0.002554278416347382
11,106,0.003129890453834116
240,183,0.003236245954692557
8,79,0.005917159763313609
240,76,0.003883495145631068
58,200,0.005797101449275362
196,168,0.002694354997699941
53,168,0.0041739894551845345
178,102,0.0027002700270027003
117,195,0.003985254558134901
184,183,0.01059001512859304
15,188,0.0024752475247524753
221,223,0.002554278416347382
15,166,0.0034653465346534654
221,230,0.0038314176245210726
96,238,0.002770083102493075
184,260,0.0030257186081694403
58,152,0.004347826086956522
240,68,0.005177993527508091
122,164,0.002938126512270999
73,102,0.0034398034398034397
183,130,0.00349428208386277
96,39,0.003693444136657433
15,225,0.0034653465346534654
171,235,0.002294630564479119
73,48,0.004422604422604423
252,136,0.002574002574002574
58,18,0.008695652173913044
57,181,0.003484320557491289
20,129,0.0028680688336520078
240,152,0.0025889967637540453
96,35,0.007386888273314866
252,243,0.0028314028314028314
58,263,0.007246376811594203
31,100,0.0029784065524944155
96,25,0.003693444136657433
46,179,0.0034207525655644243
183,152,0.00349428208386277
53,177,0.0041739894551845345
221,210,0.005108556832694764
192,244,0.0024469820554649264
154,148,0.003401360544217687
96,249,0.003693444136657433
221,35,0.006385696040868455
184,159,0.007564296520423601
153,163,0.007275666936135812
57,134,0.003484320557491289
57,87,0.002613240418118467
128,132,0.003234501347708895
221,80,0.002554278416347382
58,237,0.005797101449275362
154,222,0.006802721088435374
184,130,0.0045385779122541605
58,226,0.002898550724637681
214,178,0.0038022813688212928
57,192,0.003484320557491289
64,48,0.002831524303916942
31,13,0.0022338049143708115
154,25,0.009070294784580499
8,255,0.0073964497041420114
154,74,0.0045351473922902496
150,201,0.005638636920813925
154,79,0.0022675736961451248
183,163,0.0022236340533672173
120,143,0.00471253534401508
120,164,0.005655042412818096
124,260,0.0024483133841131663
240,126,0.004530744336569579
96,49,0.003693444136657433
185,223,0.0020717131474103584
240,25,0.003236245954692557
184,48,0.01059001512859304
98,167,0.004700720777185835
175,188,0.002541757443718228
135,48,0.0030621754759685795
221,40,0.006385696040868455
221,155,0.005108556832694764
8,43,0.0029585798816568047
184,262,0.006051437216338881
57,89,0.004355400696864111
208,184,0.0020987654320987655
178,12,0.0024002400240024004
57,191,0.002613240418118467
175,192,0.004720406681190995
96,72,0.00554016620498615
150,233,0.004903162539838196
252,188,0.002059202059202059
201,232,0.003121098626716604
175,237,0.002541757443718228
190,41,0.0029270332427346855
57,17,0.0078397212543554
171,39,0.007801743919229004
94,215,0.0036075036075036075
73,160,0.002457002457002457
96,189,0.00554016620498615
58,94,0.004347826086956522
154,37,0.0022675736961451248
57,222,0.002613240418118467
192,80,0.005165851005981512
203,182,0.0033766672294445383
19,164,0.002384446074834923
9,25,0.002253267237494367
78,66,0.002339086949507985
147,258,0.0020847810979847115
207,28,0.002069857697283312
31,107,0.0029784065524944155
46,18,0.01596351197263398
8,37,0.010355029585798817
96,181,0.0046168051708217915
57,155,0.0078397212543554
185,56,0.0022310756972111555
101,85,0.0021522733387140166
96,186,0.002770083102493075
46,126,0.005701254275940707
46,56,0.004561003420752566
46,107,0.002280501710376283
184,263,0.0045385779122541605
96,145,0.0110803324099723
184,168,0.019667170953101363
154,117,0.0045351473922902496
201,82,0.002184769038701623
9,35,0.0027039206849932404
153,82,0.002021018593371059
202,211,0.002149921169557116
184,147,0.009077155824508321
73,80,0.0034398034398034397
96,161,0.006463527239150508
240,31,0.0025889967637540453
184,220,0.0030257186081694403
15,215,0.0039603960396039604
214,13,0.0038022813688212928
221,39,0.0038314176245210726
120,263,0.006597549481621112
117,67,0.0042841486499950185
252,249,0.0028314028314028314
208,209,0.0022222222222222222
190,223,0.00334518084883964
184,129,0.006051437216338881
242,192,0.0023451657605798957
58,250,0.007246376811594203
259,17,0.004213483146067416
221,162,0.002554278416347382
21,124,0.0024566473988439307
9,112,0.003605227579990987
94,82,0.0025252525252525255
8,182,0.0029585798816568047
203,155,0.0027013337835556307
73,179,0.002457002457002457
46,222,0.005701254275940707
240,125,0.018122977346278317
8,185,0.004437869822485207
9,158,0.003605227579990987
73,231,0.0034398034398034397
120,119,0.006597549481621112
128,216,0.0026954177897574125
57,263,0.002613240418118467
184,138,0.0030257186081694403
240,170,0.003236245954692557
183,143,0.005717916137229987
101,75,0.01533494753833737
98,141,0.0025070510811657787
201,209,0.003121098626716604
46,39,0.0034207525655644243
57,241,0.005226480836236934
8,116,0.004437869822485207
16,155,0.0024993751562109472
192,143,0.002175095160413268
150,236,0.002451581269919098
120,20,0.00471253534401508
154,233,0.003401360544217687
46,205,0.0034207525655644243
73,143,0.0029484029484029483
46,216,0.0034207525655644243
220,55,0.0020742584526031943
19,137,0.00788701393983859
46,152,0.0068415051311288486
184,166,0.006051437216338881
8,24,0.004437869822485207
154,162,0.0022675736961451248
221,265,0.002554278416347382
46,80,0.002280501710376283
67,117,0.005245041796426815
108,74,0.002067895915905566
8,70,0.0029585798816568047
73,41,0.015724815724815724
208,232,0.002962962962962963
94,131,0.002344877344877345
8,152,0.005917159763313609
8,17,0.004437869822485207
154,36,0.003401360544217687
214,182,0.0038022813688212928
154,139,0.0022675736961451248
8,95,0.005917159763313609
15,208,0.0024752475247524753
8,49,0.0029585798816568047
150,69,0.0029418975239029173
64,173,0.004247286455875413
184,60,0.007564296520423601
214,188,0.0076045627376425855
150,141,0.003187055650894827
175,78,0.002541757443718228
184,32,0.015128593040847202
96,170,0.002770083102493075
8,196,0.0073964497041420114
8,63,0.0029585798816568047
8,50,0.004437869822485207
128,237,0.005929919137466307
98,164,0.002820432466311501
58,179,0.004347826086956522
184,259,0.009077155824508321
8,130,0.005917159763313609
8,258,0.0029585798816568047
184,169,0.01361573373676248
6,249,0.0024291497975708503
214,106,0.0038022813688212928
46,137,0.004561003420752566
184,78,0.01664145234493192
8,173,0.004437869822485207
15,229,0.0034653465346534654
64,146,0.0033034450212364322
16,90,0.0024993751562109472
221,246,0.006385696040868455
31,65,0.0022338049143708115
46,212,0.004561003420752566
8,162,0.0073964497041420114
73,37,0.008353808353808353
8,177,0.004437869822485207
214,79,0.0038022813688212928
31,211,0.004467609828741623
221,17,0.0038314176245210726
128,261,0.00215633423180593
221,11,0.0038314176245210726
6,36,0.0024291497975708503
57,148,0.006097560975609756
8,139,0.0029585798816568047
57,79,0.005226480836236934
221,125,0.002554278416347382
9,137,0.002253267237494367
46,45,0.002280501710376283
128,224,0.004851752021563342
184,246,0.0030257186081694403
15,193,0.0024752475247524753
221,148,0.0038314176245210726
31,170,0.005956813104988831
175,83,0.0039941902687000725
120,234,0.005655042412818096
8,80,0.0029585798816568047
58,122,0.004347826086956522
96,71,0.002770083102493075
57,131,0.003484320557491289
46,138,0.002280501710376283
15,39,0.0029702970297029703
58,100,0.002898550724637681
57,188,0.002613240418118467
240,233,0.005177993527508091
128,43,0.005390835579514825
31,146,0.0029784065524944155
46,87,0.002280501710376283
58,163,0.002898550724637681
221,232,0.005108556832694764
120,163,0.00942507068803016
57,232,0.004355400696864111
154,17,0.0045351473922902496
184,212,0.0045385779122541605
184,200,0.0030257186081694403
154,130,0.005668934240362812
53,139,0.004393673110720563
184,167,0.007564296520423601
184,174,0.01059001512859304
96,65,0.002770083102493075
8,107,0.0029585798816568047
214,256,0.0038022813688212928
221,79,0.002554278416347382
154,7,0.003401360544217687
73,19,0.0029484029484029483
221,211,0.005108556832694764
98,233,0.0021936696960200563
31,145,0.004467609828741623
58,142,0.002898550724637681
184,162,0.0030257186081694403
8,198,0.005917159763313609
57,238,0.005226480836236934
184,83,0.0045385779122541605
214,108,0.005703422053231939
184,230,0.006051437216338881
128,159,0.003234501347708895
58,119,0.005797101449275362
8,36,0.0073964497041420114
8,163,0.004437869822485207
8,68,0.004437869822485207
96,173,0.003693444136657433
184,233,0.0030257186081694403
154,53,0.0022675736961451248
58,246,0.004347826086956522
128,141,0.00431266846361186
54,91,0.003161222339304531
21,157,0.002023121387283237
15,55,0.0034653465346534654
240,211,0.011650485436893204
8,169,0.0029585798816568047
38,74,0.004356435643564357
221,1,0.002554278416347382
94,33,0.008658008658008658
128,10,0.010242587601078167
64,35,0.005191127890514393
57,33,0.003484320557491289
19,142,0.0020176082171680116
184,186,0.0030257186081694403
9,177,0.0027039206849932404
96,209,0.0046168051708217915
46,17,0.0034207525655644243
184,148,0.0030257186081694403
240,181,0.003236245954692557
210,151,0.0024632708718219406
29,262,0.002096143096702068
201,237,0.0024968789013732834
15,22,0.0024752475247524753
29,92,0.002096143096702068
46,71,0.002280501710376283
153,91,0.005254648342764754
9,219,0.0027039206849932404
203,238,0.00709100118183353
128,72,0.009164420485175202
46,191,0.0034207525655644243
221,236,0.002554278416347382
58,136,0.007246376811594203
221,138,0.0038314176245210726
31,241,0.004467609828741623
184,234,0.006051437216338881
120,79,0.005655042412818096
46,161,0.0034207525655644243
57,123,0.002613240418118467
57,231,0.002613240418118467
8,197,0.0029585798816568047
154,160,0.0022675736961451248
120,223,0.002827521206409048
6,61,0.004048582995951417
221,188,0.005108556832694764
154,97,0.0022675736961451248
46,167,0.005701254275940707
214,155,0.0038022813688212928
6,216,0.0032388663967611335
192,68,0.0024469820554649264
15,246,0.0039603960396039604
101,36,0.002421307506053269
58,212,0.002898550724637681
6,256,0.0024291497975708503
214,244,0.005703422053231939
221,97,0.0038314176245210726
9,17,0.002253267237494367
46,159,0.005701254275940707
128,254,0.0037735849056603774
57,170,0.006097560975609756
57,158,0.002613240418118467
128,158,0.005390835579514825
214,148,0.0038022813688212928
57,208,0.002613240418118467
46,63,0.0034207525655644243
8,234,0.004437869822485207
96,86,0.002770083102493075
58,16,0.002898550724637681
8,148,0.004437869822485207
57,107,0.004355400696864111
57,186,0.002613240418118467
46,95,0.002280501710376283
214,170,0.0038022813688212928
94,35,0.006313131313131313
46,102,0.002280501710376283
81,88,0.0035434995112414466
8,233,0.0029585798816568047
8,157,0.0029585798816568047
120,112,0.002827521206409048
154,177,0.003401360544217687
46,215,0.002280501710376283
46,226,0.004561003420752566
175,195,0.0032679738562091504
16,166,0.002749312671832042
120,159,0.00471253534401508
46,177,0.0034207525655644243
184,4,0.0030257186081694403
214,231,0.0076045627376425855
46,55,0.004561003420752566
201,65,0.003433208489388265
120,18,0.002827521206409048
184,76,0.0030257186081694403
8,119,0.0029585798816568047
183,108,0.00349428208386277
128,241,0.0037735849056603774
201,247,0.003745318352059925
46,108,0.002280501710376283
154,161,0.0022675736961451248
108,208,0.0024125452352231603
108,238,0.0025848698948819577
11,234,0.0026082420448617634
184,61,0.0045385779122541605
57,227,0.002613240418118467
8,93,0.0029585798816568047
194,146,0.003402646502835539
6,21,0.004858299595141701
8,92,0.004437869822485207
120,4,0.00471253534401508
221,56,0.002554278416347382
46,164,0.004561003420752566
128,174,0.0026954177897574125
214,163,0.0038022813688212928
58,233,0.008695652173913044
214,92,0.009505703422053232
57,141,0.002613240418118467
57,255,0.005226480836236934
108,144,0.00430811649146993
120,32,0.002827521206409048
184,145,0.007564296520423601
154,196,0.0022675736961451248
46,252,0.002280501710376283
9,81,0.0031545741324921135
184,121,0.0030257186081694403
122,234,0.002073971655720705
120,220,0.003770028275212064
178,116,0.0021002100210021
120,1,0.002827521206409048
46,89,0.005701254275940707
98,72,0.0021936696960200563
8,144,0.004437869822485207
15,184,0.0034653465346534654
9,229,0.006309148264984227
15,4,0.0034653465346534654
240,65,0.0025889967637540453
202,242,0.0024365773254980652
240,4,0.005177993527508091
221,137,0.010217113665389528
8,175,0.005917159763313609
8,112,0.005917159763313609
57,247,0.002613240418118467
221,189,0.002554278416347382
8,231,0.004437869822485207
120,7,0.00471253534401508
58,182,0.004347826086956522
58,223,0.005797101449275362
221,233,0.0038314176245210726
240,153,0.003236245954692557
8,25,0.0029585798816568047
221,7,0.008939974457215836
46,91,0.004561003420752566
108,183,0.0025848698948819577
128,139,0.004851752021563342
46,38,0.002280501710376283
9,237,0.002253267237494367
120,179,0.007540056550424128
154,33,0.0045351473922902496
16,235,0.0029992501874531365
81,257,0.0028103616813294234
184,132,0.0045385779122541605
46,162,0.0034207525655644243
101,143,0.002421307506053269
128,167,0.0026954177897574125
214,107,0.0038022813688212928
221,13,0.002554278416347382
154,263,0.0022675736961451248
46,79,0.002280501710376283
214,161,0.0038022813688212928
46,145,0.002280501710376283
153,35,0.002021018593371059
96,164,0.002770083102493075
31,231,0.0037230081906180195
9,212,0.0027039206849932404
58,108,0.002898550724637681
171,248,0.002294630564479119
221,163,0.002554278416347382
58,231,0.002898550724637681
184,188,0.0030257186081694403
58,148,0.002898550724637681
58,61,0.004347826086956522
58,186,0.002898550724637681
153,102,0.002021018593371059
240,130,0.003236245954692557
46,14,0.002280501710376283
96,41,0.002770083102493075
101,200,0.004304546677428033
200,101,0.002642706131078224
221,54,0.002554278416347382
31,17,0.0022338049143708115
46,234,0.002280501710376283
